"App","Export","EndpointCandidates","Source","Line","ArgumentPreview"
"管理端","setOpenType","/b/manageuser/setOpenType","components/cardToolbox/administer/card-set.js","190","u).then(function (n) { (e.show = !1), t.showToast({ title: 200 == n.code ? ""设置成功"" : n.msg, icon: ""none"", mask: !0,"
"管理端","getDefaultFee","/b/manageuser/getDefaultFee","components/cardToolbox/administer/renew.js","208","{ usercardId: e }).then(function (e) { var n = e.data, i = n.validDate, a = n.cardType, r = n.price, s = n.balanceAmount, o = n.balanceAmountDefault,"
"管理端","createAppCode","/b/wx/createAppCode","components/cardToolbox/getCard/index.js","89",").then(function (t) { 200 == t.code ? (n.qrCode = t.url) : e.showToast({ title: t.msg, icon: ""none"" }); }); }, handleCancelbtn: function () {"
"管理端","getShareKey","/b/manageuser/getShareKey","components/cardToolbox/getCard/index.js","103","t).then(function (t) { if (200 == t.code) { o = t.sharekey; var c = n.usercardId; n.$store.commit(""USER_CARD_ID"", { userCardId: c }); var r ="
"管理端","selectAllCardOfSite","/b/manageuser/selectAllCardOfSite","components/cardToolbox/immediatelyCard/new_card.js","58",").then(function (n) { var e = n.cardlist.sort(function (n, t) { return t.saleStatus - n.saleStatus; }); (t.cardList = e), (t.showCardList = e), 0"
"管理端","updateUserCardRemark","/b/manageuser/updateUserCardRemark","components/cardToolbox/member-details.js","449","{ userCardId: s, cardremark: t.explainText, }).then(function (s) { 200 == s.code ? ((n.cardRemark = t.explainText), (n.cardlist[n.cardlist.length -"
"管理端","getUserCardInfo","/b/manageuser/getUserCardInfo","components/cardToolbox/member-details.js","493","t).then(function (t) { 200 == t.code ? ((s.cardlist = t.cardlist), (s.dellist = t.dellist), s.cardlist && s.cardlist.length > 0 &&"
"管理端","findAllUser","/b/manageuser/findUser2","components/cardToolbox/member-details.js","530",").then(function (t) { (e.list = t.datalist), e.$emit(""headleList"", e.list); }); }, toggleCard: function (e, t) { if (t != this.cardlist.length - 1) { var s = ["
"管理端","findLastUserHoliday","/b/manageuser/findLastUserHoliday","components/cardToolbox/member-details.js","561","{ userCardId: this.itemList.userCardId, }).then(function (t) { e.leaveList = t.data; }); }, headleMark: function () { this.hasPermission(58) || this"
"管理端","updateUserTag","/b/manageuser/updateUserTag","components/cardToolbox/member-details.js","574","{ userId: i, tagValue: n }).then( function (t) { 200 == t.code ? (s.getlist({ userId: s.userIds }), e.showToast({ icon: ""none"", title: ""编辑成功 "" })) : e.sho"
"管理端","updateUserRemark","/b/manageuser/updateUserRemark","components/cardToolbox/member-details.js","590","{ userId: i, userRemark: n }).then( function (t) { 200 == t.code ? (s.getlist({ userId: s.userIds }), e.showToast({ icon: ""none"", title: ""编辑成功 "" })) : e.s"
"管理端","addUserCard","/b/manageuser/addUserCard","components/cardToolbox/member-details.js","619","t).then(function (t) { 200 == t.code ? (s.getlist({ userId: s.userIds }), e.showToast({ icon: ""none"", title: ""添加成功 "" })) : e.showToast({ icon: ""none"", title: t.msg });"
"管理端","findLastUserHoliday","/b/manageuser/findLastUserHoliday","components/cardToolbox/member-details.js","663","{ userCardId: t.itemList.userCardId, }).then(function (e) { t.$refs.leaveRef.open({ leaveList: e.data,"
"管理端","getLastStopUsercardLog","/b/manageuser/getLastStopUsercardLog","components/cardToolbox/member-details.js","681","{ userCardId: t.itemList.userCardId, }) ); case 17: (i = s.sent), t.$refs.stoppingRef."
"管理端","changeAmount","/b/manageuser/changeAmount","components/cardToolbox/member-details.js","713","t).then(function (t) { if (200 == t.code) { var n = s.userIds; s.getlist({ userId: n }), (s.ids = """"), e.showToast({ icon: ""none"", title: ""修改成功"" });"
"管理端","changeValidTime","/b/manageuser/changeValidTime","components/cardToolbox/member-details.js","724","t).then(function (t) { 200 == t.code ? (s.getlist({ userId: s.userIds }), (s.ids = """"), e.showToast({ icon: ""none"", title: ""修改成功"" })) : e.showToast({ icon: ""n"
"管理端","repaySubmit","/b/manageuser/repaySubmit","components/cardToolbox/member-details.js","734","t).then(function (t) { 200 == t.code ? (s.getlist({ userId: s.userIds }), (s.ids = """"), e.showToast({ icon: ""none"", title: ""续费成功"" })) : e.showToast({ icon: ""n"
"管理端","applyHoliday","/b/manageuser/applyHoliday","components/cardToolbox/member-details.js","746","t).then(function (t) { 200 == t.code ? e.showToast({ icon: ""none"", title: ""请假成功"" }) : e.showToast({ icon: ""none"", title: t.msg }), (s.$refs.leaveRef.shows = !1),"
"管理端","cancelHoliday","/b/manageuser/cancelHoliday","components/cardToolbox/member-details.js","753","{ userCardId: this.itemList.userCardId, sendMsg: t.sendMsg, }).then(function (t) { 200 == t.code ? (s.userId, e.showToast({"
"管理端","stopUsercard","/b/manageuser/stopUsercard","components/cardToolbox/member-details.js","769","t).then(function (t) { 200 == t.code ? (s.userIds, (s.ids = """"), e.showToast({ icon: ""none"", title: ""停卡成功"" })) : e.showToast({ icon: ""none"
"管理端","oneRidofstopCard","/b/manageuser/ridofstopCard","components/cardToolbox/member-details.js","778","t).then(function (n) { 200 == n.code ? (s.userIds, (s.ids = """"), (0, o.getLastStopUsercardLog)({ userCardId: t.userCardId,"
"管理端","getLastStopUsercardLog","/b/manageuser/getLastStopUsercardLog","components/cardToolbox/member-details.js","782","{ userCardId: t.userCardId, }), e.showToast({ icon: ""none"", title: ""解除成功"" })) : e.showToast({ icon: ""none"", title: n.msg }), (s.$ref"
"管理端","delUserCard","/b/manageuser/delUserCard","components/cardToolbox/member-details.js","798","{ delorderTag: this.delChecked, usercardId: s, }).then(function (s) { 200 == s.code ? (t.userIds, t.getlist({ userId: t.userIds }),"
"管理端","getSiteInfo","/b/platform/getSiteInfo | /b/site/getSiteInfo","components/expiredAlert/expiredAlert.js","141",").then(function (r) { if ((e.hideLoading(), 200 == r.code)) { var n = r.data, i = r.customServicer, o = r.servicerNickName, c = r.protocolURL,"
"管理端","saveLinkInfo","/b/linkage/saveLinkInfo","pageChain/brand/index.js","141","t).then(function (t) { n.showToast({ title: ""保存成功"", icon: ""none"", mask: !0, success: function () {"
"管理端","getAllCardPrice","/b/linkage/getAllCardPrice","pageChain/card/card-subject/index.js","209","{}).then(function (t) { if (270 == t.code) (n.groupCardList = []), (n.groupList = []), (n.singleCardList = []); else { var o = t.groupCardLi"
"管理端","getAllCardInfo","/b/card/getAllCardInfo | /b/linkage/getAllCardInfo","pageChain/card/home/home.js","118",").then(function (n) { if (270 == n.code) (t.status = 0), (t.cardList = []); else { (t.status = 1), (t.delCardCount = n.delCardCount); var e = n.cardlist.filter(function (t) {"
"管理端","changeToLinkcard","/b/linkage/changeToLinkcard","pageChain/card/home/subbranch-home.js","239","t).then(function (t) { 200 == t.code ? (n.setStorageSync(""isRefreshCardList"", !0), n.showToast({ icon: ""none"", title: ""操作成功"" }), setTimeout(function () {"
"管理端","getCardOfEachSite","/b/linkage/getCardOfEachSite","pageChain/card/home/subbranch-home.js","251",").then(function (t) { (n.subbranch = []), t.datalist.forEach(function (t, o) { var e = t.cardlist.filter(function (n) { return 1 == n.saleStatus; }),"
"管理端","saveGroupCourseList","/b/card/saveGroupCourseList | /b/linkage/saveGroupCourseList","pageChain/card/setting-more-subject/index.js","245","u).then(function (e) { t.hideLoading(), 200 == e.code && setTimeout(function () { t.$emit(""relationCourse""), t.navigateBack({ delta: 1 });"
"管理端","getGroupCourseList","/b/card/getGroupCourseList | /b/linkage/getGroupCourseList","pageChain/card/setting-more-subject/index.js","263","i).then(function (t) { (n.sitelist = t.sitelist), (n.ownerCount = t.siteCount), n.sitelist.forEach(function (t) { t.teamList.forEach(function (t) {"
"管理端","saveCommonCardCourse","/b/card/saveCommonCardCourse | /b/linkage/saveCommonCardCourse","pageChain/card/setting-single-subject/index.js","276","s).then(function (e) { t.hideLoading(), 200 == e.code && setTimeout(function () { t.$emit(""relationCourse""), t.navigateBack({ delta: 1 });"
"管理端","getOneCardPrice","/b/card/getOneCardPrice | /b/linkage/getOneCardPrice","pageChain/card/setting-single-subject/index.js","299","n).then(function (t) { (e.sitelist = t.sitelist), console.log(e.sitelist), (e.ownerCount = t.card.ownerCount), e.sitelist.forEach(function (t) { t.tea"
"管理端","detailcardreport","/b/linkage/detailcardreport","pageChain/cardStatistics/detailed-records.js","222","t).then(function (t) { (n.maindata = t.maindata), (n.cardInfo = t.cardInfo), (n.detailreport = t.datalist), n.detailreport.forEach(function (n) { n.list.forEach"
"管理端","delUserOrder","/b/userorder/delUserOrder","pageChain/cardStatistics/detailed-records.js","254","{ orderId: this.delOrderId }).then( function (e) { 200 == e.code ? (t.getList(), n.showToast({ title: ""操作成功"", icon: ""none"","
"管理端","saveOrderAmount","/b/userorder/saveOrderAmount","pageChain/cardStatistics/detailed-records.js","270","{ orderId: e, orderAmount: t }).then( function (t) { 200 == t.code ? (o.getList(), n.showToast({ title: ""操作成功"", icon: ""none"""
"管理端","saveRemark","/b/userorder/saveRemark","pageChain/cardStatistics/detailed-records.js","286","{ orderId: e, orderRemark: t.explainText, }).then(function (t) { 200 == t.code ? (o.getList(), n.showToast({ title: ""操作成功"","
"管理端","delUserOrder","/b/userorder/delUserOrder","pageChain/cardStatistics/index.js","115","{ orderId: this.delOrderId }).then( function (e) { 200 == e.code ? (n.loadSaleCardRecord(), t.showToast({ title: ""操作成功"", ico"
"管理端","saveOrderAmount","/b/userorder/saveOrderAmount","pageChain/cardStatistics/index.js","131","{ orderId: e, orderAmount: n }).then( function (n) { 200 == n.code ? (o.loadSaleCardRecord(), t.showToast({ title: ""操作成功"", i"
"管理端","saveRemark","/b/userorder/saveRemark","pageChain/cardStatistics/index.js","147","{ orderId: e, orderRemark: n.explainText, }).then(function (n) { 200 == n.code ? (o.loadSaleCardRecord(), t.showToast({ titl"
"管理端","mainreport","/b/linkage/mainreport","pageChain/cardStatistics/index.js","216","n).then(function (n) { 270 == n.code ? (t.isshow = !0) : (t.isshow = !1), (t.maindata = n.maindata), (t.cardList = n.cardlist), (t.depositCardcount = n.depositCardcount),"
"管理端","detailreport","/b/linkage/detailreport","pageChain/cardStatistics/index.js","232","n).then(function (n) { (t.detailreport = n.datalist), t.detailreport.forEach(function (t) { t.list.forEach(function (t) { t.showDown = !1; });"
"管理端","getAllStaff","/b/linkage/getAllStaff | /b/report2/getAllStaff | /b/staff/getAll","pageChain/configStaff/index.js","61",").then(function (n) { 270 == n.code ? (t.isshow = !0) : (t.isshow = !1), (t.datalist = n.datalist), (t.normalCount = n.normalCount), (t.leaveCount = n.leaveCount); })"
"管理端","savestaff","/b/linkage/savestaff | /b/staff/savestaff","pageChain/configStaff/staff-edit.js","217","o).then(function (o) { t.hideLoading(), 200 == o.code ? ((e.savedis = !0), t.showToast({ title: ""保存成功"", icon: ""n"
"管理端","changeStatus","/b/linkage/changeStatus","pageChain/configStaff/staff-edit.js","240","o).then(function (o) { t.hideLoading(), 200 == o.code && ((e.savedis = !0), t.showToast({ title: ""保存成功"", icon: ""none"","
"管理端","changeStatus","/b/linkage/changeStatus","pageChain/configStaff/staff-edit.js","296","e).then(function (e) { t.hideLoading(), 200 == e.code && t.showToast({ title: ""删除成功"", icon: ""none"", mask: !0,"
"管理端","calendarList","/b/linkage/CalendarList","pageChain/courseStatistics/compontents/calendar-month.js","26",").then(function (t) { n.calendarList = t.data; }); }, open: function (n, t) { (this.year = n), (this.month = t), this.getdata(), (this.calendarM"
"管理端","getOnestaffInMonthDetail","/b/linkage/getOnestaffInMonthDetail","pageChain/courseStatistics/detailed.js","212","t).then(function (t) { e.list = t.list; }) : (0, s.findPrivateAppontmentofStaffuserid)(t).then( function (t) { (e.signNum = t.signokCount),"
"管理端","findPrivateAppontmentofStaffuserid","/b/linkage/findPrivateAppontmentofStaffuserid","pageChain/courseStatistics/detailed.js","215","t).then( function (t) { (e.signNum = t.signokCount), (e.cancelNym = t.cancelCount), (e.privateList = t.data); }, ); },"
"管理端","findPrivateAppontmentofStaffuserid","/b/linkage/findPrivateAppontmentofStaffuserid","pageChain/courseStatistics/detailed.js","227","this.parma).then( function (e) { (t.signNum = e.signokCount), (t.cancelNym = e.cancelCount), (t.privateList = e.data); }, ); },"
"管理端","getOnestaffInMonthDetail","/b/linkage/getOnestaffInMonthDetail","pageChain/courseStatistics/detailed.js","239","this.parma).then(function (e) { t.list = e.list; }); }, radioGroupChange: function (t) { var e = this; 1 == t ? (0, s.getOnestaffInMonthSum)(this.parma).then("
"管理端","getOnestaffInMonthSum","/b/linkage/getOnestaffInMonthSum","pageChain/courseStatistics/detailed.js","246","this.parma).then(function (t) { e.summaryList = t.list; }) : this.getList(this.parma); }, headleDelete: function () { 1 == this.isPrivate ? t.navigateTo"
"管理端","staffByMonth","/b/linkage/staffByMonth","pageChain/courseStatistics/index.js","221","t).then(function (t) { 270 == t.code ? (e.isshow = !0) : (e.isshow = !1), (e.list = t.rankstaff); }); }, changeDate: function (t) { (this.parma.year = t.Value.split(""-"")[0]),"
"管理端","getlist","/b/linkage/getLinkSite","pageChain/storesManagement/index.js","123",").then(function (n) { (n.datalist = n.datalist.map(function (t) { return (function (t) { for (var n = 1; n < arguments.length; n++) { var e = null != arguments[n] ? arguments[n] : {};"
"管理端","delShop","/b/linkage/deleteSiteBysiteOwner","pageChain/storesManagement/index.js","220","{ siteId: e.delFingerprint }).then( function (n) { 200 == n.code && ((e.delshow = !1), (e.datalist = n.datalist), t.showToast({ icon: ""none"", titl"
"管理端","createAppCode","/b/wx/createAppCode","pageConfig/appointment/index.js","42","{}).then(function (n) { t.url = n.url; }); }, methods: { saveCode: function () { t.downloadFile({ url: this.url, success: fu"
"管理端","getAllAppointConfig","/b/setting/getAppointSetting","pageConfig/appointSetting/index.js","237",").then(function (n) { 200 == n.code && (t.allConfig = n.conf); }); }, openConfig: r(e(""3387"")).default.throttle( (function () { var t = (0, s.default)("
"管理端","saveAppointConfig","/b/setting/saveAppointSetting","pageConfig/appointSetting/index.js","325","e).then(function (e) { 200 === e.code ? (t.showToast({ title: ""保存成功"", icon: ""none"" }), (n.show = !1), n.allAppointConfig()) : 301 === e.co"
"管理端","getuserFieldSetting","/b/setting/getuserFieldSetting","pageConfig/membership/index.js","65",").then(function (e) { (n.isLoading = !1), 200 == e.code ? (n.userList = e.configlist) : t.showToast({"
"管理端","getStaffInWorking","/b/course/getStaffInWorking","pageConfig/reminderSettings/index.js","244",").then(function (n) { if (200 == n.code) { var i = e.selectedManagers.map(function (t) { return t.staffUserid; }); (e.teacherList = n.data.map(function (t) {"
"管理端","exportuser","/b/export/exportuser","pageConfig/shopReport/index.js","143",").then(function (o) { var i = """"; e.getSystemInfo({ success: function (n) { i = n.platform; }, }),"
"管理端","exportcard","/b/export/exportcard","pageConfig/shopReport/index.js","198",").then(function (o) { var i = """"; e.getSystemInfo({ success: function (n) { i = n.platform; }, }),"
"管理端","findExportLog","/b/export/findExportLog","pageConfig/shopReport/index.js","285",").then(function (t) { 200 == t.code && ((n.listLog = t.data), (n.isloadingCompleted = !0)); }); }, }, onShow: function () { this.initdata();"
"管理端","addUserPoint","/b/report2/addUserPoint","pageMember/components/addPoint.js","73","n).then(function (n) { 200 == n.code ? t.showToast({ title: e.textflag + ""成功"", icon: ""none"","
"管理端","substractUserPoint","/b/report2/substractUserPoint","pageMember/components/addPoint.js","89","n).then(function (n) { 200 == n.code ? t.showToast({ title: e.textflag + ""成功"", icon: ""none"","
"管理端","calendarList","/b/linkage/CalendarList","pageMember/components/calendar-month.js","104",").then(function (e) { n.calendarList = e.data; }); }, open: function (n, e) { (this.year = n), (this.month = e), this.getdata(),"
"管理端","setOpenType","/b/manageuser/setOpenType","pageMember/components/card-set.js","192","u).then(function (n) { (t.show = !1), e.showToast({ title: 200 == n.code ? ""设置成功"" : n.msg, icon: ""none"", mask: !0,"
"管理端","editPointLog","/b/report2/editPointLog","pageMember/components/editPoint.js","97","t).then(function (t) { 200 == t.code ? n.showToast({ title: ""修改积分成功"", icon: ""none"", mask: !0,"
"管理端","selectAllCardOfSite","/b/manageuser/selectAllCardOfSite","pageMember/components/immediatelyCard/new_card.js","56",").then(function (e) { var n = e.cardlist.sort(function (e, n) { return n.saleStatus - e.saleStatus; }); (t.cardList = n), (t.showCardList = n); }),"
"管理端","transferToUser","/b/manageuser/transferToUser","pageMember/components/make-over.js","74","o).then(function (o) { 200 == o.code ? (e.$refs.confirmModal.show = !0) : 601 == o.code ? (e.$refs.confirmModalFail.show = !0) : n.showToa"
"管理端","getsalestaffuserid","/b/manageuser/getsalestaffuserid","pageMember/components/membershipConsultant.js","28",").then(function (t) { null == t.data || 0 == t.data.length ? (n.delShow = !0) : ((n.trainerList = t.data), (n.trainerPopupShow = !0)); }); }, changetrainer: f"
"管理端","findHistoryGroupName","/b/card/findHistoryGroupName","pageMember/components/quantity.js","101",").then(function (n) { t.projectHistory = n.list; }), this.balanceCardList && this.balanceCardList.map(function (n) { null != n.amountTimeCard &&"
"管理端","getOrderListByUserCardId","/b/manageuser/getOrderListByUserCardId","pageMember/components/userCard/amount-paid.js","62","t).then(function (t) { (n.list = t.list), 1 == n.list.length ? n.list.forEach(function (n) { n.inputshow = !0; }) :"
"管理端","updateUserCardRemark","/b/manageuser/updateUserCardRemark","pageMember/components/userCard/card-management.js","156","{ userCardId: n, cardremark: t.explainText, }).then(function (n) { 200 == n.code ? (i.getcardRemark(t.explainText), (i.itemList.cardRema"
"管理端","findLastUserHoliday","/b/manageuser/findLastUserHoliday","pageMember/components/userCard/card-management.js","201","{ userCardId: t.itemList.userCardId, }).then(function (e) { (t.leaveList = e.data), t.$refs.leaveRef.open({"
"管理端","getLastStopUsercardLog","/b/manageuser/getLastStopUsercardLog","pageMember/components/userCard/card-management.js","221","{ userCardId: t.itemList.userCardId, }) ); case 16: (i = n.sent), t.$refs."
"管理端","applyHoliday","/b/manageuser/applyHoliday","pageMember/components/userCard/card-management.js","273","t).then(function (t) { 200 == t.code ? (n.itemList.userId, (n.ids = """"), e.showToast({ icon: ""none"", title: ""请假成功"" }), (n.show"
"管理端","cancelHoliday","/b/manageuser/cancelHoliday","pageMember/components/userCard/card-management.js","282","{ userCardId: this.itemList.userCardId, }).then(function (t) { 200 == t.code ? (n.itemList.userId, (n.ids = """"),"
"管理端","changeValidTime","/b/manageuser/changeValidTime","pageMember/components/userCard/card-management.js","295","t).then(function (t) { 200 == t.code ? (n.itemList.userId, e.showToast({ icon: ""none"", title: ""修改成功"" })) : e.showToast({ icon: ""none"", title: t.msg }),"
"管理端","stopUsercard","/b/manageuser/stopUsercard","pageMember/components/userCard/card-management.js","306","t).then(function (t) { 200 == t.code ? (n.itemList.userId, e.showToast({ icon: ""none"", title: ""修改成功"" })) : e.showToast({ icon: ""none"", title: t.msg }),"
"管理端","oneRidofstopCard","/b/manageuser/ridofstopCard","pageMember/components/userCard/card-management.js","313","t).then(function (t) { 200 == t.code ? (n.userId, e.showToast({ icon: ""none"", title: ""解除成功"" })) : e.showToast({ icon: ""none"", title: t.msg }),"
"管理端","changeAmount","/b/manageuser/changeAmount","pageMember/components/userCard/card-management.js","324","t).then(function (t) { 200 == t.code ? (n.itemList.userId, e.showToast({ icon: ""none"", title: ""修改成功"" })) : e.showToast({ icon: ""none"", title: t.msg }),"
"管理端","repaySubmit","/b/manageuser/repaySubmit","pageMember/components/userCard/card-management.js","364","t).then(function (t) { 200 == t.code ? (n.userId, e.showToast({ icon: ""none"", title: ""续费成功"" }), n.$emit(""updateCardInfo"")) : e.showToast({ icon: ""no"
"管理端","findModifyLog","/b/manageuser/findModifyLog","pageMember/components/userCard/card-management.js","375","{ userCardId: this.itemList.userCardId, }).then(function (t) { (e.recordList = t.datalist), e.$emit(""aa"", e.recordList); }); }, }, computed:"
"管理端","recoverUserCard","/b/manageuser/recoverUserCard","pageMember/del-card/del-card.js","178","n).then(function (n) { 200 == n.code ? (t.showToast({ icon: ""none"", title: ""恢复成功"" }), t.setStorageSync(""isRefreshCardList"", !0), setTimeout(function () {"
"管理端","getDelUserList","/b/manageuser/getDelUserList","pageMember/del-member/del-member.js","168","{}).then(function (e) { (t.config = e.config), (t.list = e.list), (t.totalCount = e.totalCount); }); }, deleteBtnClick: function () {"
"管理端","unDeleteUser","/b/manageuser/unDeleteUser","pageMember/del-member/del-member.js","178","n).then(function (n) { 200 == n.code ? (t.showToast({ icon: ""none"", title: ""恢复成功"" }), t.setStorageSync(""isRefreshlist"", !0), setTimeout(function () {"
"管理端","getOneUserCardInfo","/b/manageuser/getOneUserCardInfo","pageMember/details/card-consumption.js","206","e).then(function (e) { (n.personalTainerInfo = e.user), (n.card = e.cardInfo), (n.noLogin = e.user.noLogin); }); }, fundsReceived: function () {"
"管理端","computeAgain","/b/report2/computeAgain","pageMember/details/card-consumption.js","233",").then(function (t) { 200 == t.code ? ((e.num = e.num + 1), e.setDailyCache(""storage_recount_money"", e.num), (e.$refs.confirmModal.show = !0)) : n.s"
"管理端","saveOrderAmount1","/b/manageuser/saveOrderAmount","pageMember/details/card-consumption.js","257","r).then(function (e) { 200 == e.code ? (n.showToast({ icon: ""none"", title: ""修改成功 "" }), t.getCard()) : n.showToast({ icon: ""none"", title: e.msg });"
"管理端","changeInitCardAmount","/b/manageuser/changeInitCardAmount","pageMember/details/card-consumption.js","282","r).then(function (e) { 200 == e.code ? (n.showToast({ icon: ""none"", title: ""修改成功 "" }), (t.isrelaod = !0), t.getCard()) : n.showToast({ icon: ""none"","
"管理端","setUserNoLogin","/b/manageuser/setUserNoLogin","pageMember/details/cardDetail.js","604","{ userId: this.userId, noLoginValue: t, }).then(function (a) { 200 == a.code ? ((n.noLogin = t), e.showToast({"
"管理端","saveStaffRemark","/b/mainplan/saveStaffRemark","pageMember/details/cardDetail.js","631","{ appointId: t, staffRemark: n.explainText, }).then(function (n) { 200 == n.code ? (setTimeout(function () { a.getAppointment(a.parameter);"
"管理端","updateUserCardRemark","/b/manageuser/updateUserCardRemark","pageMember/details/cardDetail.js","649","{ userCardId: t, cardremark: n.explainText, }).then(function (t) { 200 == t.code ? (a.getCard(), (a.cardRemark = n.explainText),"
"管理端","getOneUserCardInfo","/b/manageuser/getOneUserCardInfo","pageMember/details/cardDetail.js","715","t).then(function (n) { (e.personalTainerInfo = n.user), (e.card = n.cardInfo), (e.noLogin = n.user.noLogin); });"
"管理端","getSumCardInfo","/b/manageuser/getSumCardInfo","pageMember/details/cardDetail.js","730","n).then(function (n) { 200 === n.code ? (t.totalPayAmount = n.user) : e.showToast({ title: n.msg, icon: ""none"" }); }); }, getAppointment: function (n, t) {"
"管理端","findUserAppointList","/b/manageuser/findUserAppointList | /b/report2/findUserAppointList","pageMember/details/cardDetail.js","740","n).then(function (n) { if (200 == n.code) { n.list.forEach(function (e) { e.showDown = !1; }), t || (a.appointmentList = []);"
"管理端","findModifyLog","/b/manageuser/findModifyLog","pageMember/details/cardDetail.js","759","n).then(function (n) { if (200 == n.code) { t || (a.recordList = []); var r = a.recordList ? a.recordList : []; (a.recordList = [].concat( (0, c.defau"
"管理端","findAmountChangeLog","/b/manageuser/findAmountChangeLog","pageMember/details/cardDetail.js","775","n).then(function (n) { if (200 == n.code) { t || (a.amountChangeLog = []); var r = a.amountChangeLog ? a.amountChangeLog : []; (a.amountChangeLog = [].concat("
"管理端","findPunishLog","/b/manageuser/findPunishLog","pageMember/details/cardDetail.js","791","n).then(function (n) { if (200 == n.code) { t || (a.penaltyRecord = []); var r = a.penaltyRecord ? a.penaltyRecord : []; (a.penaltyRecord = [].concat("
"管理端","getShareKey","/b/manageuser/getShareKey","pageMember/details/cardDetail.js","823","t).then(function (t) { if (200 == t.code) { (a = t.sharekey), n.card.userId; var r = n.card.userCardId; n.$store.commit(""USER_CARD_ID"", { userCardId: r }); var o"
"管理端","updateUserRemark","/b/manageuser/updateUserRemark","pageMember/details/cardDetail.js","852","{ userId: r, userRemark: a }).then( function (n) { 200 == n.code ? (t.getCard(), e.showToast({ icon: ""none"", title: ""编辑成功 "" })) : e.showToast({ icon: ""non"
"管理端","updateUserTag","/b/manageuser/updateUserTag","pageMember/details/cardDetail.js","868","{ userId: r, tagValue: a }).then( function (n) { 200 == n.code ? (t.getCard(), e.showToast({ icon: ""none"", title: ""编辑成功 "" })) : e.showToast({ icon: ""none"""
"管理端","createAppCode","/b/wx/createAppCode","pageMember/details/cardDetail.js","885",").then(function (t) { 200 == t.code ? ((n.qrCode = t.url), (n.qrCode = t.url), (n.$refs.confirmModal.show = !0)) : e.showToast({ title: t.msg, icon: ""none"" })"
"管理端","delUserCard","/b/manageuser/delUserCard","pageMember/details/cardDetail.js","916","n).then(function (n) { 200 == n.code ? e.showToast({ title: ""删除成功"", icon: ""none"", mask: !0, success: function () {"
"管理端","addUserCard","/b/manageuser/addUserCard","pageMember/details/cardDetail.js","936","a).then(function (n) { 200 == n.code ? (t.getCard(), e.hideLoading(), e.showToast({ icon: ""none"", title: ""添加成功 "" })) : e.showToast({ icon: ""none"", t"
"管理端","saveOrderAmount1","/b/manageuser/saveOrderAmount","pageMember/details/cardDetail.js","956","a).then(function (n) { 200 == n.code ? (e.showToast({ icon: ""none"", title: ""修改成功 "" }), t.getCard()) : e.showToast({ icon: ""none"", title: n.msg }); });"
"管理端","findUserAppointList","/b/manageuser/findUserAppointList | /b/report2/findUserAppointList","pageMember/details/courseDetail.js","125","e).then(function (e) { (t.isLoadMore = !0), (t.hasNext = e.hasNext), (t.totalcount = e.totalcount), (t.monthcount = e.monthcount); var n = e.lis"
"管理端","setUserNoLogin","/b/manageuser/setUserNoLogin","pageMember/details/index.js","241","{ userId: this.userId, noLoginValue: t, }).then(function (r) { 200 == r.code ? ((n.noLogin = t), e.showToast({"
"管理端","saveStaffRemark","/b/mainplan/saveStaffRemark","pageMember/details/index.js","365","{ appointId: t, staffRemark: n.explainText, }).then(function (n) { 200 == n.code ? e.showToast({ title: ""操作成功"","
"管理端","updateUserCardRemark","/b/manageuser/updateUserCardRemark","pageMember/details/index.js","380","{ userCardId: t, cardremark: n.explainText, }).then(function (n) { 200 == n.code ? (r.getlist({ userId: r.parameter.userId }), e.showToa"
"管理端","getUserCardInfo","/b/manageuser/getUserCardInfo","pageMember/details/index.js","438","e).then(function (e) { (n.personalTainerInfo = e.user), (n.cardlist = e.cardlist), (n.userField = e.userField), (n.dellist = e.dellist), (n.noLogin = e."
"管理端","getSumCardInfo","/b/manageuser/getSumCardInfo","pageMember/details/index.js","466","n).then(function (n) { 200 === n.code ? (t.totalPayAmount = n.user) : e.showToast({ title: n.msg, icon: ""none"" }); }); }, changeIndex: function (e"
"管理端","getShareKey","/b/manageuser/getShareKey","pageMember/details/index.js","493","t).then(function (t) { if (200 == t.code) { (r = t.sharekey), n.userId; var a = n.parameter.userCardId; n.$store.commit(""USER_CARD_ID"", { userCardId: a });"
"管理端","updateUserRemark","/b/manageuser/updateUserRemark","pageMember/details/index.js","522","{ userId: a, userRemark: r }).then( function (n) { 200 == n.code ? (t.getlist({ userId: t.parameter.userId }), e.showToast({ icon: ""none"", title: ""编辑成功 "" }))"
"管理端","updateUserTag","/b/manageuser/updateUserTag","pageMember/details/index.js","538","{ userId: a, tagValue: r }).then( function (n) { 200 == n.code ? (t.getlist({ userId: t.parameter.userId }), e.showToast({ icon: ""none"", title: ""编辑成功 "" }))"
"管理端","createAppCode","/b/wx/createAppCode","pageMember/details/index.js","555",").then(function (t) { 200 == t.code ? ((n.qrCode = t.url), (n.qrCode = t.url), (n.$refs.confirmModal.show = !0)) : e.showToast({ title: t.msg, icon:"
"管理端","delUserCard","/b/manageuser/delUserCard","pageMember/details/index.js","587","n).then(function (n) { 200 == n.code ? (t.getlist({ userId: t.parameter.userId }), e.showToast({ icon: ""none"", title: ""删除成功 "" })) : e.showToast({ icon: ""none"", title: n.msg"
"管理端","addUserCard","/b/manageuser/addUserCard","pageMember/details/index.js","614","r).then(function (n) { 200 == n.code ? (t.getlist({ userId: t.parameter.userId }), t.getSumCardInfo({ userId: t.parameter.userId }), e.hideLoading(),"
"管理端","delPointLog","/b/report2/delPointLog","pageMember/details/memberPoint.js","130","{ nnid: this.nnid }).then(function (e) { 200 == e.code ? (n.reGetList(), t.showToast({ title: ""操作成功"", icon: ""none"","
"管理端","PointListByUserId","/b/report2/PointListByUserId","pageMember/details/memberPoint.js","147","{ userId: this.userId, pageno: this.pageno, pagesize: this.pagesize, }).then(function (n) { var e; (t.totalPoint = n.userInfo.totalPoint),"
"管理端","userOrderList","/b/report2/userOrderList","pageMember/details/rechargeAmount.js","93","{ userId: this.userId }).then( function (t) { (e.detailList = t.detailList), (e.totalPayAmount = t.totalAmount); }, ); },"
"管理端","saveRemark","/b/userorder/saveRemark","pageMember/details/rechargeAmount.js","133","{ orderId: n, orderRemark: t.explainText, }).then(function (t) { 200 == t.code ? (r.getList(), e.showToast({"
"管理端","saveOrderAmount1","/b/manageuser/saveOrderAmount","pageMember/details/rechargeAmount.js","168","o).then(function (t) { 200 == t.code ? (e.showToast({ icon: ""none"", title: ""修改成功 "" }), n.getList()) : e.showToast({ icon: ""none"", title: t.msg });"
"管理端","delUserOrder","/b/userorder/delUserOrder","pageMember/details/rechargeAmount.js","183","{ orderId: this.delOrderId }).then( function (n) { 200 == n.code ? (t.getList(), e.showToast({ title: ""操作成功"","
"管理端","findUserAppointOne","/b/manageuser/findUserAppointOne","pageMember/details/recordDetails.js","94","{ appointId: this.appointId }).then( function (a) { 200 == a.code ? (n.data = a.data) : t.showToast({ title: a.msg, icon: ""none"", mask: !0 }); },"
"管理端","getUserCardInfo","/b/manageuser/getUserCardInfo","pageMember/information/index.js","172","e).then(function (e) { (t.personalTainerInfo = e.user), (t.userField = e.userField), (t.avatar = e.user.userFaceurl), t.userId && ((t.salestaffuserNam"
"管理端","getuserFieldSetting","/b/setting/getuserFieldSetting","pageMember/information/index.js","195",").then(function (t) { e.userField = t.configlist; }); }, getMenberList: function () { (0, n.findAllUser)({ pageNo: 1, pagesize: 9999 }).then( function ("
"管理端","findAllUser","/b/manageuser/findUser2","pageMember/information/index.js","200","{ pageNo: 1, pagesize: 9999 }).then( function (e) {}, ); }, headlePicker: function (e) { var t = this; if ( ((this.isShowSelector = !0"
"管理端","saveuser","/b/manageuser/saveuser","pageMember/information/index.js","326","r).then(function (i) { if (200 == i.code) { var s = r.userId ? ""编辑成功"" : ""会员添加成功""; r.userId && t.getlist({ userId: r.userId }), t.getMenberList(), e."
"管理端","delUser","/b/manageuser/delUser","pageMember/information/index.js","350","{ delorderTag: this.delChecked, userId: r, }).then(function (i) { 200 == i.code ? (t.getlist({ userId: r }), e.showToast({"
"管理端","adduserbatch","/b/manageuser/adduserbatch","pageMember/information/index.js","385","{ data: this.explainText }).then( function (i) { 200 == i.code ? (r.userId && t.getlist({ userId: r.userId }), t.getMenberList(), i.failCount"
"管理端","getSaleStaffList","/b/report2/getSaleStaffList","pageMember/screen.js","597",").then(function (i) { var e; (e = t.stafflist).push.apply(e, (0, s.default)(i.datalist)), t.stafflist.forEach(function (t) { t.active = !1; }); })"
"管理端","addUserCard","/b/manageuser/addUserCard","pageMember/screen.js","618","a).then(function (i) { t.hideLoading(), 200 == i.code ? ((e.cardcount = i.cardcount), (e.popupttext = 3), (e.popupShow = !0),"
"管理端","alluserridofstopCard","/b/manageuser/alluserridofstopCard","pageMember/screen.js","653","{}).then(function (e) { t.hideLoading(), 200 == e.code ? ((i.cardcount = e.cardcount), (i.popupttext = 1), (i.popupShow = !0),"
"管理端","batchridofstopCard","/b/manageuser/batchridofstopCard","pageMember/screen.js","675","{ userIds: e }).then(function (e) { t.hideLoading(), 200 == e.code ? ((i.cardcount = e.cardcount), (i.popupttext = 1), (i.popupShow = !0),"
"管理端","findbatchUserCardList","/b/manageuser/findbatchUserCardList","pageMember/screen.js","784","{ userIds: i }).then( function (i) { (t.balanceCardList = i.cardlist), t.balanceCardList.map(function (t) { (t.flag = !1),"
"管理端","batchchangeAmount","/b/manageuser/batchchangeAmount","pageMember/screen.js","811","a).then(function (i) { t.hideLoading(), 200 == i.code ? ((e.cardcount = i.cardcount), (e.popupttext = 2), (e.popupShow = !0),"
"管理端","alluserstopUsercard","/b/manageuser/alluserstopUsercard","pageMember/screen.js","856","s).then(function (i) { t.hideLoading(), 200 == i.code ? ((n.cardcount = i.cardcount), (n.popupttext = 2), (n.popupShow = !0),"
"管理端","batchstopUsercard","/b/manageuser/batchstopUsercard","pageMember/screen.js","876","r).then(function (i) { t.hideLoading(), 200 == i.code ? ((n.cardcount = i.cardcount), (n.popupttext = 2), (n.popupShow = !"
"管理端","batchridofstopCard","/b/manageuser/batchridofstopCard","pageMember/screen.js","889","{ userIds: c }).then( function (i) { t.hideLoading(), 200 == i.code ? ((n.cardcount = i.cardcount), (n.popupttext = 1),"
"管理端","allUserchangeValidTime","/b/manageuser/allUserchangeValidTime","pageMember/screen.js","926","a).then(function (i) { t.hideLoading(), 200 == i.code ? ((e.cardcount = i.cardcount), (e.popupttext = 2), (e.popupShow = !0),"
"管理端","batchchangeValidTime","/b/manageuser/batchchangeValidTime","pageMember/screen.js","947","n).then(function (i) { t.hideLoading(), 200 == i.code ? ((e.cardcount = i.cardcount), (e.popupttext = 2), (e.popupShow = !0),"
"管理端","findbatchUserCardList","/b/manageuser/findbatchUserCardList","pageMember/screen.js","983","{ userIds: i }).then( function (i) { (t.balanceCardList = i.cardlist), t.balanceCardList.map(function (t) { (t.flag = !1), (t.num = null),"
"管理端","findAllUser2","/b/manageuser/findUser2","pageMember/screen.js","1202","e).then(function (t) { (i.totalCount = t.totalCount), t.datalist.forEach(function (t) { var e = t.userId, a = i.screenList.find(function (t) { return"
"管理端","findUser","/b/manageuser/findUser2","pageMember/screen.js","1292","{ sumMode: this.sumMode, runOff: this.runOff, }).then(function (i) { (t.screenList = i.datalist), (t.allNumTimes = i.totalCount), (t.isloa"
"管理端","findUser","/b/manageuser/findUser2","pageMember/search.js","213","t).then(function (t) { var n = e.parameter.keywords; if (n) { var a = new RegExp(n, ""g""); t.datalist.forEach(function (t) { t.userRealname.search(""/"".co"
"管理端","findUser","/b/manageuser/findUser2","pageMember/search.js","249","t).then(function (t) { e.lists = t.datalist; }); }, headleDelete: function (t) { this.href({ url: ""/pageMember/details/index?userId="".concat(t),"
"管理端","staffByMonth","/b/linkage/staffByMonth","pageReport/coach/classStatistics.js","195","t).then(function (t) { e.list = t.rankstaff; }); }, dateClick: function (t) { this.dateList.forEach(function (t) { t.active = !1; }), (t.active ="
"管理端","getOnestaffInMonthDetail","/b/linkage/getOnestaffInMonthDetail","pageReport/coach/detailed.js","183","t).then(function (t) { e.list = t.list; }) : (0, s.findPrivateAppontmentofStaffuserid)(t).then( function (t) { (e.signNum = t.signokCount),"
"管理端","findPrivateAppontmentofStaffuserid","/b/linkage/findPrivateAppontmentofStaffuserid","pageReport/coach/detailed.js","186","t).then( function (t) { (e.signNum = t.signokCount), (e.cancelNym = t.cancelCount), (e.privateList = t.data); }, ); },"
"管理端","findPrivateAppontmentofStaffuserid","/b/linkage/findPrivateAppontmentofStaffuserid","pageReport/coach/detailed.js","198","this.parma).then( function (e) { (t.signNum = e.signokCount), (t.cancelNym = e.cancelCount), (t.privateList = e.data); }, ); },"
"管理端","getOnestaffInMonthDetail","/b/linkage/getOnestaffInMonthDetail","pageReport/coach/detailed.js","210","this.parma).then(function (e) { t.list = e.list; }); }, radioGroupChange: function (t) { var e = this; 1 == t ? (0, s.getOnestaffInMonthSum)(this.parma).then("
"管理端","getOnestaffInMonthSum","/b/linkage/getOnestaffInMonthSum","pageReport/coach/detailed.js","217","this.parma).then(function (t) { e.summaryList = t.list; }) : this.getList(this.parma); }, headleDelete: function () { 1 == this.isPrivate ? t.navigateTo"
"管理端","calendarList","/b/linkage/CalendarList","pageReport/component/calendar-month.js","98",").then(function (t) { n.calendarList = t.data; }); }, open: function (n, t) { (this.year = n), (this.month = t), this.getdata(), (this.calendarM"
"管理端","calendarList","/b/linkage/CalendarList","pageReport/component/calendar-year.js","23",").then(function (e) { n.calendarList = e.data; }); }, open: function (n) { (this.year = n + ""年""), this.getdata(), (this.calendarMonthPopupShow = !0);"
"管理端","ReComputeSalary","/b/report2/ReComputeSalary","pageReport/component/head-hint/head-hint.js","40",").then(function (o) { 200 == o.code ? ((t.$refs.consumptionConfirmModal.show = !1), (t.$refs.succConfirmModal.show = !0)) : n.showToast({ icon: ""none"", title: o.msg"
"管理端","sumSaleSalary","/b/report2/sumSaleSalary","pageReport/component/head-hint/head-hint.js","47",").then(function (o) { 200 == o.code ? ((t.$refs.consumptionConfirmModal.show = !1), (t.$refs.succConfirmModal.show = !0)) : n.showToast({ icon: ""none"", title: o.msg"
"管理端","ReComputeSalary","/b/report2/ReComputeSalary","pageReport/course/courseReportForm.js","49",").then(function (e) { 200 == e.code ? ((n.$refs.consumptionConfirmModal.show = !1), (n.$refs.succConfirmModal.show = !0)) : t.showToast({ icon: ""none"", title: e.msg"
"管理端","sumSaleSalary","/b/report2/sumSaleSalary","pageReport/course/courseReportForm.js","56",").then(function (e) { 200 == e.code ? ((n.$refs.consumptionConfirmModal.show = !1), (n.$refs.succConfirmModal.show = !0)) : t.showToast({ icon: ""none"", title: e.msg"
"管理端","sumMainCourseList","/b/report2/sumMainCourseList","pageReport/course/courseReportForm.js","313",").then(function (n) { (t.list = n.list), (t.computeTime = n.computeTime); }); var n = this; setTimeout(function () { n.hintShow = !0; }, 200); },"
"管理端","TeamCourseDayList","/b/report2/TeamCourseDayList","pageReport/course/courseReportFormDay.js","153","this.parma).then(function (n) { (t.detailList = n.detailList), (t.computeTime = n.computeTime); }), (0, o.PriCourseDayList)(this.parma).then(function (n) { t.privateLis"
"管理端","PriCourseDayList","/b/report2/PriCourseDayList","pageReport/course/courseReportFormDay.js","157","this.parma).then(function (n) { t.privateList = n.detailList; }); var n = this; setTimeout(function () { n.hintShow = !0; }, 200); },"
"管理端","ReComputeSalary","/b/report2/ReComputeSalary","pageReport/course/courseReportFormDay.js","248",").then(function (e) { 200 == e.code ? ((n.$refs.consumptionConfirmModal.show = !1), (n.$refs.succConfirmModal.show = !0)) : t.showToast({ icon: ""none"", title: e.msg"
"管理端","sumSaleSalary","/b/report2/sumSaleSalary","pageReport/course/courseReportFormDay.js","255",").then(function (e) { 200 == e.code ? ((n.$refs.consumptionConfirmModal.show = !1), (n.$refs.succConfirmModal.show = !0)) : t.showToast({ icon: ""none"", title: e.msg"
"管理端","ReComputeSalary","/b/report2/ReComputeSalary","pageReport/course/courseReportFormMonth.js","68",").then(function (e) { 200 == e.code ? ((n.$refs.consumptionConfirmModal.show = !1), (n.$refs.succConfirmModal.show = !0)) : t.showToast({ icon: ""none"", title: e.msg"
"管理端","sumSaleSalary","/b/report2/sumSaleSalary","pageReport/course/courseReportFormMonth.js","75",").then(function (e) { 200 == e.code ? ((n.$refs.consumptionConfirmModal.show = !1), (n.$refs.succConfirmModal.show = !0)) : t.showToast({ icon: ""none"", title: e.msg"
"管理端","CourseMonthList","/b/report2/CourseMonthList","pageReport/course/courseReportFormMonth.js","243","{ year: n, month: e }).then( function (n) { (t.data = n.data), (t.list = n.data.dayList), (t.computeTime = n.computeTime), (t.list && 0 != t.list.length) ||"
"管理端","findPrivateCourseWebDetail","/b/report2/findPrivateCourseWebDetail","pageReport/courseAnalyze/privateCourseDetailRank.js","256","this.data).then( function (e) { var n; (n = t.detailList).push.apply(n, (0, a.default)(e.list)), (t.totalCount = e.totalCount); }, );"
"管理端","ReComputeSalary","/b/report2/ReComputeSalary","pageReport/courseAnalyze/privateCourseRank.js","40",").then(function (n) { 200 == n.code ? ((e.$refs.consumptionConfirmModal.show = !1), (e.$refs.succConfirmModal.show = !0)) : t.showToast({ icon: ""none"", title: n.msg"
"管理端","sumSaleSalary","/b/report2/sumSaleSalary","pageReport/courseAnalyze/privateCourseRank.js","47",").then(function (n) { 200 == n.code ? ((e.$refs.consumptionConfirmModal.show = !1), (e.$refs.succConfirmModal.show = !0)) : t.showToast({ icon: ""none"", title: n.msg"
"管理端","findPrivateCourseList","/b/report2/findPrivateCourseList","pageReport/courseAnalyze/privateCourseRank.js","355","e).then(function (e) { var n; (t.computeTime = e.computeTime), (t.sumInfo = e.sumInfo), (n = t.list).push.apply(n, (0, o.default)(e.list)), (t.totalCount"
"管理端","findCourseRepListForWebDetail","/b/report2/findCourseRepListForWebDetail","pageReport/courseAnalyze/teamCourseDetailRank.js","212","this.data).then( function (e) { var n; (n = t.detailList).push.apply(n, (0, a.default)(e.list)), (t.totalCount = e.totalCount); }, );"
"管理端","ReComputeSalary","/b/report2/ReComputeSalary","pageReport/courseAnalyze/teamCourseRank.js","40",").then(function (n) { 200 == n.code ? ((e.$refs.consumptionConfirmModal.show = !1), (e.$refs.succConfirmModal.show = !0)) : t.showToast({ icon: ""none"", title: n.msg"
"管理端","sumSaleSalary","/b/report2/sumSaleSalary","pageReport/courseAnalyze/teamCourseRank.js","47",").then(function (n) { 200 == n.code ? ((e.$refs.consumptionConfirmModal.show = !1), (e.$refs.succConfirmModal.show = !0)) : t.showToast({ icon: ""none"", title: n.msg"
"管理端","findCourseRepListForWeb","/b/report2/findCourseRepListForWeb","pageReport/courseAnalyze/teamCourseRank.js","490","e).then(function (e) { var n; (t.computeTime = e.computeTime), (t.sumInfo = e.sumInfo), (n = t.list).push.apply(n, (0, o.default)(e.list)), (t.totalCount"
"管理端","ReComputeSalary","/b/report2/ReComputeSalary","pageReport/income/businessData.js","40",").then(function (e) { 200 == e.code ? ((n.$refs.consumptionConfirmModal.show = !1), (n.$refs.succConfirmModal.show = !0)) : t.showToast({ icon: ""none"", title: e.msg"
"管理端","sumSaleSalary","/b/report2/sumSaleSalary","pageReport/income/businessData.js","47",").then(function (e) { 200 == e.code ? ((n.$refs.consumptionConfirmModal.show = !1), (n.$refs.succConfirmModal.show = !0)) : t.showToast({ icon: ""none"", title: e.msg"
"管理端","profitMonthList","/b/report2/profitMonthList","pageReport/income/businessData.js","241","{ year: n, month: e }).then( function (n) { (t.data = n.data), (t.list = n.data.dayList), (t.computeTime = n.computeTime); }, );"
"管理端","ReComputeSalary","/b/report2/ReComputeSalary","pageReport/income/businessDataDetail.js","50",").then(function (e) { 200 == e.code ? ((n.$refs.consumptionConfirmModal.show = !1), (n.$refs.succConfirmModal.show = !0)) : t.showToast({ icon: ""none"", title: e.msg"
"管理端","sumSaleSalary","/b/report2/sumSaleSalary","pageReport/income/businessDataDetail.js","57",").then(function (e) { 200 == e.code ? ((n.$refs.consumptionConfirmModal.show = !1), (n.$refs.succConfirmModal.show = !0)) : t.showToast({ icon: ""none"", title: e.msg"
"管理端","profitDayList","/b/report2/profitDayList","pageReport/income/businessDataDetail.js","170","{ year: this.nowYear, month: this.nowStrmonth, day: this.day, }).then(function (n) { (t.computeTime = n.computeTime), (t.list = n.detailList),"
"管理端","ReComputeSalary","/b/report2/ReComputeSalary","pageReport/income/businessReportForm.js","81",").then(function (e) { 200 == e.code ? ((n.$refs.consumptionConfirmModal.show = !1), (n.$refs.succConfirmModal.show = !0)) : t.showToast({ icon: ""none"", title: e.msg"
"管理端","sumSaleSalary","/b/report2/sumSaleSalary","pageReport/income/businessReportForm.js","88",").then(function (e) { 200 == e.code ? ((n.$refs.consumptionConfirmModal.show = !1), (n.$refs.succConfirmModal.show = !0)) : t.showToast({ icon: ""none"", title: e.msg"
"管理端","profitList","/b/report2/profitList","pageReport/income/businessReportForm.js","152",").then(function (n) { (t.list = n.list), (t.computeTime = n.computeTime); }); var n = this; setTimeout(function () { n.hintShow = !0; }, 200); },"
"管理端","ReComputeSalary","/b/report2/ReComputeSalary","pageReport/memberAnalyze/allMember.js","105",").then(function (e) { 200 == e.code ? ((n.$refs.consumptionConfirmModal.show = !1), (n.$refs.succConfirmModal.show = !0)) : t.showToast({ icon: ""none"", title: e.msg"
"管理端","sumSaleSalary","/b/report2/sumSaleSalary","pageReport/memberAnalyze/allMember.js","112",").then(function (e) { 200 == e.code ? ((n.$refs.consumptionConfirmModal.show = !1), (n.$refs.succConfirmModal.show = !0)) : t.showToast({ icon: ""none"", title: e.msg"
"管理端","UserCardAnalyze","/b/report2/UserCardAnalyze","pageReport/memberAnalyze/allMember.js","279","{ pageno: this.pageno, pagesize: this.pagesize, mode: this.mode, }).then(function (n) { var e; (t.config = n.config), (e = t.list).pus"
"管理端","ReComputeSalary","/b/report2/ReComputeSalary","pageReport/rank/courseRank.js","49",").then(function (n) { 200 == n.code ? ((e.$refs.consumptionConfirmModal.show = !1), (e.$refs.succConfirmModal.show = !0)) : t.showToast({ icon: ""none"", title: n.msg"
"管理端","sumSaleSalary","/b/report2/sumSaleSalary","pageReport/rank/courseRank.js","56",").then(function (n) { 200 == n.code ? ((e.$refs.consumptionConfirmModal.show = !1), (e.$refs.succConfirmModal.show = !0)) : t.showToast({ icon: ""none"", title: n.msg"
"管理端","userCourseRank","/b/report2/userCourseRank","pageReport/rank/courseRank.js","448","e).then(function (e) { var n; (t.computeTime = e.computeTime), (t.sumInfo = e.sumInfo), (n = t.list).push.apply(n, (0, o.default)(e.list)), (t.totalCount"
"管理端","ReComputeSalary","/b/report2/ReComputeSalary","pageReport/rank/memberCard.js","45",").then(function (e) { 200 == e.code ? ((n.$refs.consumptionConfirmModal.show = !1), (n.$refs.succConfirmModal.show = !0)) : t.showToast({ icon: ""none"", title: e.msg"
"管理端","sumSaleSalary","/b/report2/sumSaleSalary","pageReport/rank/memberCard.js","52",").then(function (e) { 200 == e.code ? ((n.$refs.consumptionConfirmModal.show = !1), (n.$refs.succConfirmModal.show = !0)) : t.showToast({ icon: ""none"", title: e.msg"
"管理端","RankCardInfo_cardId","/b/report2/RankCardInfo_cardId","pageReport/rank/memberCard.js","316","{ pageno: this.pageno, pagesize: this.pagesize, mode: this.mode, cardId: this.cardId, }).then(function (n) { var e; 0 == t.cardId && (t."
"管理端","ReComputeSalary","/b/report2/ReComputeSalary","pageReport/rank/memberCardAnalyze.js","82",").then(function (e) { 200 == e.code ? ((n.$refs.consumptionConfirmModal.show = !1), (n.$refs.succConfirmModal.show = !0)) : t.showToast({ icon: ""none"", title: e.msg"
"管理端","sumSaleSalary","/b/report2/sumSaleSalary","pageReport/rank/memberCardAnalyze.js","89",").then(function (e) { 200 == e.code ? ((n.$refs.consumptionConfirmModal.show = !1), (n.$refs.succConfirmModal.show = !0)) : t.showToast({ icon: ""none"", title: e.msg"
"管理端","getAllCardInfoIncludeUnionReport","/b/report2/getAllCardInfoIncludeUnionReport","pageReport/rank/memberCardAnalyze.js","363","{ mode: this.userStatus, }).then(function (e) { n.data = e; var o = n.data; o.list, (0, a.default)(o, r), (n.list = e."
"管理端","ReComputeSalary","/b/report2/ReComputeSalary","pageReport/rank/memberConsumptionCardRank.js","68",").then(function (n) { 200 == n.code ? ((e.$refs.consumptionConfirmModal.show = !1), (e.$refs.succConfirmModal.show = !0)) : t.showToast({ icon: ""none"", title: n.msg"
"管理端","sumSaleSalary","/b/report2/sumSaleSalary","pageReport/rank/memberConsumptionCardRank.js","75",").then(function (n) { 200 == n.code ? ((e.$refs.consumptionConfirmModal.show = !1), (e.$refs.succConfirmModal.show = !0)) : t.showToast({ icon: ""none"", title: n.msg"
"管理端","sumUserExpendPrice","/b/report2/sumUserExpendPrice","pageReport/rank/memberConsumptionCardRank.js","442","e).then(function (e) { var n; (t.computeTime = e.computeTime), (t.sumInfo = e.sumInfo), (n = t.list).push.apply(n, (0, o.default)(e.list)), (t.totalCount"
"管理端","clearUserPoint","/b/report2/clearUserPoint","pageReport/rank/memberPointConfig.js","125","{}).then(function (e) { 200 == e.code ? t.showToast({ title: ""积分已清除"", icon: ""none"", mask: !0,"
"管理端","getUserPointConfig","/b/report2/getUserPointConfig","pageReport/rank/memberPointConfig.js","163","{}).then(function (e) { var n = JSON.parse( JSON.stringify(e.data) .replace(/:null/g, ':""""') .replace(/: null/g, ': """"'), ); (t.data = n),"
"管理端","saveUserPointConfig","/b/report2/saveUserPointConfig","pageReport/rank/memberPointConfig.js","258","e).then(function (e) { 200 == e.code ? t.showToast({ title: ""修改成功"", icon: ""none"", mask: !0, success: function () {"
"管理端","findUserPointList","/b/report2/findUserPointList","pageReport/rank/memberPointRank.js","224","n).then(function (t) { var n; (e.totalCount = t.totalCount), (e.totalPoint = t.totalPoint), (n = e.list).push.apply(n, (0, o.default)(t.list)), e.list &&"
"管理端","getUserPointConfig","/b/report2/getUserPointConfig","pageReport/rank/memberPointRank.js","238","{}).then(function (e) { (t.start = e.data.start), 1 == t.start ? t.getList() : (t.notdata = !0); }); }, getdate: function () { var t = new Date();"
"管理端","getUserPointConfig","/b/report2/getUserPointConfig","pageReport/rank/memberPointRank.js","270","{}).then(function (e) { (t.start = e.data.start), 1 == t.start ? ((t.list = []), (t.pageno = 1), t.getList()) : (t.notdata = !0); }); },"
"管理端","ReComputeSalary","/b/report2/ReComputeSalary","pageReport/rank/memberPointRank.js","324",").then(function (n) { 200 == n.code ? ((e.$refs.consumptionConfirmModal.show = !1), (e.$refs.succConfirmModal.show = !0)) : t.showToast({ icon: ""none"", title: n.msg"
"管理端","sumSaleSalary","/b/report2/sumSaleSalary","pageReport/rank/memberPointRank.js","331",").then(function (n) { 200 == n.code ? ((e.$refs.consumptionConfirmModal.show = !1), (e.$refs.succConfirmModal.show = !0)) : t.showToast({ icon: ""none"", title: n.msg"
"管理端","findUserDetailOfOneSaler","/b/report2/findUserDetailOfOneSaler","pageReport/rank/membershipDetailRank.js","164","{ staffUserid: this.user.staffUserid, }).then(function (n) { (t.totalCount = n.totalCount), (t.list = n.list), (t.totalAmount = n.totalAmount), t.li"
"管理端","salerList","/b/report2/salerList","pageReport/rank/membershipRank.js","104","{ sortMode: this.sortMode }).then( function (n) { (t.list = n.list), (t.list && 0 != t.list.length) || (t.notdata = !0); }, ); }, },"
"管理端","userOrderRank","/b/report2/userOrderRank","pageReport/rank/rankTop.js","202","e).then(function (e) { var n; (t.totalCount = e.totalCount), (n = t.list).push.apply(n, (0, o.default)(e.list)), (t.totalAmount = e.totalAmount), t.list &"
"管理端","ReComputeSalary","/b/report2/ReComputeSalary","pageReport/rank/rankTop.js","283",").then(function (n) { 200 == n.code ? ((e.$refs.consumptionConfirmModal.show = !1), (e.$refs.succConfirmModal.show = !0)) : t.showToast({ icon: ""none"", title: n.msg"
"管理端","sumSaleSalary","/b/report2/sumSaleSalary","pageReport/rank/rankTop.js","290",").then(function (n) { 200 == n.code ? ((e.$refs.consumptionConfirmModal.show = !1), (e.$refs.succConfirmModal.show = !0)) : t.showToast({ icon: ""none"", title: n.msg"
"管理端","FindsiteModifyLog","/b/report2/FindsiteModifyLog","pageReport/rank/siteModifyLog.js","251","{ pageno: this.pageno, pagesize: this.pagesize, btime: this.startTime.year + ""-"" + this.startTime.month + ""-"" +"
"管理端","getsiteModifyType","/b/report2/getsiteModifyType","pageReport/rank/siteModifyLog.js","286","{}).then(function (e) { var i; (i = t.modifyType).push.apply(i, (0, s.default)(e.list)); }); }), (0, a.default)(o, ""loadAllStaff"", function () { var t = this;"
"管理端","getAllStaff","/b/linkage/getAllStaff | /b/report2/getAllStaff | /b/staff/getAll","pageReport/rank/siteModifyLog.js","293",").then(function (e) { var i; (i = t.stafflist).push.apply(i, (0, s.default)(e.datalist)); }); }), (0, a.default)(o, ""getdate"", function () { var t = new Date();"
"管理端","findUserBirthday","/b/report2/findUserBirthday","pageReport/remind/birthdayRemind.js","86","{ pageno: this.pageno, pagesize: this.pagesize, userStatus: this.userStatus, }).then(function (n) { var e; (t.config = n.config), (e ="
"管理端","ReComputeSalary","/b/report2/ReComputeSalary","pageReport/remind/birthdayRemind.js","162",").then(function (e) { 200 == e.code ? ((n.$refs.consumptionConfirmModal.show = !1), (n.$refs.succConfirmModal.show = !0)) : t.showToast({ icon: ""none"", title: e.msg"
"管理端","sumSaleSalary","/b/report2/sumSaleSalary","pageReport/remind/birthdayRemind.js","169",").then(function (e) { 200 == e.code ? ((n.$refs.consumptionConfirmModal.show = !1), (n.$refs.succConfirmModal.show = !0)) : t.showToast({ icon: ""none"", title: e.msg"
"管理端","ReComputeSalary","/b/report2/ReComputeSalary","pageReport/remind/cardExpires.js","99",").then(function (e) { 200 == e.code ? ((n.$refs.consumptionConfirmModal.show = !1), (n.$refs.succConfirmModal.show = !0)) : t.showToast({ icon: ""none"", title: e.msg"
"管理端","sumSaleSalary","/b/report2/sumSaleSalary","pageReport/remind/cardExpires.js","106",").then(function (e) { 200 == e.code ? ((n.$refs.consumptionConfirmModal.show = !1), (n.$refs.succConfirmModal.show = !0)) : t.showToast({ icon: ""none"", title: e.msg"
"管理端","findwillExpireCard","/b/report2/findwillExpireCard","pageReport/remind/cardExpires.js","225","{ pageno: this.pageno, pagesize: this.pagesize, }).then(function (n) { var e; (t.config = n.config), (e = t.list).push.apply(e, (0, i.default)(n.cardlis"
"管理端","findWillOpenUserCardList","/b/report2/findWillOpenUserCardList","pageReport/remind/cardWill.js","84","{ pageno: this.pageno, pagesize: this.pagesize, }).then(function (n) { var e; (t.config = n.config), (e = t.list).push.apply(e, (0, i.default)(n.cardlis"
"管理端","ReComputeSalary","/b/report2/ReComputeSalary","pageReport/remind/cardWill.js","159",").then(function (e) { 200 == e.code ? ((n.$refs.consumptionConfirmModal.show = !1), (n.$refs.succConfirmModal.show = !0)) : t.showToast({ icon: ""none"", title: e.msg"
"管理端","sumSaleSalary","/b/report2/sumSaleSalary","pageReport/remind/cardWill.js","166",").then(function (e) { 200 == e.code ? ((n.$refs.consumptionConfirmModal.show = !1), (n.$refs.succConfirmModal.show = !0)) : t.showToast({ icon: ""none"", title: e.msg"
"管理端","saveconfig","/b/report2/saveconfig","pageReport/remind/component/cardExpiresSetting.js","45","n).then(function (n) { 200 == n.code ? t.showToast({ title: ""修改成功"", icon: ""none"", mask: !0,"
"管理端","saveconfig","/b/report2/saveconfig","pageReport/remind/component/findBalaceZeroSetting.js","58","n).then(function (e) { 200 == e.code ? t.showToast({ title: ""修改成功"", icon: ""none"","
"管理端","ReComputeSalary","/b/report2/ReComputeSalary","pageReport/remind/findBalaceZeroCard.js","40",").then(function (e) { 200 == e.code ? ((n.$refs.consumptionConfirmModal.show = !1), (n.$refs.succConfirmModal.show = !0)) : t.showToast({ icon: ""none"", title: e.msg"
"管理端","sumSaleSalary","/b/report2/sumSaleSalary","pageReport/remind/findBalaceZeroCard.js","47",").then(function (e) { 200 == e.code ? ((n.$refs.consumptionConfirmModal.show = !1), (n.$refs.succConfirmModal.show = !0)) : t.showToast({ icon: ""none"", title: e.msg"
"管理端","findBalaceZeroCard","/b/report2/findBalaceZeroCard","pageReport/remind/findBalaceZeroCard.js","330","{ pageno: this.pageno, pagesize: this.pagesize, zerotag: this.userStatus, }).then(function (n) { var e; (t.config = n.config), (e = t."
"管理端","ReComputeSalary","/b/report2/ReComputeSalary","pageReport/remind/initiationDay.js","40",").then(function (e) { 200 == e.code ? ((n.$refs.consumptionConfirmModal.show = !1), (n.$refs.succConfirmModal.show = !0)) : t.showToast({ icon: ""none"", title: e.msg"
"管理端","sumSaleSalary","/b/report2/sumSaleSalary","pageReport/remind/initiationDay.js","47",").then(function (e) { 200 == e.code ? ((n.$refs.consumptionConfirmModal.show = !1), (n.$refs.succConfirmModal.show = !0)) : t.showToast({ icon: ""none"", title: e.msg"
"管理端","findUserAnniversary","/b/report2/findUserAnniversary","pageReport/remind/initiationDay.js","255","{ pageno: this.pageno, pagesize: this.pagesize, userStatus: this.userStatus, }).then(function (n) { var e; (t.config = n.config), (e ="
"管理端","ReComputeSalary","/b/report2/ReComputeSalary","pageReport/remind/leavedDue.js","73",").then(function (e) { 200 == e.code ? ((n.$refs.consumptionConfirmModal.show = !1), (n.$refs.succConfirmModal.show = !0)) : t.showToast({ icon: ""none"", title: e.msg"
"管理端","sumSaleSalary","/b/report2/sumSaleSalary","pageReport/remind/leavedDue.js","80",").then(function (e) { 200 == e.code ? ((n.$refs.consumptionConfirmModal.show = !1), (n.$refs.succConfirmModal.show = !0)) : t.showToast({ icon: ""none"", title: e.msg"
"管理端","findHolidayCardList","/b/report2/findHolidayCardList","pageReport/remind/leavedDue.js","280","{ pageno: this.pageno, pagesize: this.pagesize, }).then(function (n) { var e; (t.config = n.config), (e = t.list).push.apply(e, (0, i.default)(n.cardlis"
"管理端","ReComputeSalary","/b/report2/ReComputeSalary","pageReport/remind/missClassRemind.js","40",").then(function (e) { 200 == e.code ? ((n.$refs.consumptionConfirmModal.show = !1), (n.$refs.succConfirmModal.show = !0)) : t.showToast({ icon: ""none"", title: e.msg"
"管理端","sumSaleSalary","/b/report2/sumSaleSalary","pageReport/remind/missClassRemind.js","47",").then(function (e) { 200 == e.code ? ((n.$refs.consumptionConfirmModal.show = !1), (n.$refs.succConfirmModal.show = !0)) : t.showToast({ icon: ""none"", title: e.msg"
"管理端","findNoclassUserList","/b/report2/findNoclassUserList","pageReport/remind/missClassRemind.js","199","{ pageno: this.pageno, pagesize: this.pagesize, }).then(function (n) { var e; (t.config = n.config), (e = t.list).push.apply(e, (0, i.default)(n.list)),"
"管理端","ReComputeSalary","/b/report2/ReComputeSalary","pageReport/remind/penalizeCard.js","113",").then(function (e) { 200 == e.code ? ((n.$refs.consumptionConfirmModal.show = !1), (n.$refs.succConfirmModal.show = !0)) : t.showToast({ icon: ""none"", title: e.msg"
"管理端","sumSaleSalary","/b/report2/sumSaleSalary","pageReport/remind/penalizeCard.js","120",").then(function (e) { 200 == e.code ? ((n.$refs.consumptionConfirmModal.show = !1), (n.$refs.succConfirmModal.show = !0)) : t.showToast({ icon: ""none"", title: e.msg"
"管理端","findPunishUserCardList","/b/report2/findPunishUserCardList","pageReport/remind/penalizeCard.js","229","{ pageno: this.pageno, pagesize: this.pagesize, }).then(function (n) { var e; (t.config = n.config), (e = t.list).push.apply(e, (0, i.default)(n.cardlis"
"管理端","ReComputeSalary","/b/report2/ReComputeSalary","pageReport/remind/visitorRemind.js","49",").then(function (e) { 200 == e.code ? ((n.$refs.consumptionConfirmModal.show = !1), (n.$refs.succConfirmModal.show = !0)) : t.showToast({ icon: ""none"", title: e.msg"
"管理端","sumSaleSalary","/b/report2/sumSaleSalary","pageReport/remind/visitorRemind.js","56",").then(function (e) { 200 == e.code ? ((n.$refs.consumptionConfirmModal.show = !1), (n.$refs.succConfirmModal.show = !0)) : t.showToast({ icon: ""none"", title: e.msg"
"管理端","findUserByVisitor","/b/report2/findUserByVisitor","pageReport/remind/visitorRemind.js","274","{ pageno: this.pageno, pagesize: this.pagesize, }).then(function (n) { var e; (t.config = n.config), (e = t.list).push.apply(e, (0, i.default)(n.list)),"
"管理端","findPrivateAppontmentofStaffuserid1","/b/report2/findPrivateAppontmentofStaffuserid","pageReport/teacherMembership/detailed.js","206","this.parmapre).then( function (e) { var a; (t.signNum = e.signokCount), (t.cancelNym = e.cancelCount), (a = t.privateList).push.apply(a, (0, i.default)(e.data"
"管理端","getOnestaffInMonthDetail1","/b/report2/getOnestaffInMonthDetail","pageReport/teacherMembership/detailed.js","228","this.parmateam).then( function (e) { var a; (a = t.list).push.apply(a, (0, i.default)(e.list)), t.list && 0 != t.list.length ? ((t.notdata = !1),"
"管理端","getOnestaffInMonthSum1","/b/report2/getOnestaffInMonthSum","pageReport/teacherMembership/detailed.js","244","this.parma).then(function (t) { e.summaryList = t.list; }); }, headleDelete: function () { 1 == this.isPrivate ? t.navigateTo({ url: ""/pageReport/coach/privateDetail"" })"
"管理端","getMemeberSalaryConfig","/b/report2/getMemeberSalaryConfig","pageReport/teacherMembership/memberSalaryType.js","190","{}).then(function (e) { (t.started = e.data.started), (t.mode = e.data.mode), (t.fixedRate = e.data.fixedRate), (t.repayRate = e.data.repayRate), (t.fixedRateChec"
"管理端","saveMemeberSalaryConfig","/b/report2/saveMemeberSalaryConfig","pageReport/teacherMembership/memberSalaryType.js","362","e).then(function (e) { 200 == e.code ? t.showToast({ title: ""保存成功"", icon: ""none"", mask: !0, success: function () {"
"管理端","ReComputeSalary","/b/report2/ReComputeSalary","pageReport/teacherMembership/memberShipSalary.js","118",").then(function (n) { 200 == n.code ? ((e.$refs.consumptionConfirmModal.show = !1), (e.$refs.succConfirmModal.show = !0)) : t.showToast({ icon: ""none"", title: n.msg"
"管理端","sumSaleSalary","/b/report2/sumSaleSalary","pageReport/teacherMembership/memberShipSalary.js","125",").then(function (n) { 200 == n.code ? ((e.$refs.consumptionConfirmModal.show = !1), (e.$refs.succConfirmModal.show = !0)) : t.showToast({ icon: ""none"", title: n.msg"
"管理端","findSaleManSalary","/b/report2/findSaleManSalary","pageReport/teacherMembership/memberShipSalary.js","407","e).then(function (e) { (t.list = []), (t.computeTime = e.computeTime), (t.totalPoint = e.totalPoint), (t.btime = e.btime), (t.etime = e.etime),"
"管理端","getMemeberSalaryConfig","/b/report2/getMemeberSalaryConfig","pageReport/teacherMembership/memberShipSalary.js","425","{}).then(function (e) { (t.start = e.data.started), (t.salaryMode = e.data.mode), 1 == t.start ? t.getList() : (t.notdata = !0); }); }, getdate: function () {"
"管理端","findSaleManSalary_user","/b/report2/findSaleManSalary_user","pageReport/teacherMembership/memberShipSalaryDetail.js","177","e).then(function (e) { var a; (t.totalCount = e.totalCount), (a = t.detailList).push.apply(a, (0, i.default)(e.list)), 0 == e.totalCount ? ((t.notdata = !0), (t.i"
"管理端","findSaleManSalary_card","/b/report2/findSaleManSalary_card","pageReport/teacherMembership/memberShipSalaryDetail.js","192","e).then(function (e) { var a; (a = t.carList).push.apply(a, (0, i.default)(e.list)), (t.cardCount = e.totalCount), t.carList && 0 != t.carList.length ? ((t.member"
"管理端","findWebstaffSalaryList","/b/report2/findWebstaffSalaryList","pageReport/teacherMembership/personalSalary.js","255","e).then(function (e) { (t.list = []), (t.computeTime = e.computeTime), (t.totalPoint = e.totalPoint), (t.btime = e.btime), (t.etime = e.etime),"
"管理端","getSalaryConfig","/b/report2/getSalaryConfig","pageReport/teacherMembership/personalSalary.js","273","{}).then(function (e) { (t.start = e.config.started), (t.salaryMode = e.config.mode), 1 == t.start ? t.getList() : (t.notdata = !0); }); }, getdate: function"
"管理端","ReComputeSalary","/b/report2/ReComputeSalary","pageReport/teacherMembership/personalSalary.js","360",").then(function (n) { 200 == n.code ? ((e.$refs.consumptionConfirmModal.show = !1), (e.$refs.succConfirmModal.show = !0)) : t.showToast({ icon: ""none"", title: n.msg"
"管理端","sumSaleSalary","/b/report2/sumSaleSalary","pageReport/teacherMembership/personalSalary.js","367",").then(function (n) { 200 == n.code ? ((e.$refs.consumptionConfirmModal.show = !1), (e.$refs.succConfirmModal.show = !0)) : t.showToast({ icon: ""none"", title: n.msg"
"管理端","findStaffTeamAppointment","/b/report2/findStaffTeamAppointment","pageReport/teacherMembership/personalSalaryDetail.js","169","e).then(function (e) { var n; (t.totalCount = e.totalCount), (n = t.detailList).push.apply(n, (0, i.default)(e.list)), t.detailList && 0 != t.detailList.length"
"管理端","findStaffPrivateAppointment","/b/report2/findStaffPrivateAppointment","pageReport/teacherMembership/personalSalaryDetail.js","185","e).then(function (e) { var n; (n = t.privateList).push.apply(n, (0, i.default)(e.data)), (t.pritotalCount = e.totalCount), t.privateList && 0 != t.privateList.length"
"管理端","saveSalaryConfigOfOneStaff","/b/report2/saveSalaryConfigOfOneStaff","pageReport/teacherMembership/personalSalaryFixedClassHours.js","179","o).then(function (e) { 200 == e.code ? t.showToast({ title: ""保存成功"", icon: ""none"", mask: !0, success: f"
"管理端","getSalaryConfigOfOneStaff","/b/report2/getSalaryConfigOfOneStaff","pageReport/teacherMembership/personalSalaryFixedClassHours.js","236","{ staffUserid: this.user.staffUserid, }).then(function (e) { (t.plist = e.data.plist), (t.tlist = e.data.tlist), (t.user.staffFace = e.data.staffFace),"
"管理端","saveSalaryConfigOfOneStaff","/b/report2/saveSalaryConfigOfOneStaff","pageReport/teacherMembership/personalSalaryFixedCourseAmount.js","350","d).then(function (i) { 200 == i.code ? t.showToast({ title: ""保存成功"", icon: ""none"", mask: !0, success: f"
"管理端","getSalaryConfigOfOneStaff","/b/report2/getSalaryConfigOfOneStaff","pageReport/teacherMembership/personalSalaryFixedCourseAmount.js","425","{ staffUserid: this.user.staffUserid, }).then(function (i) { (t.plist = i.data.plist), (t.tlist = i.data.tlist), (t.user.staffFace = i.data.staffFace),"
"管理端","saveSalaryConfigOfOneStaff","/b/report2/saveSalaryConfigOfOneStaff","pageReport/teacherMembership/personalSalaryFixedPersonTime.js","217","c).then(function (i) { 200 == i.code ? t.showToast({ title: ""保存成功"", icon: ""none"", mask: !0, success: f"
"管理端","getSalaryConfigOfOneStaff","/b/report2/getSalaryConfigOfOneStaff","pageReport/teacherMembership/personalSalaryFixedPersonTime.js","292","{ staffUserid: this.user.staffUserid, }).then(function (i) { (t.plist = i.data.plist), (t.tlist = i.data.tlist), (t.user.staffFace = i.data.staffFace),"
"管理端","SalaryStaffList","/b/report2/SalaryStaffList","pageReport/teacherMembership/personalSalarySetting.js","88","{}).then(function (e) { (t.totalCount = 0), (t.list = []), (t.start = e.config.started), (t.salaryMode = e.config.mode), 1 == e.config.started"
"管理端","getSalaryConfig","/b/report2/getSalaryConfig","pageReport/teacherMembership/personalSalaryType.js","162","{}).then(function (n) { (t.started = n.config.started), (t.mode = n.config.mode); }); }, submit: function () { if (this.started || 1 == this.started) { if (0 == thi"
"管理端","saveSalaryConfig","/b/report2/saveSalaryConfig","pageReport/teacherMembership/personalSalaryType.js","182","{ mode: this.mode, started: this.started, }).then(function (n) { 200 == n.code ? t.showToast({ title: ""保存成功"","
"管理端","ReComputeSalary","/b/report2/ReComputeSalary","pageReport/teacherMembership/staffCourse.js","121",").then(function (n) { 200 == n.code ? ((e.$refs.consumptionConfirmModal.show = !1), (e.$refs.succConfirmModal.show = !0)) : t.showToast({ icon: ""none"", title: n.msg"
"管理端","sumSaleSalary","/b/report2/sumSaleSalary","pageReport/teacherMembership/staffCourse.js","128",").then(function (n) { 200 == n.code ? ((e.$refs.consumptionConfirmModal.show = !1), (e.$refs.succConfirmModal.show = !0)) : t.showToast({ icon: ""none"", title: n.msg"
"管理端","findStaffCourseWeb","/b/report2/findStaffCourseWeb","pageReport/teacherMembership/staffCourse.js","456","e).then(function (e) { var n; (t.computeTime = e.computeTime), (t.btime = e.btime), (t.etime = e.etime), (n = t.list).push.apply(n, (0, o.default)(e.list)"
"管理端","ReComputeSalary","/b/report2/ReComputeSalary","pageReport/userCost/userCost.js","68",").then(function (e) { 200 == e.code ? ((n.$refs.consumptionConfirmModal.show = !1), (n.$refs.succConfirmModal.show = !0)) : t.showToast({ icon: ""none"", title: e.msg"
"管理端","sumSaleSalary","/b/report2/sumSaleSalary","pageReport/userCost/userCost.js","75",").then(function (e) { 200 == e.code ? ((n.$refs.consumptionConfirmModal.show = !1), (n.$refs.succConfirmModal.show = !0)) : t.showToast({ icon: ""none"", title: e.msg"
"管理端","findUserCostForWeb","/b/report2/findUserCostForWeb","pageReport/userCost/userCost.js","222","{ pageno: this.pageno, pagesize: this.pagesize, sortId: this.sortId, }).then(function (n) { var e; (e = t.list).push.apply(e, (0, i.default)(n.list)),"
"管理端","findAllPrivateDrainerList","/b/mainplan/findAllPrivateDrainerList","pages/course/course.js","348",").then(function (e) { t.privateList = e.datalist; }); }, loadTeamData: function (t) { var e = this; (this.currentTime = t), (0, o.findTeamPlan)({ on"
"管理端","findTeamPlan","/b/mainplan/findTeamPlan","pages/course/course.js","355","{ oneday: t }).then(function (t) { var n = t.list, i = t.mode; if (((e.teamList = n), (e.shopStatus = i), 2 == i)) { var a = t.closeInfo, r = a.beginTim"
"管理端","cancelAppoint","/b/mainplan/CancelAppoint","pages/home/components/appoint-item.js","193","{ appointId: this.currentAppointItem.appointId, }) .then(function (o) { n.hideLoading(), 200 == o.code ? (t.$emit(""loadAppointReco"
"管理端","saveStaffRemark","/b/mainplan/saveStaffRemark","pages/home/components/appoint-item.js","226","{ appointId: o, staffRemark: t.explainText, }).then(function (t) { 200 == t.code ? (e.$emit(""loadAppointRecord""), n.showToast({"
"管理端","todayReport","/b/staffuser/todayreport","pages/home/home.js","269",").then(function (t) { 200 == t.code ? ((n.reportData = t), n.$store.commit(""SET_SOFTEXPIRE"", t.softwareExpire || null)) : e.showToast({ title: t.msg, icon: ""none"" }); });"
"管理端","saleCard","/b/staffuser/selectPayList","pages/home/home.js","278",").then(function (n) { n.datalist.forEach(function (e) { e.showDown = !1; }), (e.saleCardList = n.datalist); }); }, loadAppointRecord: function () {"
"管理端","appointRecord","/b/staffuser/selectAppoint","pages/home/home.js","287",").then(function (n) { n.datalist.forEach(function (e) { e.showDown = !1; }), (e.appointRecordList = n.datalist); }); }, promiseFn: function (e) {"
"管理端","sumReport","/b/manageuser/sumReport","pages/member/member.js","563",").then(function (e) { (t.indexList = e.pinyinlist), (t.reportData = e.data), e.pinyinlist.length > 0 && t.indexList.forEach(function (e) { t.list.push({ letter: e, da"
"管理端","sumReport","/b/manageuser/sumReport","pages/member/member.js","651",") ); case 19: if ( ((C = n.sent), t.stopPullDownRefresh(), 200 != C.code)"
"管理端","findAllUser","/b/manageuser/findUser2","pages/member/member.js","695","S); case 29: if (200 == (L = n.sent).code) { if (((k = []), i.list && i.list.length > 0)) { (i.indexList = []), (i.list"
"管理端","findAllUser","/b/manageuser/findUser2","pages/member/member.js","794","s).then(function (e) { t.list.forEach(function (t) { var i = e.datalist.filter(function (e) { return e.pingyinChar == t.letter;"
"管理端","getAllCardInfo","/b/card/getAllCardInfo | /b/linkage/getAllCardInfo","pages/member/member.js","941",").then(function (e) { e.cardlist.forEach(function (t) { t.active = !1; }), (t.cardList = e.cardlist), t.$store.dispatch(""getAllCardList"", e.cardlist); });"
"管理端","delUserCard","/b/manageuser/delUserCard","pages/member/member.js","960","{ usercardId: n }).then(function (e) { 200 == e.code ? (i.loadFindUser(), t.showToast({ icon: ""none"", title: ""删除成功 "" })) : t.showToast({ icon: ""none"", title: e.msg }); });"
"管理端","computeAgain","/b/report2/computeAgain","pages/report/report.js","344",").then(function (n) { 200 == n.code ? ((e.num = e.num + 1), e.setDailyCache(""storage_recount_report"", e.num), (e.$refs.consumptionConfirmModal.show = !1),"
"管理端","mainpage","/b/report2/mainpage","pages/report/report.js","462",").then(function (e) { (t.data = e), (t.totalProfit = e.totalProfit), (t.month12 = e.month12), (t.chartData = e.month12),"
"管理端","aduserCount","/b/staffuser/aduserCount","pages/shop/authorizationPage/info/index.js","56",").then(function (n) { t.usercount = n.usercount; }); }, methods: { guestToHome: function () { n.reLaunch({ url: ""/pages/home/home"" }); }, onChoo"
"管理端","getWeixinPhoneNumber","/wx/getWeixinPhoneNumber","pages/shop/authorizationPage/phone/index.js","102","{ code: o, gztype: 2 }).then( function (n) { if (200 == n.code) { var a = n.data.phone_info.purePhoneNumber, o = t; e.setStorage({"
"管理端","getSiteConfig","/b/staffuser/getSiteConfig","pages/shop/shop.js","560",").then(function (e) { if ((n.stopPullDownRefresh(), 200 == e.code)) { e.buyinfo ? (e.buyinfo.endTime && (e.buyinfo.endTime = (0, c.filterDate)( e.buyinfo.en"
"管理端","getSiteInfo","/b/platform/getSiteInfo | /b/site/getSiteInfo","pages/shop/shop.js","675",").then(function (e) { if ((n.hideLoading(), 200 == e.code)) { var t = e.data, o = e.customServicer, s = e.servicerFaceurl, a = e.servicerNickName,"
"管理端","getSiteInfo","/b/platform/getSiteInfo | /b/site/getSiteInfo","pages/shop/shop.js","703",").then(function (e) { if ((n.hideLoading(), 200 == e.code)) { var t = e.data, o = e.customServicer, s = e.servicerFaceurl, a = e.servicerNickName,"
"管理端","findserviceSuccessOrder","/b/platform/findserviceSuccessOrder","pages/shopOrder/index.js","88","{}).then(function (e) { 200 === e.code ? (e.data.forEach(function (t) { (t.beginTime = (0, o.filterDate)(t.beginTime)), (t.endTime = (0, o.filterDate)(t.endTime));"
"管理端","findMyOrder","/b/platform/findMyOrder","pages/shopOrder/index.js","107","{ jscode: a }).then(function (e) { 200 === e.code ? (e.data.forEach(function (t) { (t.beginTime = (0, o.filterDate)(t.beginTime)), (t.endTime = (0, o.filter"
"管理端","getSiteInfo","/b/platform/getSiteInfo | /b/site/getSiteInfo","pages/start/index.js","156",").then(function (e) { if (200 == e.code) { var t = e.data, r = e.customServicer, i = e.servicerNickName, o"
"管理端","getDrainerTimeList","/b/mainplan/getDrainerTimeList2","pagesCourse/components/edit-course.js","279","{ drainerId: this.appointmentData.drainerId, pcourseId: a, begintime: o, }).then(function (o) { var i = new Date("""".concat(e, ""T11:59:00"")).getTime(), a"
"管理端","updateAppointTime","/b/mainplan/updateAppointTime","pagesCourse/components/edit-course.js","335","r).then(function (n) { t.hideLoading(), 200 == n.code ? (t.showToast({ title: ""修改成功"", icon: ""none"" }), setTimeout(function () { e.$emit(""ok""), (e.show"
"管理端","pinyinList","/b/manageuser/pinyinList","pagesCourse/components/member-search.js","315","n) ); case 5: if (200 === (r = t.sent).code) { t.next = 9; break; }"
"管理端","findUserdy","/b/manageuser/findUserdy2","pagesCourse/components/member-search.js","350","s) ); case 26: if (200 === (u = t.sent).code) { t.next = 30; break; }"
"管理端","findUserdy","/b/manageuser/findUserdy2","pagesCourse/components/member-search.js","472","r) ); case 10: if (200 === (a = t.sent).code) { t.next = 13; break; }"
"管理端","findUserdy","/b/manageuser/findUserdy2","pagesCourse/components/member-search.js","583","c) ); case 14: if (200 === (u = n.sent).code) { n.next = 17; break; }"
"管理端","getCardListForPay","/b/mainplan/getCardListForPay","pagesCourse/components/select-member-card.js","182","t).then(function (t) { if (200 == t.code) { if (((n.cardList = t.cardlist), n.cardList.length > 0)) { n.currentCard = n.cardList[n.cardList.length - 1]; var r = ["
"管理端","applyAppointment","/b/mainplan/applyAppointment","pagesCourse/components/select-member-card.js","236","C).then(function (n) { e.hideLoading(), 200 == n.code ? (t.$refs.successModal.open(), t.$emit(""ok""), (t.show = !1))"
"管理端","replaceFormLine","/b/mainplan/replaceFormLine","pagesCourse/components/select-member-card.js","250","v).then(function (n) { e.hideLoading(), 200 == n.code ? (t.$refs.successModal.open(), t.$emit(""ok""), (t.show = !1))"
"管理端","getDrainerTimeList","/b/mainplan/getDrainerTimeList2","pagesCourse/components/select-time.js","291","{ drainerId: this.appointmentData.drainerId, begintime: o, pcourseId: i, }).then(function (o) { var i = new Date("""".concat(e, ""T11:59:00"")).getTime(), a = new Date("
"管理端","getMySiteList","/b/staffuser/getMySiteList","pagesCourse/home/venue.js","116",").then(function (e) { (e.datalist = e.datalist.map(function (t) { return (function (t) { for (var e = 1; e < arguments.length; e++) { var n = null != arguments[e] ? arguments[e] : {};"
"管理端","findallcourse","/b/arrange/findallcourse","pagesCourse/index/all-course.js","149","n).then(function (n) { var e = n.datalist || []; (t.totalCount = n.totalCount || 0), (t.dataCount = n.dataCount || 0), (t.noDataCount = n.noDataCount || 0),"
"管理端","batchDeleteByDate","/b/arrange/batchDeleteByDate","pagesCourse/index/components/clear-timetable.js","122","n).then(function (n) { (t.$refs.confirmModal.show = !1), t.$emit(""success""), (t.show = !1), 200 == n.code ? e.showToast({ icon: ""none"", title: ""批量清除成功"" })"
"管理端","checkcopyPlan","/b/arrange/checkcopyPlan","pagesCourse/index/components/copy-timetable.js","295","e).then(function (e) { e.havedata ? (t.$refs.confirmModal2.show = !0) : t.copyPlan(); }); }, cancelbtn: function () { (this.refuseChecked = !1), (this.$refs.confirmModal2.show = !1);"
"管理端","copyPlan","/b/arrange/copyPlan","pagesCourse/index/components/copy-timetable.js","321","s).then(function (s) { (e.$refs.confirmModal2.show = !1), e.$emit(""success""), (e.show = !1), 200 == s.code ? t.showToast({ icon: ""success"", title: ""复制课表成功"" })"
"管理端","getOne","/b/arrange/getOne","pagesCourse/index/components/course-management.js","197","t).then(function (t) { 200 === t.code ? (n.data = t.info || """") : e.showToast({ title: t.msg, icon: ""none"", duration: 2e3,"
"管理端","stopOnePlan","/b/arrange/stopOnePlan","pagesCourse/index/components/course-management.js","217","t).then(function (t) { 200 === t.code ? (e.showToast({ title: ""已停课"", icon: ""none"", duration: 2e3, }), n.ge"
"管理端","cancelstopOnePlan","/b/arrange/cancelstopOnePlan","pagesCourse/index/components/course-management.js","239","t).then(function (t) { 200 === t.code ? (e.showToast({ title: ""已解除停课"", icon: ""none"" }), n.getOne(), n.$emit(""success"")) : e.showToast({ title: t.msg, icon: ""n"
"管理端","deleteOnePlan","/b/arrange/deleteOnePlan","pagesCourse/index/components/course-management.js","253","t).then(function (t) { (n.show = !1), 200 == t.code ? (n.$emit(""success"", ""del""), e.showToast({ icon: ""none"", title: ""已删除"" })) : 500 == t.code"
"管理端","updateTime","/b/arrange/update","pagesCourse/index/components/course-management.js","272","s).then(function (n) { 200 === n.code ? (t.$emit(""success""), (t.show = !1), e.showToast({ icon: ""none"", title: ""已修改"" })) : e.showToast({"
"管理端","updateStaffUserid","/b/arrange/updateStaffUserid","pagesCourse/index/components/course-management.js","302","s).then(function (n) { 200 == n.code ? (t.getOne(), t.$emit(""success""), e.showToast({ icon: ""none"", title: ""更换成功"" })) : e.showToast({ icon: ""none"", title: n.m"
"管理端","checkchangeOtherCourse","/b/arrange/checkchangeOtherCourse","pagesCourse/index/components/course-management.js","313","t).then(function (t) { t.havedata ? ((n.selectCourseObj = e), (n.$refs.confirmModal3.show = !0)) : n.selectCourses(e); }); }, saveBgColo"
"管理端","saveBgColor","/b/arrange/savebgcolor","pagesCourse/index/components/course-management.js","322","n).then(function (n) { (t.show = !1), 200 == n.code ? e.showToast({ icon: ""none"", title: ""更换成功"" }) : e.showToast({ icon: ""none"", title: n.msg }); });"
"管理端","changeOtherCourse","/b/arrange/changeOtherCourse","pagesCourse/index/components/course-management.js","335","s).then(function (n) { (t.$refs.selectCourses.show = !1), t.$emit(""success""), 200 === n.code ? (t.getOne(), e.showToast({ icon: ""none"", title: ""换课成功"" }))"
"管理端","findPlan","/b/arrange/findPlan","pagesCourse/index/components/course-scroll.js","234","{ pageno: 1, pagesize: 90 }) .then(function (e) { o.index = 0; for ( var i = 0; i < e.list.length && ""今天"" != e.list[i].weekName; i++"
"管理端","getArrangeImage","/b/arrange/getArrangeImage","pagesCourse/index/components/download-timetable.js","271","n).then(function (n) { 200 == n.code ? e.downloadFile({ url: n.url, success: function (t) { 200 === t.statusCode &&"
"管理端","getBgColor","/b/arrange/getbgcolor","pagesCourse/index/components/select-backgroundcolor.js","86","{ arrangeId: o }).then(function (o) { 200 == o.code && (n.colorList = o.datalist); }); }, getChangeColor: function (n) { this.changeColor = n; }, submit: function () {"
"管理端","selectAllTeamCourse","/b/arrange/selectAllTeamCourse | /b/course/selectAllTeamCourse","pagesCourse/index/components/select-courses.js","60",").then(function (n) { var t = n.datalist || []; (e.list = JSON.parse(JSON.stringify(t))), (e.showList = JSON.parse(JSON.stringify(t))); }); }, openTime: function (e) {"
"管理端","getArrangeTagData","/b/arrange/getArrangeTagData","pagesCourse/index/course-option.js","74",").then(function (t) { var n = { name: ""教室名称"", label: ""showLessionRoom"" }; (n.checked = 1 == t.data.showLessionRoom), e.showContent.push(n); var o = { label: ""showLessionTime"", name: ""上课时"
"管理端","saveArrangeTagData","/b/arrange/saveArrangeTagData","pagesCourse/index/course-option.js","117","t).then(function (t) { 200 == t.code ? (e.showToast({ icon: ""none"", title: ""保存成功"" }), setTimeout(function () { e.navigateBack({ delta: 1 }); },"
"管理端","getPlanTitle","/b/setting/getPlanTitle","pagesCourse/index/course-title.js","73",").then(function (n) { t.title = n.data; var e = (0, o.countLetters)(t.title), i = e.english, u = e.chinese; t.num = Math.ceil((2 * u + i) / 2); });"
"管理端","savePlanTitle","/b/setting/savePlanTitle","pagesCourse/index/course-title.js","95","n).then(function (n) { 200 == n.code ? (t.showToast({ icon: ""none"", title: ""保存成功"" }), setTimeout(function () { t.navigateBack({ delta: 1 });"
"管理端","addCourse","/b/arrange/save","pagesCourse/index/index.js","229","s).then(function (n) { (t.$refs.selectCourses.show = !1), (t.$refs.selectTime.show = !1), t.$refs.courseScroll.init(), 200 == n.code ? e.showToast({ icon: ""none"
"管理端","getPlanHint","/b/setting/getPlanHint","pagesCourse/index/kind-reminder.js","147","{}).then(function (i) { i.data && i.data.text && ((n.status = ""edit""), (n.title = i.data.title)), t .createSelectorQuery() .select(""#editor"")"
"管理端","savePlanHint","/b/setting/savePlanHint","pagesCourse/index/kind-reminder.js","206","{ title: n.title, text: n.blogContent, }).then(function (e) { var n = null;"
"管理端","savePlanHint","/b/setting/savePlanHint","pagesCourse/index/kind-reminder.js","266","{ title: """", text: """" }).then( function (e) { var n = null; 200 == e.code ? ((n = ""删除成功""), t.navigateBack({ delta: 1"
"管理端","findPlanByCourseId","/b/arrange/findPlanByCourseId","pagesCourse/index/management-schedule.js","206","n).then(function (n) { var e = n.list || []; (t.list = [].concat( (0, s.default)(t.list), (0, s.default)(e), )), (t.isLoadMore = !0),"
"管理端","batchChangeCourse","/b/arrange/batchChangeCourse","pagesCourse/index/management-schedule.js","234","e).then(function (e) { (n.$refs.selectCourses.show = !1), t.showToast({ icon: ""none"", title: ""换课成功"" }), (n.list = []), (n.pageNo = 1), (n.courseId = n.changeCours"
"管理端","batchStopPlanUndo","/b/arrange/batchStopPlanUndo","pagesCourse/index/management-schedule.js","246","e).then(function (e) { t.showToast({ icon: ""none"", title: ""全部解除停课成功"" }), (n.list = []), (n.pageNo = 1), n.findPlanByCourseId(); }); }, sto"
"管理端","batchStopPlan","/b/arrange/batchStopPlan","pagesCourse/index/management-schedule.js","260","e).then(function (e) { t.showToast({ icon: ""none"", title: ""全部停课成功"" }), (n.list = []), (n.pageNo = 1), n.findPlanByCourseId(); }); }, del:"
"管理端","batchDeleteByCourseid","/b/arrange/batchDeleteByCourseid","pagesCourse/index/management-schedule.js","274","e).then(function (e) { t.showToast({ icon: ""none"", title: ""删除成功"" }), (n.list = []); }); }, }, }; n.default = u; }).call(this, e(""df3c"").default); }, }"
"管理端","cancelAppoint","/b/mainplan/CancelAppoint","pagesCourse/leagueClassDetails/index.js","263","{ appointId: this.selectdMumber.appointId, }).then(function (e) { t.hideLoading(), 200 == e.code ? (t.showToast({ title: ""修改成功"", icon: ""none"" }),"
"管理端","putAbsentTag","/b/mainplan/PutAbsentTag","pagesCourse/leagueClassDetails/index.js","276","{ appointId: this.selectdMumber.appointId, }).then(function (e) { t.hideLoading(), 200 == e.code ? (t.showToast({ title: ""修改成功"", icon: ""none"" }),"
"管理端","saveStaffRemark","/b/mainplan/saveStaffRemark","pagesCourse/leagueClassDetails/index.js","322","{ appointId: e, staffRemark: n.explainText, }).then(function (n) { 200 == n.code ? (setTimeout(function () { i.getCouresDetails({ arra"
"管理端","findOnePlan","/b/mainplan/findOnePlan","pagesCourse/leagueClassDetails/index.js","405","n).then(function (n) { if (((e.isLoading = !1), 200 == n.code)) { var i = n.data, o = n.validlist, s = n.cancellist, a = n.linelist, r = n.absentl"
"管理端","saveStaffRemark","/b/mainplan/saveStaffRemark","pagesCourse/personalTrainerDetails/index.js","418","{ appointId: e, staffRemark: n.explainText, }).then(function (n) { 200 == n.code ? (setTimeout(function () { i.getAppointmentCourse(i.parameter);"
"管理端","cancelAppoint","/b/mainplan/CancelAppoint","pagesCourse/personalTrainerDetails/index.js","501","e).then(function (t) { i(t); }), 1 == this.clickStatus && (0, s.putAbsentTag)(e).then(function (t) { i(t); }); }, cancel: func"
"管理端","putAbsentTag","/b/mainplan/PutAbsentTag","pagesCourse/personalTrainerDetails/index.js","505","e).then(function (t) { i(t); }); }, cancel: function () {}, cancelAppointment: function (t) { (this.confirmModalTitle = ""确认取消｢"".concat( t.userRealname,"
"管理端","findOneDrainerAppointment","/b/mainplan/findOneDrainerAppointment","pagesCourse/personalTrainerDetails/index.js","576","n).then(function (i) { if ((t.hideLoading(), 200 == i.code)) { if ( (i.data && i.data.length > 0 && i.data.forEach(function (t) { (t.isTod"
"管理端","findOneDrainerDetail","/b/mainplan/findOneDrainerDetail","pagesCourse/personalTrainerDetails/index.js","605","t).then(function (t) { if (200 == t.code) { var e = t.data, i = e.courseList, r = e.drainerId, o = e.sign; n.$store.dispatch( ""g"
"管理端","getStaffInWorking","/b/course/getStaffInWorking","pagesCourse/subject/subject-compontent/subject-trainer.js","62","n).then(function (n) { null == n.data || 0 == n.data.length ? (t.delShow = !0) : ((t.trainerList = n.data), (t.trainerPopupShow = !0)); }); }, changetrainer: func"
"管理端","getAllCardInfo","/b/card/getAllCardInfo | /b/linkage/getAllCardInfo","pagesCourse/subject/subject-compontent/suject-choice-card.js","278",") .then(function (t) { e.hideLoading(), null == t.cardlist || 0 == t.cardlist.length ? (o.delShow = !0) : (t.cardlist.forEach(function (e) {"
"管理端","getRoomList","/b/course/getRoomList","pagesCourse/subject/subject-compontent/suject-classroom.js","100",").then(function (s) { (o.classroomList = s.data), (o.classroomList && 0 != o.classroomList.length) || (o.updateOrSave = !1); }); }, clickEditclassroom: func"
"管理端","saveRoom","/b/course/saveRoom","pagesCourse/subject/subject-compontent/suject-classroom.js","159","t).then(function (t) { (s.classroomList && 0 != s.classroomList.length) || (s.updateOrSave = !1), o && ((s.classroomPopupShow = !1), s.$emit(""editclassroom"","
"管理端","findTags","/b/course/findTags","pagesCourse/subject/subject-compontent/tag-popup.js","45","e).then(function (t) { (a.tagList = t.list), a.tagList.forEach(function (t) { 0 == t.stationary && (a.showEdit = !0); }); }); },"
"管理端","saveCourseTag","/b/course/saveCourseTag","pagesCourse/subject/subject-compontent/tag-popup.js","108","a).then(function (t) {}), (this.showEdit = !1), this.tagList.forEach(function (a) { 0 == a.stationary && (t.showEdit = !0); }); }, submit: function () {"
"管理端","getTeamCourse","/b/course/getTeamCourse","pagesCourse/subject/subject-edit.js","213","o).then(function (o) { (o.course.courseDuringTime1 = o.course.courseDuringTime + ""分钟""), (t.groupData = o.course), (t.groupData.courseBacklogweb = t.di"
"管理端","getDetailByCourseid","/b/arrange/getDetailByCourseid","pagesCourse/subject/subject-edit.js","225","o).then(function (e) { (e.info.courseDuringTime1 = e.info.courseDuringTime + ""分钟""), (e.info.openRule = e.info.teamOpenRule), (t.groupData = e.info), (t.groupData.courseBacklogweb = e"
"管理端","getOne","/b/arrange/getOne","pagesCourse/subject/subject-edit.js","236","o).then(function (e) { (e.info.courseDuringTime1 = e.info.courseDuringTime + ""分钟""), (e.info.openRule = e.info.teamOpenRule), (t.groupData = e.info), (t.groupData.courseBacklogweb = e"
"管理端","updateCourse","/b/arrange/update","pagesCourse/subject/subject-edit.js","293","t).then(function (t) { 200 == t.code ? e.showToast({ title: ""已保存"", icon: ""none"", duration: 2e3, complete: function () {"
"管理端","updateAllCourse","/b/arrange/update","pagesCourse/subject/subject-edit.js","323","t).then(function (t) { 200 == t.code ? e.showToast({ title: ""已保存"", icon: ""none"", duration: 2e3, complete: function () {"
"管理端","pricelist","/b/platform/pricelist","pageServer/order.js","123","{}).then(function (e) { (e.list[0].active = !0), (t.priceList = e.list); }); }, priceConfrim: function () { var e = c.default.find(this.priceList, function (t) { return 1 =="
"管理端","submitwexinOrder","/b/platform/submitwexinOrder","pageServer/order.js","134","n).then(function (e) { var n = e.data; i.requestPayment({ timeStamp: n.timeStamp, nonceStr: n.nonceStr, package: n.packageStr, signType: n.signType,"
"管理端","getSiteInfo","/b/platform/getSiteInfo | /b/site/getSiteInfo","pageServer/order.js","143",").then(function (e) { if ((t.hideLoading(), 200 == e.code)) { var n = e.data, i = e.customServicer, r = e.servicerNickName, c = e.protoc"
"管理端","submitSecretkey","/b/platform/submitSecretkey","pageServer/order.js","181","{ key: this.secretKey }) .then(function (i) { (e.orderStatus = 200 == i.code ? ""success"" : ""error""), (e.popupShow = !0), 200 == i.code && (0, s.getSiteInfo)().then("
"管理端","getSiteInfo","/b/platform/getSiteInfo | /b/site/getSiteInfo","pageServer/order.js","186",").then(function (e) { if (200 == e.code) { var i = e.data, o = e.customServicer, r = e.servicerNickName, c = e.protocolURL,"
"管理端","getAgreement","/b/platform/getAgreement","pageServer/serve-agreement.js","22","{}).then(function (t) { n.nodes = t.data; }); }, }; t.default = a; }, b0f4: function (n, t, e) { ""use strict""; e.d(t, ""b"", function () { return u; }), e.d(t, ""c"", funct"
"管理端","aduserCount","/b/staffuser/aduserCount","pagesImp/authorization/info/index.js","30",").then(function (t) { n.usercount = t.usercount; }); }, methods: { onChooseAvatar: function (n) { var t = n.detail.avatarUrl; this.avatarUrl = t;"
"管理端","getWeixinPhoneNumber","/wx/getWeixinPhoneNumber","pagesImp/authorization/phone/index.js","115","{ code: a, gztype: 2 }).then( function (n) { if (200 == n.code) { var a = n.data.phone_info.purePhoneNumber, c = t; e.login({"
"管理端","getUnionId","/wx/getUnionId","pagesImp/authorization/phone/index.js","132","{ code: r, gztype: 2, }) ); case 3:"
"管理端","acceptInvite","/b/staff/acceptInvite","pagesImp/authorization/phone/index.js","157","l) ); case 10: 200 == (v = n.sent).code ? e.setStorage({"
"管理端","allCard","/b/card/getAllCardPrice","pagesImp/card/card-subject/index.js","208","{}).then(function (t) { var e = t.groupCardList, o = t.noConfigCardcount, r = t.noConfigCoursecount, i = t.singleCardList; (n.groupCardList = e),"
"管理端","selectAllbackImg","/b/card/selectAllbackImg","pagesImp/card/components/cardFace.js","76","{ imgtype: 1 }).then(function (n) { (t.list = n.datalist), (t.imgUrl = n.uploadURL); }), this.$nextTick(function () { var e = """".concat( t.list.findIndex(function (t) {"
"管理端","findHistoryGroupName","/b/card/findHistoryGroupName","pagesImp/card/components/quota.js","377","t).then(function (t) { o.projectHistory = t.list; }); }, }, computed: {}, }; i.default = f; }).call(this, o(""df3c"").default); }, cab7: function (t,"
"管理端","getDelCardInfo","/b/card/getDelCardInfo | /b/linkage/getDelCardInfo","pagesImp/card/home/del-card-tp.js","122",").then(function (n) { var e = n.cardlist.filter(function (t) { return 1 == t.saleStatus; }), a = n.cardlist.filter(function (t) { return 0 == t.saleStatus;"
"管理端","recoverDelCard","/b/card/recoverDelCard | /b/linkage/recoverDelCard","pagesImp/card/home/del-card-tp.js","135","n).then(function (n) { 200 == n.code ? (t.showToast({ icon: ""none"", title: ""恢复成功"" }), t.setStorageSync(""isRefreshCardList"", !0), setTimeout(function () {"
"管理端","getDelCardInfo","/b/card/getDelCardInfo | /b/linkage/getDelCardInfo","pagesImp/card/home/del-card.js","128",").then(function (n) { var e = n.cardlist.filter(function (t) { return 1 == t.saleStatus; }), a = n.cardlist.filter(function (t) { return 0 == t.saleStatus;"
"管理端","recoverDelCard","/b/card/recoverDelCard | /b/linkage/recoverDelCard","pagesImp/card/home/del-card.js","141","n).then(function (n) { 200 == n.code ? (t.showToast({ icon: ""none"", title: ""恢复成功"" }), t.setStorageSync(""isRefreshCardList"", !0), setTimeout(function () {"
"管理端","saveSortId","/b/card/saveSortId","pagesImp/card/home/home.js","177","i) .then(function (t) {}) .catch(function (e) { t.showToast({ title: ""保存失败"", icon: ""none"" }); }); } else console.error(""排序列表为空""); }, c"
"管理端","saveSortId","/b/card/saveSortId","pagesImp/card/home/home.js","193","n) .then(function (n) { t.showToast({ title: ""排序保存成功"", icon: ""success"" }), (e.isSortMode = !1); var r = i.filter(function (t) { return 1 == t.saleStatus;"
"管理端","getAllCardInfo","/b/card/getAllCardInfo | /b/linkage/getAllCardInfo","pagesImp/card/home/home.js","343",").then(function (i) { if (200 == i.code) { e.delCardCount = i.delCardCount; var n = i.cardlist.filter(function (t) { return 1 == t.saleStatus; }),"
"管理端","delcard","/b/card/delcard","pagesImp/card/member-card/index-tp.js","313","{ cardId: this.formData.cardId }).then( function (e) { t.showToast({ icon: ""none"", title: ""删除成功"" }), t.setStorageSync(""isRefreshCardList"", !0), setTimeout(function () {"
"管理端","updateCardStatus","/b/card/updateCardStatus","pagesImp/card/member-card/index-tp.js","324","{ cardId: this.formData.cardId, nstatus: e, }).then(function (a) { var n = """"; 0 == e ? (n = ""停售成功"") : 1 == e ? (n = ""保存成功"")"
"管理端","saveCard","/b/card/saveCard","pagesImp/card/member-card/index-tp.js","430","e) .then(function (e) { t.hideLoading(), 200 == e.code ? (t.showToast({ icon: ""none"", title: ""保存成功"" }), t.setStorageSync(""isRefreshCardList"", !0),"
"管理端","getOneCardInfo","/b/card/getOneCardInfo","pagesImp/card/member-card/index-tp.js","543","{ cardId: this.formData.cardId }).then( function (e) { (t.formData = l(l({}, t.formData), e.card)), (t.isUnionCard = e.card.isUnionCard), 1 == t.isUnionCard && (t.isShowMoreAdvance = !0)"
"管理端","delcard","/b/card/delcard","pagesImp/card/member-card/index.js","647","{ cardId: this.formData.cardId }).then( function (e) { 200 == e.code ? (t.showToast({ icon: ""none"", title: ""删除成功"" }), t.setStorageSync(""isRefreshCardList"", !0), s"
"管理端","updateCardStatus","/b/card/updateCardStatus","pagesImp/card/member-card/index.js","660","{ cardId: this.formData.cardId, nstatus: e, }).then(function (n) { var a = """"; 0 == e ? (a = ""停售成功"") : 1 == e ? (a = ""保存成功"")"
"管理端","saveCard","/b/card/saveCard","pagesImp/card/member-card/index.js","772","e) .then(function (e) { t.hideLoading(), 200 == e.code ? (t.showToast({ icon: ""none"", title: ""保存成功"" }), t.setStorageSync(""isRefreshCardList"", !0),"
"管理端","getOneCardInfo","/b/card/getOneCardInfo","pagesImp/card/member-card/index.js","906","{ cardId: this.formData.cardId }).then( function (e) { (t.formData = l(l({}, t.formData), e.card)), (t.formData.price = """".concat(t.formData.price, ""元"")), 1 == t.formData.saleStatus"
"管理端","selectAllTeamCourse","/b/arrange/selectAllTeamCourse | /b/course/selectAllTeamCourse","pagesImp/card/setting-more-subject/index.js","150",") ); case 8: return ( (n = t.sent), (t.next = 11), (0, r.selecctAllPriCourse)()"
"管理端","selecctAllPriCourse","/b/course/selecctAllPriCourse","pagesImp/card/setting-more-subject/index.js","156",") ); case 11: return ( (i = t.sent), (t.next = 14), (0, c.getGroupCourseList)({"
"管理端","getGroupCourseList","/b/card/getGroupCourseList | /b/linkage/getGroupCourseList","pagesImp/card/setting-more-subject/index.js","162","{ groupname: this.data.groupName, cardId: e.cardId, }) ); case 14: (s = t.sent),"
"管理端","saveGroupCourseList","/b/card/saveGroupCourseList | /b/linkage/saveGroupCourseList","pagesImp/card/setting-more-subject/index.js","568","n).then(function (e) { t.hideLoading(), 200 == e.code && setTimeout(function () { t.$emit(""relationCourse""), t.navigateBack({ delta: 1 });"
"管理端","saveCommonCardCourse","/b/card/saveCommonCardCourse | /b/linkage/saveCommonCardCourse","pagesImp/card/setting-single-subject/index.js","524","n).then(function (e) { t.hideLoading(), 200 == e.code && setTimeout(function () { t.$emit(""relationCourse""), t.navigateBack({ delta: 1 }); }, 1500),"
"管理端","selectAllTeamCourse","/b/arrange/selectAllTeamCourse | /b/course/selectAllTeamCourse","pagesImp/card/setting-single-subject/index.js","562",") ); case 5: return ( (n = t.sent), (t.next = 8), (0, o.selecctAllPriCourse)()"
"管理端","selecctAllPriCourse","/b/course/selecctAllPriCourse","pagesImp/card/setting-single-subject/index.js","568",") ); case 8: return ( (i = t.sent), (t.next = 11), (0, c.getOneCardPrice)({"
"管理端","getOneCardPrice","/b/card/getOneCardPrice | /b/linkage/getOneCardPrice","pagesImp/card/setting-single-subject/index.js","574","{ cardId: this.cardInfo.cardId, }) ); case 11: (u = t.sent), (a = (a = u.card.courseLi"
"管理端","updateMyInfo","/b/staffuser/updateMyInfo","pagesImp/shop/setting/personal/nickname-edit.js","124","n.staff).then(function (n) { 200 == n.code && t.showToast({ title: ""保存成功"", icon: ""none"", success: function () {"
"管理端","updateMyInfo","/b/staffuser/updateMyInfo","pagesImp/shop/setting/personal/personal.js","93","e).then(function (n) { t.showToast({ title: ""保存头像成功"", icon: ""none"", mask: !0, }); }); }, chooseAvatar: funct"
"管理端","getMyInfo","/b/staffuser/getMyInfo","pagesImp/shop/setting/personal/personal.js","109",").then(function (n) { t.staff = n.staff; }); }, loginout: function () { (0, a.loginout)().then(function (n) { t.showModal({ title: ""提示"","
"管理端","loginout","/b/staffuser/loginout","pagesImp/shop/setting/personal/personal.js","114",").then(function (n) { t.showModal({ title: ""提示"", showCancel: !1, content: ""退出登录成功！"", success: function (n) { n.confirm && t.reLaunch({ url:"
"管理端","getWeixinPhoneNumber","/wx/getWeixinPhoneNumber","pagesImp/shop/setting/personal/phone-edit.js","130","{ code: o, gztype: 2 }).then( function (e) { 200 == e.code ? ((n.savedis = !1), (n.phone = e.data.phone_info.purePhoneNumber), (n.st"
"管理端","updateMyInfo","/b/staffuser/updateMyInfo","pagesImp/shop/setting/personal/phone-edit.js","151","e.staff).then(function (e) { 200 == e.code && t.showToast({ title: ""保存成功"", icon: ""none"", success: function () {"
"管理端","getConst","/common/const","pagesImp/shop/setting/store/store-setting.js","325",").then(function (t) { (e.provinceList = t.province), (e.city = t.city), (e.county = t.county), (e.areaList = e.buildTree(t.province, t.city, t.county)); var i = e.areaList.sh"
"管理端","getSiteInfo","/b/platform/getSiteInfo | /b/site/getSiteInfo","pagesImp/shop/setting/store/store-setting.js","360","n).then(function (e) { (i.siteinfo = e.siteinfo), (i.opentime = e.opentime), t.getConst(); }); }, buildTree: function (e, t, i) { var n = e.reduce(f"
"管理端","saveSiteInfo","/b/site/saveSiteInfo","pagesImp/shop/setting/store/store-setting.js","499","o) .then(function (i) { if ((e.hideLoading(), 200 == i.code)) { if (i.loginInfo) { var n = i.loginInfo, o = n.site,"
"管理端","findAllFunction","/b/staff/findAllFunction","pagesImp/shop/staff/components/permission-popup.js","68",").then(function (e) { var t = 0; e.datalist.forEach(function (e, i) { 0 == i ? ((e.data.checked = !0), (t = e.data.funcId)) : (e.data.checked = !1),"
"管理端","saveRole","/b/staff/saveRole","pagesImp/shop/staff/components/permission-popup.js","253","i).then(function (e) { (i.roleId = e.roleId), (t.functionIds = i.functionIds), (t.roleId = e.roleId), n.$emit(""savePermissionList"", n.permissionList, t),"
"管理端","getUnionId","/wx/getUnionId","pagesImp/shop/staff/invited-share.js","102","o).then(function (i) { var o = {}; (o.phonecode = n.detail.code), (o.unionid = i.data.unionid), (o.openid = i.data.openid),"
"管理端","acceptInvite","/b/staff/acceptInvite","pagesImp/shop/staff/invited-share.js","108","o).then(function (n) { 200 == n.code ? t.showToast({ title: ""操作成功"", icon: ""none"","
"管理端","getInviteData","/b/staff/getInviteData","pagesImp/shop/staff/invited-share.js","142","n).then(function (n) { (t.sign = n.sign), t.getUserInfoBySign(); }); }, getUserInfoBySign: function () { var n = this; t.login({ success: functi"
"管理端","getUserInfoBySign","/b/staff/getUserInfoBySign?deviceId=","pagesImp/shop/staff/invited-share.js","151","i).then(function (e) { (n.staffone = e), 1 != n.status || e.isHomeButton || t.hideHomeButton(); }); }, }); }, accept: function () {"
"管理端","changeSiteOwner","/b/staff/changeSiteOwner","pagesImp/shop/staff/staff-edit.js","149","n).then(function (n) { e.hideLoading(), 400 == n.code ? (t.$refs.confirmModalFail.show = !0) : 200 == n.code ? e.showToast({"
"管理端","savestaff","/b/linkage/savestaff | /b/staff/savestaff","pagesImp/shop/staff/staff-edit.js","219","n).then(function (n) { e.hideLoading(), 200 == n.code ? ((t.savedis = !0), e.showToast({ title: ""保存成功"", icon: ""n"
"管理端","leaveWork","/b/staff/leaveWork","pagesImp/shop/staff/staff-edit.js","243","n).then(function (n) { e.hideLoading(), 200 == n.code && ((t.savedis = !0), e.showToast({ title: ""保存成功"", icon: ""none"","
"管理端","checkExistPlan","/b/staff/checkExistPlan","pagesImp/shop/staff/staff-edit.js","271","t).then(function (t) { e.existPlan = t.hasplan; }); } }, sectionChange: function (e) { (this.isDepart = !0), 0 == e ? (("
"管理端","delstaff","/b/staff/delstaff","pagesImp/shop/staff/staff-edit.js","335","t).then(function (t) { e.hideLoading(), 200 == t.code && e.showToast({ title: ""删除成功"", icon: ""none"", mask: !0,"
"管理端","findRoleList","/b/staff/findRoleList","pagesImp/shop/staff/staff-edit.js","354","t).then(function (t) { e.permissionList = t.datalist; var n = !1; if ( (e.permissionList.forEach(function (t) { e.model.roleId == t.roleId"
"管理端","findDefaultRole","/b/staff/findDefaultRole","pagesImp/shop/staff/staff-edit.js","388",").then(function (t) { (e.model = t.role), (e.model.identName = ""教练 | 会籍顾问""), (e.model.identityList = [1, 2]), (e.model.staffSex = 2), (e.model.staffSexName = ""女"")"
"管理端","findAllFunction","/b/staff/findAllFunction","pagesImp/shop/staff/staff-edit.js","543",").then(function (e) { var n = 0; e.datalist.forEach(function (e, i) { 0 == i ? ((e.data.checked = !0), (n = e.data.funcId)) : (e.data.checked = !1),"
"管理端","saveRole","/b/staff/saveRole","pagesImp/shop/staff/staff-edit.js","728","i).then(function (e) { (i.roleId = e.roleId), (n.functionIds = i.functionIds), (n.roleId = e.roleId), t.$emit(""savePermissionList"", t.permissionList, n),"
"管理端","getAllStaff","/b/linkage/getAllStaff | /b/report2/getAllStaff | /b/staff/getAll","pagesImp/shop/staff/staff.js","184",").then(function (n) { (t.datalist = n.datalist), (t.normalCount = n.normalCount), (t.leaveCount = n.leaveCount); }); }, }, onLoad: function () {},"
"管理端","selectAllbackImg","/b/card/selectAllbackImg","pagesImp/subject/subject-compontent/card-face.js","109","e).then(function (e) { t.list = e.datalist; }); }, selectFace: function (t, e) { (this.index = e), this.$emit(""submit"", t), (this.show = !1); }, open: function () {"
"管理端","upDrainerld","/b/course/upDrainerId","pagesImp/subject/subject-compontent/subject-persion.js","66","c).then(function (n) { t.showToast({ title: ""操作成功！"", icon: ""none"", mask: !0, complete: function () { e.$emit(""switchUp"");"
"管理端","getStaffInWorking","/b/course/getStaffInWorking","pagesImp/subject/subject-compontent/subject-trainer.js","76","n).then(function (n) { null == n.data || 0 == n.data.length ? (t.delShow = !0) : ((t.trainerList = n.data), (t.trainerPopupShow = !0)); }); }, changetrainer: func"
"管理端","getRoomList","/b/course/getRoomList","pagesImp/subject/subject-compontent/suject-classroom.js","66",").then(function (s) { (o.classroomList = s.data), (o.classroomList && 0 != o.classroomList.length) || (o.updateOrSave = !1); }); }, clickEditclassroom: func"
"管理端","saveRoom","/b/course/saveRoom","pagesImp/subject/subject-compontent/suject-classroom.js","125","t).then(function (t) { (s.classroomList && 0 != s.classroomList.length) || (s.updateOrSave = !1), o && ((s.classroomPopupShow = !1), s.$emit(""editclassroom"","
"管理端","findTags","/b/course/findTags","pagesImp/subject/subject-compontent/tag-popup.js","59","e).then(function (t) { (a.tagList = t.list), a.tagList.forEach(function (t) { 0 == t.stationary && (a.showEdit = !0); }); }); },"
"管理端","saveCourseTag","/b/course/saveCourseTag","pagesImp/subject/subject-compontent/tag-popup.js","124","a).then(function (t) {}), (this.showEdit = !1), this.tagList.forEach(function (a) { 0 == a.stationary && (t.showEdit = !0); }); }, submit: function () {"
"管理端","getTeamCourse","/b/course/getTeamCourse","pagesImp/subject/subject-edit.js","209","o).then(function (o) { (o.course.courseDuringTime1 = o.course.courseDuringTime + ""分钟""), (e.groupData = o.course), (e.groupData.courseBacklogweb = e.di"
"管理端","saveTeamCourse","/b/course/saveTeamCourse","pagesImp/subject/subject-edit.js","285","o).then(function (e) { t.hideLoading(), 200 == e.code ? t.showToast({ title: ""操作成功"", icon: ""none"", mask: !0,"
"管理端","checkHasPlan","/b/course/checkHasPlan","pagesImp/subject/subject-edit.js","305","o).then(function (t) { e.existPlan = t.hasplan; }); }, delmodal: function () { this.existPlan ? ((this.modal.modalText = this.modalMode.modalText[1]),"
"管理端","delCourse","/b/course/delCourse","pagesImp/subject/subject-edit.js","342","e).then(function (e) { t.hideLoading(), 200 == e.code && t.showToast({ title: ""删除成功"", icon: ""none"", mask: !0,"
"管理端","savePrivateCourse","/b/course/savePrivateCourse","pagesImp/subject/subject-personal-edit.js","322","i).then(function (t) { e.hideLoading(), e.showToast({ title: ""操作成功！"", icon: ""none"", mask: !0, complete: function () {"
"管理端","getOnePrivateCourse","/b/course/getOnePrivateCourse","pagesImp/subject/subject-personal-edit.js","348","i).then(function (e) { if ( ((t.opentime.length = 0), e.data.timeList.forEach(function (e) { (e.nnid = e.timeLogid), t.opentime.push(e); }),"
"管理端","getOneCardInfo","/b/card/getOneCardInfo","pagesImp/subject/subject-personal-edit.js","363","t).then(function (t) { e.card = t.card; }); }); }), t.groupswitch) ) {"
"管理端","delDrainer","/b/course/delDrainer","pagesImp/subject/subject-personal-edit.js","468","t).then(function (t) { e.hideLoading(), e.showToast({ title: ""操作成功！"", icon: ""none"", complete: function () { setTimeout(f"
"管理端","selectAllTeamCourse","/b/arrange/selectAllTeamCourse | /b/course/selectAllTeamCourse","pagesImp/subject/subject.js","219",").then(function (t) { t.datalist.forEach(function (t) { t.courseBacklogweb = t.courseBacklog; }), (e.groupDatalist = t.datalist), (e.showGroupDatalist = t.datalist)"
"管理端","selecctAllPriCourse","/b/course/selecctAllPriCourse","pagesImp/subject/subject.js","231",").then(function (e) { t.personDatalist = e.datalist; }); }, changeTab: function (t) { this.current = t; }, }, onShow: function () {"
"管理端","getAllCardInfo","/b/card/getAllCardInfo | /b/linkage/getAllCardInfo","pagesImp/subject/suject-choice-card.js","339",") .then(function (e) { 200 == e.code ? (n.skeleton = !1) : t.showToast({ title: e.msg, icon: ""none"","
"会员端","getOnePlan","/c/user/getOnePlan","pageCourse/clusterCourse/index.js","464","{ arrangeId: this.arrangeId }).then( function (t) { if (200 == t.code) { if ( ((n.info = a( a({}, t.data), {},"
"会员端","getwarmHint","/c/user/getwarmHint","pageCourse/clusterCourse/index.js","538","{ coursetype: 7 }).then(function (t) { 200 == t.code ? (n.kindReminder = t.data) : e.showToast({ title: t.msg, icon: ""none"" }); }); }, queueUp: function () {"
"会员端","cancelAppoint","/c/user/cancelAppoint","pageCourse/clusterCourse/index.js","589","{ appointid: t.substring(1) }).then( function (t) { 200 == t.code ? ((n.$refs.confrimMoadl.show = !1), n.updateData(), n.$refs.success.open())"
"会员端","getOnePlan","/c/user/getOnePlan","pageCourse/clusterCourse/index.js","660","{ arrangeId: o }).then(function (n) { if (200 == n.code) { (t.userAppointment = 0), (t.userQueue = 0), (t.queueIndex = 0), (t.info = a(a({}, n.data), {}, {"
"会员端","getOnePlan_noToken","/c/user/getOnePlan_noToken","pageCourse/clusterCourse/share-index.js","202","{ arrangeId: this.arrangeId, sign: this.sign, }).then(function (n) { 200 == n.code ? (t.info = c(c({}, n.data), {}, { msglist: n.msglist })) : e.showT"
"会员端","getwarmHintNoToken","/c/user/getwarmHint_noToken","pageCourse/clusterCourse/share-index.js","228","{ coursetype: 7, dataid: this.arrangeId, sign: this.sign, }).then(function (n) { 200 == n.code ? (t.kindReminder = n.data) : e.showT"
"会员端","cancelAppoint","/c/user/cancelAppoint","pageCourse/clusterCourse/share-index.js","263","{ appointid: this.info.appointId }).then( function (n) { 200 == n.code ? (t.updateData(), t.$refs.success.open()) : e.showToast({ title: n.msg, icon: ""none"" }),"
"会员端","getOnePlan_noToken","/c/user/getOnePlan_noToken","pageCourse/clusterCourse/share-index.js","293","{ arrangeId: this.arrangeId, sign: this.sign, }).then(function (t) { 200 == t.code ? (n.info = c(c({}, t.data), {}, { msglist: t.msglist })) : e.showT"
"会员端","cancelAppoint","/c/user/cancelAppoint","pageCourse/coachCourse/index.js","334","{ appointid: e }).then(function (e) { 200 == e.code ? (t.showToast({ title: ""取消成功"", icon: ""none"", mask: !0, }),"
"会员端","getwarmHint","/c/user/getwarmHint","pageCourse/coachCourse/index.js","358","{ coursetype: 6 }).then(function (e) { 200 == e.code ? (n.kindReminder = e.data) : t.showToast({ title: e.msg, icon: ""none"" }); }); }, getCoachInf"
"会员端","findOneDrainerDetail","/c/user/findOneDrainerDetail","pageCourse/coachCourse/index.js","366","{ drainerId: this.drainerId, }).then(function (e) { if (200 == e.code) { var i = e.list, o = e.data, r = e.msglist;"
"会员端","cancelAppoint","/c/user/cancelAppoint","pageCourse/coachCourse/share-index.js","269","{ appointid: e }).then(function (e) { 200 == e.code ? (t.showToast({ title: ""取消成功"", icon: ""none"", mask: !0, }),"
"会员端","getwarmHintNoToken","/c/user/getwarmHint_noToken","pageCourse/coachCourse/share-index.js","284","{ coursetype: 6, dataid: this.drainerId, sign: this.sign, }).then(function (e) { 200 == e.code ? (n.kindReminder = e.data)"
"会员端","findOneDrainerDetail_noToken","/c/user/findOneDrainerDetail_noToken","pageCourse/coachCourse/share-index.js","296","{ drainerId: this.drainerId, sign: this.sign, }).then(function (e) { if (200 == e.code) { var i = e.list, o = e.data,"
"会员端","getDrainerTimeList","/c/user/getDrainerTimeList","pageCourse/components/selected-course-timer/index.js","301","{ drainerId: i, begintime: o, pcourseId: a, }).then(function (o) { var i = new Date("""".concat(t, ""T11:59:00"")).getTime(), a = new Date("""".concat(t, ""T17:59:00"")).ge"
"会员端","getCardListForPay","/c/user/getCardListForPay","pageCourse/components/selected-member-card/index.js","180","t).then(function (t) { if (200 == t.code) { if (((n.cardList = t.cardlist), n.cardList.length > 0)) { n.currentCard = n.cardList[n.cardList.length - 1]; var i = ["
"会员端","applyAppointment","/c/user/applyAppointment","pageCourse/components/selected-member-card/index.js","248","g).then(function (n) { e.hideLoading(), 200 == n.code ? (t.$refs.successModal.open(), setTimeout(function () { t.$emit("""
"会员端","replaceFormLine","/c/user/replaceFormLine","pageCourse/components/selected-member-card/index.js","269","C).then(function (n) { if (200 == n.code) { var i = n.waitUserCount, r = n.waitUserIndex; t.$refs.lineUpSuccess.open({ waitUserCount: i,"
"会员端","selectOneAppoint","/c/user/selectOneAppoint","pageHome/appointmentDetails/index.js","192","{ appointId: this.appointId }).then( function (e) { 200 == e.code ? (n.data = e.data) : t.showToast({ title: e.msg, icon: ""none"", mask: !0 }); },"
"会员端","submitCard","/c/user/submitcard","pageHome/buyingCard/components/confirm-card-info.js","167","t).then(function (t) { if (200 == t.code) { var c = t.data; o.requestPayment({ timeStamp: c.timeStamp, nonceStr: c.nonceStr,"
"会员端","getuserProtocolSetting","/c/user/getuserProtocolSetting","pageHome/buyingCard/components/confirm-card-info.js","204",").then(function (n) { e.nodes = n.data; }) : (0, c.cardPrivilege)({ cardId: this.cardInfo.cardId, }).then(function (n) { e.n"
"会员端","cardPrivilege","/c/user/cardPrivilege","pageHome/buyingCard/components/confirm-card-info.js","207","{ cardId: this.cardInfo.cardId, }).then(function (n) { e.nodes = n.data; }), (this.memberAgreement = !0); }, ok: function"
"会员端","checkCloseSite","/c/user/checkCloseSite","pageHome/buyingCard/index.js","130","); case 2: 200 == (r = n.sent).code ? ((r.exists = !1), (t.exists = r.exists), r.exists ?"
"会员端","getAllCardInfo","/c/user/getAllCardInfo","pageHome/buyingCard/index.js","143","{}).then(function (n) { if (200 == n.code) { if ( ((t.list = n.cardlist), t.defaultCardId) ) {"
"会员端","getNoticeList","/c/user/getNoticeList","pageHome/informDetails/index.js","82",").then(function (n) { var a = n.datalist.find(function (n) { return n.noticeId == e; }); t.record = a; }); }, }; t.default = c; }, }, [[""74be"", ""common/runtim"
"会员端","selectAppointOfMonth","/c/user/selectAppointOfMonth","pageMine/appointmentStatistics/index.js","148","this.parameter).then(function (n) { if ((t.hideLoading(), (e.isLoading = !1), 200 == n.code)) { var a = e.appointList ? e.appointList : []; e.appointList = [].concat( (0, i.default)(a),"
"会员端","sumAppointOfMonth","/c/user/sumAppointOfMonth","pageMine/appointmentStatistics/index.js","164","{ month: a, year: o }).then( function (n) { 200 == n.code ? (e.monthStatistics = n.data) : t.showToast({ title: n.msg, icon: ""none"" }); }, ); },"
"会员端","getuserProtocolSetting","/c/user/getuserProtocolSetting","pageMine/memberAgreement/index.js","67",").then(function (t) { 200 == t.code && (n.text = t.data); }); }, }; t.default = a; }, d6c1: function (n, t, e) { e.d(t, ""b"", function () { return a; }), e.d(t, ""c"", function"
"会员端","getWeixinPhoneNumber","/wx/getWeixinPhoneNumber","pageMine/modifidInfo/index.js","53","{ code: o, gztype: 3 }).then( function (n) { if (200 == n.code) { var o = n.data.phone_info.purePhoneNumber, i = t; (i.form.userPhone"
"会员端","UpdateUserInfo","/c/user/UpdateUserInfo","pageMine/modifidInfo/index.js","100","this.form).then(function (n) { e.hideLoading(), e.showToast({ title: 200 == n.code ? ""保存成功"" : n.msg, icon: ""none"", }), 200 == n.code &&"
"会员端","getMyUserInfo","/c/user/getMyUserInfo","pageMine/myInfo/index.js","155",").then(function (n) { if (200 == n.code) { var o = n.userField.map(function (e) { for (var n = 0; n < t.keys.length; n++) t.keys[n].text == e.text && (e ="
"会员端","UpdateUserInfo","/c/user/UpdateUserInfo","pageMine/myInfo/index.js","223","t).then(function (t) { e.showToast({ title: 200 === t.code ? ""修改成功"" : t.msg, icon: ""none"", }); }); }, }, created: function () { var t"
"会员端","cardPrivilege","/c/user/cardPrivilege","pageMine/myInterests/index.js","36","{ cardId: this.currentCard.cardId }).then( function (t) { 200 == t.code ? (e.text = t.data) : n.showToast({ title: t.msg, icon: ""none"" }); }, );"
"会员端","PointListByUserId","/c/user/PointListByUserId","pageMine/point/index.js","153","{ pageno: this.pageno, pagesize: this.pagesize, }).then(function (t) { var e; (n.descText = t.userInfo.descText), (n.totalPoint = t.userInfo.totalPoint)"
"会员端","rankList","/c/user/rankList","pageMine/rankingRecord/index.js","55",").then(function (e) { n.list = e.list.slice(0, 15); var t = e.myRank, u = t.userRealname, i = t.userFaceurl, o = t.indexnum, a = t.ncount; ("
"会员端","finddelUsercard","/c/user/finddelUsercard","pageMine/removeCard/index.js","109",").then(function (t) { 200 == t.code ? (e.list = t.cardlist) : n.showToast({ title: t.msg, icon: ""none"" }); }); }, recoverCard: function (e) {"
"会员端","recoverdelUserCard","/c/user/recoverdelUserCard","pageMine/removeCard/index.js","117","{ userCardId: e.userCardId }).then( function (e) { n.showLoading(), n.showToast({ title: 200 == e.code ? ""恢复成功"" : e.msg, icon: ""none"","
"会员端","sumUserList","/c/user/sumUserList","pageMine/totalStatistics/index.js","79",").then(function (e) { 200 == e.code ? ((t.list = e.yearlist), (t.totalCount = e.totalCount)) : n.showToast({ title: e.msg, icon: ""none"" }); }); }, }; t.default = a;"
"会员端","findUserAppointList","/c/user/findUserAppointList","pageMine/useRecord/index.js","199","{ pagesize: this.pagesize, pageno: this.pageno, userCardId: this.currentCard.userCardId, }).then(function (t) { if (((n.isLoading = !1), 200 == t.code)) {"
"会员端","findModifyLog","/c/user/findModifyLog","pageMine/useRecord/index.js","216","{ pagesize: this.pagesize, pageno: this.pageno, userCardId: this.currentCard.userCardId, }).then(function (t) { if (((n.isLoading = !1), 200 == t.code)) {"
"会员端","findAmountChangeLog","/c/user/findAmountChangeLog","pageMine/useRecord/index.js","233","{ pagesize: this.pagesize, pageno: this.pageno, userCardId: this.currentCard.userCardId, }).then(function (t) { if (((n.isLoading = !1), 200 == t.code)) {"
"会员端","findAllPrivateDrainerList","/c/user/findAllPrivateDrainerList","pages/appointmentCourse/index.js","156",").then(function (e) { (t.privateLoading = !1), (t.privateList = e.datalist); }); }, jumpLogin: function () { t.navigateTo({ url: ""/pages/authorization/info/index"" }); }"
"会员端","findTeamPlan","/c/user/findTeamPlan","pages/appointmentCourse/index.js","168","{ oneday: t }).then(function (t) { var n = t.list, o = t.mode; if ( ((e.clusterLoading = !1), (e.teamList = n), (e.shopStatus = o),"
"会员端","register","/c/user/register","pages/authorization/phone/index.js","135","o).then(function (n) { 200 == n.code ? (e.hideLoading(), e.showToast({ title: ""注册成功"", icon: ""none"", success: function () {"
"会员端","getWeixinPhoneNumber","/wx/getWeixinPhoneNumber","pages/authorization/phone/index.js","205","{ code: o, gztype: 3 }).then( function (n) { if (200 == n.code) { var o = n.data.phone_info.purePhoneNumber, a = t; e.setStorage({"
"会员端","myMainpage","/c/user/myMainpage","pages/index/components/card-info.js","88",").then(function (n) { var e = n.cardlist.filter(function (t) { return 0 == t.isPutWeixin; }); if (0 == e.length) return (t.show = !1), !1;"
"会员端","putweixinList","/c/user/putweixinList","pages/index/components/card-info.js","105","{}).then(function (e) { if (200 == e.code) { var i = e.cardlist.filter(function (t) { return 0 == t.isPutWeixin; }); (n.cardList = i),"
"会员端","getUserInfoForUpdate","/c/user/getUserInfoForUpdate","pages/index/index.js","86","{}).then(function (n) { 200 == n.code ? t.navigateTo({ url: ""/pageHome/buyingCard/index"" }) : t.showToast({ title: n.msg, icon: ""none"" }); }); },"
"会员端","getSiteFaceimage","/c/user/getSiteFaceimage","pages/index/index.js","96",").then(function (n) { null != n.data.imglist && n.data.imglist.length > 0 ? (t.imglist = n.data.imglist) : ((t.defImage = 1), t.imglist.push(n.data.defImage)),"
"会员端","cancelAppoint","/c/user/cancelAppoint","pages/index/index.js","132","{ appointid: e }).then(function (e) { 200 == e.code ? (t.showToast({ title: ""取消成功"", icon: ""none"", mask: !0,"
"会员端","getNoticeList","/c/user/getNoticeList","pages/index/index.js","168",").then(function (n) { t.informList = n.datalist; }); }, getAppointmentList: function () { var n = this, e = new Date(),"
"会员端","selectAppoint","/c/user/selectAppoint","pages/index/index.js","177","this.appointParameter).then( function (e) { if ( ((n.isLoading = !1), t.hideLoading(), e.list.forEach(function (t, n) {"
"会员端","putweixinList","/c/user/putweixinList","pages/mine/index.js","171",").then(function (n) { n.user; var e = n.cardlist; n.hellomsg, e && e.length > 0 && ((t.currentCard = e[e.length - 1]),"
"会员端","deleteUserCard","/c/user/deleteUserCard","pages/mine/index.js","214","{ userCardId: this.currentCard.userCardId, }).then(function (e) { t.hideLoading(), t.showToast({ title: 200 == e.code ? ""隐藏成功"" : e.msg, icon: ""n"
"会员端","myMainpage","/c/user/myMainpage","pages/mine/index.js","230",").then(function (n) { t.pointStarted = n.pointStarted; var e = n.user, i = n.cardlist, o = n.hellomsg; (t.info = a(a({}, e), {}, { cardlist: i, hellomsg: o })),"
"会员端","finddelUsercard","/c/user/finddelUsercard","pages/mine/index.js","244",").then(function (e) { 200 == e.code ? (n.removeCardNum = e.cardlist.length) : t.showToast({ title: e.msg, icon: ""none"" }); }); }, moreProject: function (t) {"
"会员端","myOrderList","/c/user/myOrderList","pages/myOrder/index.js","81",").then(function (e) { 200 === e.code ? ((t.orderList = e.list), (t.noData = 0 == t.orderList.length)) : n.showToast({ title: e.msg,"
"会员端","myOrderList_notoken","/c/user/myOrderList_notoken","pages/myOrder/index.js","97","{ jscode: r }).then( function (e) { 200 === e.code ? ((t.orderList = e.list), (t.noData = 0 == t.orderList.length)) : n.showToast({"
"会员端","getWeixinPhoneNumber","/wx/getWeixinPhoneNumber","pages/receiveCard/authorization/phone/index.js","63","{ code: a, gztype: 3 }).then( function (n) { if (200 == n.code) { var a = n.data.phone_info.purePhoneNumber, i = t; (i.phoneNumber = a"
"会员端","getUnionId","/wx/getUnionId","pages/receiveCard/authorization/phone/index.js","83","{ code: u, gztype: 3, }) );"
"会员端","takeByuserCardId","/c/user/takeByuserCardId","pages/receiveCard/authorization/phone/index.js","103","f) ); case 7: if ( (200 == (s = t.sent).code"
"会员端","getUserCardInfo","/c/user/getUserCardInfo","pages/receiveCard/index.js","155","{ sharekey: this.sharekey }).then( function (t) { if (200 == t.code) { console.log(t); var i = t.cardlist, a = t.validmsg, r = (t."
