"App","Source","Line","Reference","Resolved","Delivery","Exists"
"会员端","app.json","13","static/tabbar/index_icon.png","static/tabbar/index_icon.png","local","True"
"会员端","app.json","14","static/tabbar/index_selected_icon.png","static/tabbar/index_selected_icon.png","local","True"
"会员端","app.json","19","static/tabbar/appointment_icon.png","static/tabbar/appointment_icon.png","local","True"
"会员端","app.json","20","static/tabbar/appointment_selected_icon.png","static/tabbar/appointment_selected_icon.png","local","True"
"会员端","app.json","25","static/tabbar/mine_icon.png","static/tabbar/mine_icon.png","local","True"
"会员端","app.json","26","static/tabbar/mine_selected_icon.png","static/tabbar/mine_selected_icon.png","local","True"
"会员端","app.wxss","3259","//cdn1.dcloud.net.cn/4d544a43515441774d69556c643368694e7a4a6d4d6a4a6b596d4d315a475a695954526a/img/shadow-grey.png","//cdn1.dcloud.net.cn/4d544a43515441774d69556c643368694e7a4a6d4d6a4a6b596d4d315a475a695954526a/img/shadow-grey.png","remote_url","runtime"
"会员端","app.wxss","3262","//cdn1.dcloud.net.cn/4d544a43515441774d69556c643368694e7a4a6d4d6a4a6b596d4d315a475a695954526a/img/shadow-grey.png","//cdn1.dcloud.net.cn/4d544a43515441774d69556c643368694e7a4a6d4d6a4a6b596d4d315a475a695954526a/img/shadow-grey.png","remote_url","runtime"
"会员端","app.wxss","3267","//cdn1.dcloud.net.cn/4d544a43515441774d69556c643368694e7a4a6d4d6a4a6b596d4d315a475a695954526a/img/shadow-grey.png","//cdn1.dcloud.net.cn/4d544a43515441774d69556c643368694e7a4a6d4d6a4a6b596d4d315a475a695954526a/img/shadow-grey.png","remote_url","runtime"
"会员端","app.wxss","3270","//cdn1.dcloud.net.cn/4d544a43515441774d69556c643368694e7a4a6d4d6a4a6b596d4d315a475a695954526a/img/shadow-grey.png","//cdn1.dcloud.net.cn/4d544a43515441774d69556c643368694e7a4a6d4d6a4a6b596d4d315a475a695954526a/img/shadow-grey.png","remote_url","runtime"
"会员端","components/alert-panel/panel-active.js","26","/static/imgs/success.png","common/dict.uploadURL","backend_uploadURL","runtime"
"会员端","components/alert-panel/panel-active.js","30","/static/imgs/importantNote.png","common/dict.uploadURL","backend_uploadURL","runtime"
"会员端","components/alert-panel/panel-active.js","34","/static/imgs/importantNote.png","common/dict.uploadURL","backend_uploadURL","runtime"
"会员端","components/appointment-list/index.js","38","/static/imgs/arrow.png","common/dict.uploadURL","backend_uploadURL","runtime"
"会员端","components/appointment-list/index.js","49","/static/imgs/start.png","common/dict.uploadURL","backend_uploadURL","runtime"
"会员端","components/appointment-list/index.js","90","/static/imgs/triangle_02.png","common/dict.uploadURL","backend_uploadURL","runtime"
"会员端","components/appointment-list/index.js","100","/static/imgs/cancel_appointment.png","common/dict.uploadURL","backend_uploadURL","runtime"
"会员端","components/appointment-list/index.js","110","/static/imgs/cancel_line_up.png","common/dict.uploadURL","backend_uploadURL","runtime"
"会员端","components/dialog/index.js","64","/static/imgs/modal_close.png","common/dict.uploadURL","backend_uploadURL","runtime"
"会员端","components/ff-bottom-logo/showLogo.js","34","/static/imgs/bottom_logo.png","common/dict.uploadURL","backend_uploadURL","runtime"
"会员端","components/ff-counts-card/ff-counts-card.js","104","/static/imgs/back.png","common/dict.uploadURL","backend_uploadURL","runtime"
"会员端","components/mumber-card/index.js","44","/static/imgs/card-status-1.png","common/dict.uploadURL","backend_uploadURL","runtime"
"会员端","components/mumber-card/index.js","48","/static/imgs/card-status-2.png","common/dict.uploadURL","backend_uploadURL","runtime"
"会员端","components/mumber-card/index.js","54","/static/imgs/card-status-3.png","common/dict.uploadURL","backend_uploadURL","runtime"
"会员端","components/mumber-card/index.js","62","/static/imgs/card-status-4.png","common/dict.uploadURL","backend_uploadURL","runtime"
"会员端","components/mumber-card/index.js","66","/static/imgs/card-status-5.png","common/dict.uploadURL","backend_uploadURL","runtime"
"会员端","components/mumber-card/index.js","74","/static/imgs/firstcard.png","common/dict.uploadURL","backend_uploadURL","runtime"
"会员端","components/mumber-card/index.js","79","/static/imgs/card-status-firstclass.png","common/dict.uploadURL","backend_uploadURL","runtime"
"会员端","components/mumber-card/index.js","94","/static/imgs/back.png","common/dict.uploadURL","backend_uploadURL","runtime"
"会员端","components/mumber-card/index.js","103","/static/imgs/back.png","common/dict.uploadURL","backend_uploadURL","runtime"
"会员端","node-modules/uview-ui/components/u-icon/u-icon.wxss","13","//at.alicdn.com/t/font_1529455_k4s6di1d1.svg","//at.alicdn.com/t/font_1529455_k4s6di1d1.svg","remote_url","runtime"
"会员端","pageCourse/clusterCourse/index.js","68","/static/imgs/arrow.png","common/dict.uploadURL","backend_uploadURL","runtime"
"会员端","pageCourse/clusterCourse/index.js","77","/static/imgs/start.png","common/dict.uploadURL","backend_uploadURL","runtime"
"会员端","pageCourse/clusterCourse/index.js","139","/static/imgs/forward.png","common/dict.uploadURL","backend_uploadURL","runtime"
"会员端","pageCourse/clusterCourse/index.js","143","/static/imgs/go_back.png","common/dict.uploadURL","backend_uploadURL","runtime"
"会员端","pageCourse/clusterCourse/share-index.js","369","/static/imgs/arrow.png","common/dict.uploadURL","backend_uploadURL","runtime"
"会员端","pageCourse/clusterCourse/share-index.js","377","/static/imgs/start.png","common/dict.uploadURL","backend_uploadURL","runtime"
"会员端","pageCourse/clusterCourse/share-index.js","389","/static/imgs/forward.png","common/dict.uploadURL","backend_uploadURL","runtime"
"会员端","pageCourse/clusterCourse/share-index.js","390","/static/imgs/go_back.png","common/dict.uploadURL","backend_uploadURL","runtime"
"会员端","pageCourse/coachCourse/index.js","48","/static/imgs/left_brand.png","common/dict.uploadURL","backend_uploadURL","runtime"
"会员端","pageCourse/coachCourse/index.js","52","/static/imgs/right_brand.png","common/dict.uploadURL","backend_uploadURL","runtime"
"会员端","pageCourse/coachCourse/index.js","56","/static/imgs/man.png","common/dict.uploadURL","backend_uploadURL","runtime"
"会员端","pageCourse/coachCourse/index.js","60","/static/imgs/women.png","common/dict.uploadURL","backend_uploadURL","runtime"
"会员端","pageCourse/coachCourse/index.js","62","/static/imgs/c_course_times.png","common/dict.uploadURL","backend_uploadURL","runtime"
"会员端","pageCourse/coachCourse/index.js","65","/static/imgs/c_course_phone.png","common/dict.uploadURL","backend_uploadURL","runtime"
"会员端","pageCourse/coachCourse/index.js","80","/static/imgs/triangle_02.png","common/dict.uploadURL","backend_uploadURL","runtime"
"会员端","pageCourse/coachCourse/index.js","90","/static/imgs/cancel_appointment.png","common/dict.uploadURL","backend_uploadURL","runtime"
"会员端","pageCourse/coachCourse/index.js","96","/static/imgs/nodata.png","common/dict.uploadURL","backend_uploadURL","runtime"
"会员端","pageCourse/coachCourse/index.js","99","/static/imgs/forward.png","common/dict.uploadURL","backend_uploadURL","runtime"
"会员端","pageCourse/coachCourse/index.js","103","/static/imgs/go_back.png","common/dict.uploadURL","backend_uploadURL","runtime"
"会员端","pageCourse/coachCourse/share-index.js","44","/static/imgs/left_brand.png","common/dict.uploadURL","backend_uploadURL","runtime"
"会员端","pageCourse/coachCourse/share-index.js","48","/static/imgs/right_brand.png","common/dict.uploadURL","backend_uploadURL","runtime"
"会员端","pageCourse/coachCourse/share-index.js","52","/static/imgs/man.png","common/dict.uploadURL","backend_uploadURL","runtime"
"会员端","pageCourse/coachCourse/share-index.js","56","/static/imgs/women.png","common/dict.uploadURL","backend_uploadURL","runtime"
"会员端","pageCourse/coachCourse/share-index.js","58","/static/imgs/c_course_times.png","common/dict.uploadURL","backend_uploadURL","runtime"
"会员端","pageCourse/coachCourse/share-index.js","59","/static/imgs/c_course_phone.png","common/dict.uploadURL","backend_uploadURL","runtime"
"会员端","pageCourse/coachCourse/share-index.js","72","/static/imgs/triangle_02.png","common/dict.uploadURL","backend_uploadURL","runtime"
"会员端","pageCourse/coachCourse/share-index.js","82","/static/imgs/cancel_appointment.png","common/dict.uploadURL","backend_uploadURL","runtime"
"会员端","pageCourse/coachCourse/share-index.js","88","/static/imgs/nodata.png","common/dict.uploadURL","backend_uploadURL","runtime"
"会员端","pageCourse/coachCourse/share-index.js","89","/static/imgs/forward.png","common/dict.uploadURL","backend_uploadURL","runtime"
"会员端","pageCourse/coachCourse/share-index.js","90","/static/imgs/go_back.png","common/dict.uploadURL","backend_uploadURL","runtime"
"会员端","pageCourse/components/selected-course-timer/index.js","58","/static/imgs/date.png","common/dict.uploadURL","backend_uploadURL","runtime"
"会员端","pageCourse/components/selected-course-timer/index.js","67","/static/imgs/nodata.png","common/dict.uploadURL","backend_uploadURL","runtime"
"会员端","pageCourse/components/selected-member-card/components/line-up-success.js","104","@/static/imgs/success.png","common/dict.uploadURL","backend_uploadURL","runtime"
"会员端","pageCourse/components/selected-member-card/components/success.js","32","@/static/imgs/success.png","common/dict.uploadURL","backend_uploadURL","runtime"
"会员端","pageCourse/components/selected-member-card/index.js","350","@/static/imgs/card_default_img.png","common/dict.uploadURL","backend_uploadURL","runtime"
"会员端","pageHome/appointmentDetails/index.js","85","/static/imgs/arrow.png","common/dict.uploadURL","backend_uploadURL","runtime"
"会员端","pageHome/appointmentDetails/index.js","92","/static/imgs/start.png","common/dict.uploadURL","backend_uploadURL","runtime"
"会员端","pageHome/buyingCard/buySuccess.js","92","/static/imgs/success.png","common/dict.uploadURL","backend_uploadURL","runtime"
"会员端","pageHome/buyingCard/index.js","234","/static/imgs/nodata.png","common/dict.uploadURL","backend_uploadURL","runtime"
"会员端","pageHome/buyingCard/index.js","235","/static/imgs/c_stop_doing_bg.png","common/dict.uploadURL","backend_uploadURL","runtime"
"会员端","pageHome/buyingCard/index.js","237","/static/imgs/c_stop_doing_text.png","common/dict.uploadURL","backend_uploadURL","runtime"
"会员端","pageHome/QRcode/QRcode.js","15","/static/imgs/qr_code_c.png","common/dict.uploadURL","backend_uploadURL","runtime"
"会员端","pageHome/QRcode/QRcode.js","16","/static/imgs/qr_icon_c.png","common/dict.uploadURL","backend_uploadURL","runtime"
"会员端","pageHome/QRcode/QRcode.js","17","/static/imgs/qr_shadow.png","common/dict.uploadURL","backend_uploadURL","runtime"
"会员端","pageHome/toggleShop/index.js","89","/static/imgs/current_stadium.png","common/dict.uploadURL","backend_uploadURL","runtime"
"会员端","pageMine/appointmentStatistics/index.js","48","/static/imgs/nodata.png","common/dict.uploadURL","backend_uploadURL","runtime"
"会员端","pageMine/components/navigation/headPhoto.js","96","/static/imgs/back.png","common/dict.uploadURL","backend_uploadURL","runtime"
"会员端","pageMine/memberAgreement/index.js","96","/static/imgs/nodata.png","common/dict.uploadURL","backend_uploadURL","runtime"
"会员端","pageMine/myInfo/index.js","350","/static/imgs/camera.png","common/dict.uploadURL","backend_uploadURL","runtime"
"会员端","pageMine/point/index.js","64","imgs/202505/point_head.jpg","common/dict.uploadURL","backend_uploadURL","runtime"
"会员端","pageMine/point/index.js","71","/static/imgs/nodata.png","common/dict.uploadURL","backend_uploadURL","runtime"
"会员端","pageMine/rankingRecord/index.js","132","/static/imgs/bg002.png","common/dict.uploadURL","backend_uploadURL","runtime"
"会员端","pageMine/rankingRecord/index.js","138","/static/imgs/member_num0.png","common/dict.uploadURL","backend_uploadURL","runtime"
"会员端","pageMine/rankingRecord/index.js","142","/static/imgs/member_num1.png","common/dict.uploadURL","backend_uploadURL","runtime"
"会员端","pageMine/rankingRecord/index.js","146","/static/imgs/member_num2.png","common/dict.uploadURL","backend_uploadURL","runtime"
"会员端","pageMine/rankingRecord/index.js","148","/static/imgs/c-self-img.png","common/dict.uploadURL","backend_uploadURL","runtime"
"会员端","pageMine/totalStatistics/index.js","54","/static/imgs/nodata.png","common/dict.uploadURL","backend_uploadURL","runtime"
"会员端","pageMine/useRecord/index.js","40","/static/imgs/nodata.png","common/dict.uploadURL","backend_uploadURL","runtime"
"会员端","pageMine/useRecord/index.js","42","/static/imgs/nodata.png","common/dict.uploadURL","backend_uploadURL","runtime"
"会员端","pageMine/useRecord/index.js","47","/static/imgs/nodata.png","common/dict.uploadURL","backend_uploadURL","runtime"
"会员端","pageMine/useRecord/index.js","58","imgs/202501/red-icon.png","common/dict.uploadURL","backend_uploadURL","runtime"
"会员端","pageMine/useRecord/index.js","62","imgs/202501/blue-icon.png","common/dict.uploadURL","backend_uploadURL","runtime"
"会员端","pages/appointmentCourse/index.js","399","/static/imgs/left_brand.png","common/dict.uploadURL","backend_uploadURL","runtime"
"会员端","pages/appointmentCourse/index.js","403","/static/imgs/right_brand.png","common/dict.uploadURL","backend_uploadURL","runtime"
"会员端","pages/appointmentCourse/index.js","409","/static/imgs/date.png","common/dict.uploadURL","backend_uploadURL","runtime"
"会员端","pages/appointmentCourse/index.js","429","/static/imgs/course_corner_mark1.png","common/dict.uploadURL","backend_uploadURL","runtime"
"会员端","pages/appointmentCourse/index.js","443","/static/imgs/arrow.png","common/dict.uploadURL","backend_uploadURL","runtime"
"会员端","pages/appointmentCourse/index.js","453","/static/imgs/start.png","common/dict.uploadURL","backend_uploadURL","runtime"
"会员端","pages/appointmentCourse/index.js","660","/static/imgs/nodata.png","common/dict.uploadURL","backend_uploadURL","runtime"
"会员端","pages/appointmentCourse/index.js","672","/static/imgs/nodata.png","common/dict.uploadURL","backend_uploadURL","runtime"
"会员端","pages/appointmentCourse/index.js","676","/static/imgs/c_stop_doing_bg.png","common/dict.uploadURL","backend_uploadURL","runtime"
"会员端","pages/appointmentCourse/index.js","680","/static/imgs/c_stop_doing_text.png","common/dict.uploadURL","backend_uploadURL","runtime"
"会员端","pages/authorization/info/index.js","54","/static/imgs/default-photo.png","common/dict.uploadURL","backend_uploadURL","runtime"
"会员端","pages/index/components/card-info.js","165","/static/imgs/c-index-inform.png","common/dict.uploadURL","backend_uploadURL","runtime"
"会员端","pages/index/components/site-list.js","24","/static/imgs/c-index-inform.png","common/dict.uploadURL","backend_uploadURL","runtime"
"会员端","pages/index/index.js","411","/static/imgs/home_change_shop.png","common/dict.uploadURL","backend_uploadURL","runtime"
"会员端","pages/index/index.js","412","/static/imgs/home-phone.png","common/dict.uploadURL","backend_uploadURL","runtime"
"会员端","pages/index/index.js","413","/static/imgs/home-share.png","common/dict.uploadURL","backend_uploadURL","runtime"
"会员端","pages/index/index.js","414","/static/imgs/home_index.png","common/dict.uploadURL","backend_uploadURL","runtime"
"会员端","pages/index/index.js","415","/static/imgs/home_buycard.png","common/dict.uploadURL","backend_uploadURL","runtime"
"会员端","pages/index/index.js","416","/static/imgs/home_appointment.png","common/dict.uploadURL","backend_uploadURL","runtime"
"会员端","pages/index/index.js","417","/static/imgs/home_statistics.png","common/dict.uploadURL","backend_uploadURL","runtime"
"会员端","pages/index/index.js","423","/static/imgs/c_bg_inform_img.png","common/dict.uploadURL","backend_uploadURL","runtime"
"会员端","pages/index/index.js","424","/static/imgs/c_infrom_text.png","common/dict.uploadURL","backend_uploadURL","runtime"
"会员端","pages/index/index.js","430","/static/imgs/nodata.png","common/dict.uploadURL","backend_uploadURL","runtime"
"会员端","pages/mine/index.js","304","/static/imgs/setting-info.png","common/dict.uploadURL","backend_uploadURL","runtime"
"会员端","pages/mine/index.js","308","/static/imgs/use-record.png","common/dict.uploadURL","backend_uploadURL","runtime"
"会员端","pages/mine/index.js","309","/static/imgs/202510/yebd.png","common/dict.uploadURL","backend_uploadURL","runtime"
"会员端","pages/mine/index.js","310","/static/imgs/equities.png","common/dict.uploadURL","backend_uploadURL","runtime"
"会员端","pages/mine/index.js","313","/static/imgs/triangle_02.png","common/dict.uploadURL","backend_uploadURL","runtime"
"会员端","pages/mine/index.js","317","/static/imgs/renew.png","common/dict.uploadURL","backend_uploadURL","runtime"
"会员端","pages/mine/index.js","321","/static/imgs/remove-card.png","common/dict.uploadURL","backend_uploadURL","runtime"
"会员端","pages/mine/index.js","325","/static/imgs/c-recover.png","common/dict.uploadURL","backend_uploadURL","runtime"
"会员端","pages/mine/index.js","327","/static/imgs/c-no-card.png","common/dict.uploadURL","backend_uploadURL","runtime"
"会员端","pages/mine/index.js","330","/static/imgs/c-recover.png","common/dict.uploadURL","backend_uploadURL","runtime"
"会员端","pages/mine/index.js","332","/static/imgs/appointment-record.png","common/dict.uploadURL","backend_uploadURL","runtime"
"会员端","pages/mine/index.js","333","/static/imgs/member-agreement.png","common/dict.uploadURL","backend_uploadURL","runtime"
"会员端","pages/mine/index.js","334","/static/imgs/mine-order.png","common/dict.uploadURL","backend_uploadURL","runtime"
"会员端","pages/mine/index.js","335","/static/imgs/mine-datum.png","common/dict.uploadURL","backend_uploadURL","runtime"
"会员端","pages/myOrder/index.js","168","/static/imgs/nodata.png","common/dict.uploadURL","backend_uploadURL","runtime"
"会员端","pages/not/index.js","24","/static/imgs/logo-bottom.png","common/dict.uploadURL","backend_uploadURL","runtime"
"会员端","pages/receiveCard/authorization/info/index.js","40","/static/imgs/default-photo.png","common/dict.uploadURL","backend_uploadURL","runtime"
"会员端","pages/receiveCard/index.js","240","/static/imgs/background.jpg","common/dict.uploadURL","backend_uploadURL","runtime"
"会员端","pages/receiveCard/index.js","241","/static/imgs/back_home.png","common/dict.uploadURL","backend_uploadURL","runtime"
"会员端","pages/receiveCard/index.js","245","/static/imgs/not-receive.png","common/dict.uploadURL","backend_uploadURL","runtime"
"会员端","pages/receiveCard/index.js","249","/static/imgs/nocard.png","common/dict.uploadURL","backend_uploadURL","runtime"
"会员端","pages/receiveCard/index.js","255","/static/imgs/forward.png","common/dict.uploadURL","backend_uploadURL","runtime"
"会员端","pages/receiveCard/index.js","256","/static/imgs/go_back.png","common/dict.uploadURL","backend_uploadURL","runtime"
"会员端","pages/receiveCard/index.js","95","/static/imgs/background.jpg","common/dict.uploadURL","backend_uploadURL","False"
"会员端","pages/start/index.wxml","13","/static/imgs/laba.png","static/imgs/laba.png","local","True"
"管理端","app.wxss","3400","//cdn1.dcloud.net.cn/524456474f544d315153556c643367335a54526a59546b77597a6b334d7a59314e6a6779/img/shadow-grey.png","//cdn1.dcloud.net.cn/524456474f544d315153556c643367335a54526a59546b77597a6b334d7a59314e6a6779/img/shadow-grey.png","remote_url","runtime"
"管理端","app.wxss","3403","//cdn1.dcloud.net.cn/524456474f544d315153556c643367335a54526a59546b77597a6b334d7a59314e6a6779/img/shadow-grey.png","//cdn1.dcloud.net.cn/524456474f544d315153556c643367335a54526a59546b77597a6b334d7a59314e6a6779/img/shadow-grey.png","remote_url","runtime"
"管理端","app.wxss","3408","//cdn1.dcloud.net.cn/524456474f544d315153556c643367335a54526a59546b77597a6b334d7a59314e6a6779/img/shadow-grey.png","//cdn1.dcloud.net.cn/524456474f544d315153556c643367335a54526a59546b77597a6b334d7a59314e6a6779/img/shadow-grey.png","remote_url","runtime"
"管理端","app.wxss","3411","//cdn1.dcloud.net.cn/524456474f544d315153556c643367335a54526a59546b77597a6b334d7a59314e6a6779/img/shadow-grey.png","//cdn1.dcloud.net.cn/524456474f544d315153556c643367335a54526a59546b77597a6b334d7a59314e6a6779/img/shadow-grey.png","remote_url","runtime"
"管理端","components/cardToolbox/administer/balance.js","76","/static/imgs/add.png","common/dict.uploadURL","backend_uploadURL","runtime"
"管理端","components/cardToolbox/administer/balance.js","81","/static/imgs/minus.png","common/dict.uploadURL","backend_uploadURL","runtime"
"管理端","components/cardToolbox/administer/balance.js","92","/static/imgs/add.png","common/dict.uploadURL","backend_uploadURL","runtime"
"管理端","components/cardToolbox/administer/balance.js","99","/static/imgs/minus.png","common/dict.uploadURL","backend_uploadURL","runtime"
"管理端","components/cardToolbox/administer/balance.js","100","/static/imgs/right.png","common/dict.uploadURL","backend_uploadURL","runtime"
"管理端","components/cardToolbox/administer/balance.js","101","/static/imgs/right.png","common/dict.uploadURL","backend_uploadURL","runtime"
"管理端","components/cardToolbox/administer/card_stopping.js","35","/static/imgs/right.png","common/dict.uploadURL","backend_uploadURL","runtime"
"管理端","components/cardToolbox/administer/card_stopping.js","37","/static/imgs/right.png","common/dict.uploadURL","backend_uploadURL","runtime"
"管理端","components/cardToolbox/administer/leave.js","53","/static/imgs/right.png","common/dict.uploadURL","backend_uploadURL","runtime"
"管理端","components/cardToolbox/administer/leave.js","55","/static/imgs/right.png","common/dict.uploadURL","backend_uploadURL","runtime"
"管理端","components/cardToolbox/administer/mark-pop.js","67","/static/imgs/red_flag.png","common/dict.uploadURL","backend_uploadURL","False"
"管理端","components/cardToolbox/administer/mark-pop.js","73","/static/imgs/yellow_flag.png","common/dict.uploadURL","backend_uploadURL","False"
"管理端","components/cardToolbox/administer/mark-pop.js","79","/static/imgs/green_flag.png","common/dict.uploadURL","backend_uploadURL","False"
"管理端","components/cardToolbox/administer/mark-pop.js","85","/static/imgs/blue_flag.png","common/dict.uploadURL","backend_uploadURL","False"
"管理端","components/cardToolbox/administer/mark-pop.js","91","/static/imgs/purple_flag.png","common/dict.uploadURL","backend_uploadURL","False"
"管理端","components/cardToolbox/administer/mark-pop.js","97","/static/imgs/white_flag.png","common/dict.uploadURL","backend_uploadURL","False"
"管理端","components/cardToolbox/administer/renew.js","65","/static/imgs/add.png","common/dict.uploadURL","backend_uploadURL","runtime"
"管理端","components/cardToolbox/administer/renew.js","70","/static/imgs/minus.png","common/dict.uploadURL","backend_uploadURL","runtime"
"管理端","components/cardToolbox/administer/renew.js","74","/static/imgs/right.png","common/dict.uploadURL","backend_uploadURL","runtime"
"管理端","components/cardToolbox/administer/renew.js","75","/static/imgs/add.png","common/dict.uploadURL","backend_uploadURL","runtime"
"管理端","components/cardToolbox/administer/renew.js","76","/static/imgs/minus.png","common/dict.uploadURL","backend_uploadURL","runtime"
"管理端","components/cardToolbox/administer/renew.js","77","/static/imgs/right.png","common/dict.uploadURL","backend_uploadURL","runtime"
"管理端","components/cardToolbox/administer/renew.js","78","/static/imgs/right.png","common/dict.uploadURL","backend_uploadURL","runtime"
"管理端","components/cardToolbox/administer/validity.js","40","/static/imgs/right.png","common/dict.uploadURL","backend_uploadURL","runtime"
"管理端","components/cardToolbox/administer/validity.js","41","/static/imgs/right.png","common/dict.uploadURL","backend_uploadURL","runtime"
"管理端","components/cardToolbox/getCard/index.js","29","/static/imgs/forward.png","common/dict.uploadURL","backend_uploadURL","runtime"
"管理端","components/cardToolbox/getCard/index.js","30","/static/imgs/receive.png","common/dict.uploadURL","backend_uploadURL","runtime"
"管理端","components/cardToolbox/immediatelyCard/card_limit.js","519","/static/imgs/report_right_arrow.png","common/dict.uploadURL","backend_uploadURL","runtime"
"管理端","components/cardToolbox/immediatelyCard/card_limit.js","523","/static/imgs/report_right_arrow.png","common/dict.uploadURL","backend_uploadURL","runtime"
"管理端","components/cardToolbox/immediatelyCard/card_limit.js","541","/static/imgs/report_right_arrow.png","common/dict.uploadURL","backend_uploadURL","runtime"
"管理端","components/cardToolbox/immediatelyCard/card_limit.js","547","/static/imgs/report_right_arrow.png","common/dict.uploadURL","backend_uploadURL","runtime"
"管理端","components/cardToolbox/immediatelyCard/card_limit.js","562","/static/imgs/report_right_arrow.png","common/dict.uploadURL","backend_uploadURL","runtime"
"管理端","components/cardToolbox/immediatelyCard/card_limit.js","567","/static/imgs/report_right_arrow.png","common/dict.uploadURL","backend_uploadURL","runtime"
"管理端","components/cardToolbox/immediatelyCard/new_card.js","183","/static/imgs/halt-sales-card.png","common/dict.uploadURL","backend_uploadURL","runtime"
"管理端","components/cardToolbox/immediatelyCard/new_card.js","187","/static/imgs/nodata.png","common/dict.uploadURL","backend_uploadURL","runtime"
"管理端","components/cardToolbox/member-details.js","33","/static/imgs/202409/forbidden.png","common/dict.uploadURL","backend_uploadURL","runtime"
"管理端","components/cardToolbox/member-details.js","36","/static/imgs/member-card-close.png","common/dict.uploadURL","backend_uploadURL","runtime"
"管理端","components/cardToolbox/member-details.js","40","/static/imgs/tagging.png","common/dict.uploadURL","backend_uploadURL","runtime"
"管理端","components/cardToolbox/member-details.js","44","/static/imgs/red_flag.png","common/dict.uploadURL","backend_uploadURL","runtime"
"管理端","components/cardToolbox/member-details.js","48","/static/imgs/yellow_flag.png","common/dict.uploadURL","backend_uploadURL","runtime"
"管理端","components/cardToolbox/member-details.js","52","/static/imgs/green_flag.png","common/dict.uploadURL","backend_uploadURL","runtime"
"管理端","components/cardToolbox/member-details.js","56","/static/imgs/blue_flag.png","common/dict.uploadURL","backend_uploadURL","runtime"
"管理端","components/cardToolbox/member-details.js","60","/static/imgs/purple_flag.png","common/dict.uploadURL","backend_uploadURL","runtime"
"管理端","components/cardToolbox/member-details.js","63","/static/imgs/member-card-phone.png","common/dict.uploadURL","backend_uploadURL","runtime"
"管理端","components/cardToolbox/member-details.js","65","/static/imgs/remarks.png","common/dict.uploadURL","backend_uploadURL","runtime"
"管理端","components/cardToolbox/member-details.js","71","/static/imgs/202411/recycle.png","common/dict.uploadURL","backend_uploadURL","runtime"
"管理端","components/cardToolbox/member-details.js","78","/static/imgs/Issue_new_card.png","common/dict.uploadURL","backend_uploadURL","runtime"
"管理端","components/cardToolbox/member-details.js","91","/static/imgs/arrow_right.png","common/dict.uploadURL","backend_uploadURL","runtime"
"管理端","components/cardToolbox/member-details.js","102","/static/imgs/card_tool_disabled.png","common/dict.uploadURL","backend_uploadURL","runtime"
"管理端","components/cardToolbox/member-details.js","107","/static/imgs/membership _card.png","common/dict.uploadURL","backend_uploadURL","runtime"
"管理端","components/cardToolbox/member-details.js","111","/static/imgs/202411/recycle.png","common/dict.uploadURL","backend_uploadURL","runtime"
"管理端","components/cardToolbox/member-details.js","117","/static/imgs/right.png","common/dict.uploadURL","backend_uploadURL","runtime"
"管理端","components/cardToolbox/member-details.js","362","/static/imgs/balance.png","common/dict.uploadURL","backend_uploadURL","False"
"管理端","components/cardToolbox/member-details.js","369","/static/imgs/validity.png","common/dict.uploadURL","backend_uploadURL","False"
"管理端","components/cardToolbox/member-details.js","376","/static/imgs/leave.png","common/dict.uploadURL","backend_uploadURL","False"
"管理端","components/cardToolbox/member-details.js","383","/static/imgs/stopping.png","common/dict.uploadURL","backend_uploadURL","False"
"管理端","components/cardToolbox/member-details.js","390","/static/imgs/renew-icon.png","common/dict.uploadURL","backend_uploadURL","False"
"管理端","components/cardToolbox/member-details.js","397","/imgs/cardremark.png","common/dict.uploadURL","backend_uploadURL","False"
"管理端","components/cardToolbox/member-details.js","404","/static/imgs/delete_card.png","common/dict.uploadURL","backend_uploadURL","False"
"管理端","components/expiredAlert/expiredAlert.js","25","/static/imgs/home_expires2.png","common/dict.uploadURL","backend_uploadURL","runtime"
"管理端","components/expiredAlert/expiredAlert.js","26","/static/imgs/home_expires1.png","common/dict.uploadURL","backend_uploadURL","runtime"
"管理端","components/ff-bottom-logo/ff-bottom-logo.js","82","/static/imgs/bottom_logo_1.png","common/dict.uploadURL","backend_uploadURL","runtime"
"管理端","components/ff-bottom-logo/ff-bottom-logo.js","86","/static/imgs/bottom_logo-deep.png","common/dict.uploadURL","backend_uploadURL","runtime"
"管理端","components/ff-counts-card/ff-counts-card.js","116","/static/imgs/back.png","common/dict.uploadURL","backend_uploadURL","runtime"
"管理端","components/ff-date-card/ff-date-card.js","20","/static/imgs/back.png","common/dict.uploadURL","backend_uploadURL","runtime"
"管理端","components/mumber-card/index.js","140","/static/imgs/card-status-1.png","common/dict.uploadURL","backend_uploadURL","runtime"
"管理端","components/mumber-card/index.js","144","/static/imgs/card-status-2.png","common/dict.uploadURL","backend_uploadURL","runtime"
"管理端","components/mumber-card/index.js","150","/static/imgs/card-status-3.png","common/dict.uploadURL","backend_uploadURL","runtime"
"管理端","components/mumber-card/index.js","158","/static/imgs/card-status-4.png","common/dict.uploadURL","backend_uploadURL","runtime"
"管理端","components/mumber-card/index.js","162","/static/imgs/card-status-5.png","common/dict.uploadURL","backend_uploadURL","runtime"
"管理端","components/mumber-card/index.js","170","/static/imgs/firstcard.png","common/dict.uploadURL","backend_uploadURL","runtime"
"管理端","components/mumber-card/index.js","175","/static/imgs/card-status-firstclass.png","common/dict.uploadURL","backend_uploadURL","runtime"
"管理端","components/mumber-card/index.js","190","/static/imgs/back.png","common/dict.uploadURL","backend_uploadURL","runtime"
"管理端","components/mumber-card/index.js","199","/static/imgs/back.png","common/dict.uploadURL","backend_uploadURL","runtime"
"管理端","components/navigation/index.js","22","/static/imgs/back.png","common/dict.uploadURL","backend_uploadURL","runtime"
"管理端","components/nodata/nodata.js","99","/static/imgs/nodata.png","common/dict.uploadURL","backend_uploadURL","runtime"
"管理端","components/time-popup/time-popup.js","102","/static/imgs/right.png","common/dict.uploadURL","backend_uploadURL","runtime"
"管理端","pageChain/brand/index.js","44","/static/imgs/camera.png","common/dict.uploadURL","backend_uploadURL","runtime"
"管理端","pageChain/card/card-subject/index.js","101","/static/imgs/halt-sales-card.png","common/dict.uploadURL","backend_uploadURL","runtime"
"管理端","pageChain/card/card-subject/index.js","114","/static/imgs/halt-sales-card.png","common/dict.uploadURL","backend_uploadURL","runtime"
"管理端","pageChain/card/card-subject/index.js","121","/static/imgs/nodata.png","common/dict.uploadURL","backend_uploadURL","runtime"
"管理端","pageChain/card/create/create.js","38","/static/imgs/card_counts_icon.png","common/dict.uploadURL","backend_uploadURL","runtime"
"管理端","pageChain/card/create/create.js","39","/static/imgs/report_right_arrow.png","common/dict.uploadURL","backend_uploadURL","runtime"
"管理端","pageChain/card/create/create.js","40","/static/imgs/card_date_icon.png","common/dict.uploadURL","backend_uploadURL","runtime"
"管理端","pageChain/card/create/create.js","41","/static/imgs/report_right_arrow.png","common/dict.uploadURL","backend_uploadURL","runtime"
"管理端","pageChain/card/create/create.js","42","/static/imgs/card_value_icon.png","common/dict.uploadURL","backend_uploadURL","runtime"
"管理端","pageChain/card/create/create.js","43","/static/imgs/report_right_arrow.png","common/dict.uploadURL","backend_uploadURL","runtime"
"管理端","pageChain/card/home/home.js","265","/unioncard/del-show.png","common/dict.uploadURL","backend_uploadURL","runtime"
"管理端","pageChain/card/home/home.js","273","/static/imgs/halt-sales-card.png","common/dict.uploadURL","backend_uploadURL","runtime"
"管理端","pageChain/card/home/home.js","284","/static/imgs/card_default_img.png","common/dict.uploadURL","backend_uploadURL","runtime"
"管理端","pageChain/card/home/subbranch-home.js","67","/unioncard/shop-show.png","common/dict.uploadURL","backend_uploadURL","runtime"
"管理端","pageChain/card/home/subbranch-home.js","71","/unioncard/shop-hide.png","common/dict.uploadURL","backend_uploadURL","runtime"
"管理端","pageChain/card/home/subbranch-home.js","96","/static/imgs/nodata.png","common/dict.uploadURL","backend_uploadURL","runtime"
"管理端","pageChain/card/home/subbranch-home.js","87","/static/imgs/halt-sales-card.png","common/dict.uploadURL","backend_uploadURL","False"
"管理端","pageChain/card/setting-single-subject/index.js","473","/static/imgs/halt-sales-card.png","common/dict.uploadURL","backend_uploadURL","runtime"
"管理端","pageChain/cardStatistics/detailed-records.js","106","/static/imgs/halt-sales-card.png","common/dict.uploadURL","backend_uploadURL","runtime"
"管理端","pageChain/cardStatistics/detailed-records.js","112","/static/imgs/handle_mumber.png","common/dict.uploadURL","backend_uploadURL","runtime"
"管理端","pageChain/cardStatistics/detailed-records.js","113","/static/imgs/triangle_02.png","common/dict.uploadURL","backend_uploadURL","runtime"
"管理端","pageChain/cardStatistics/detailed-records.js","114","/static/imgs/remark1.png","common/dict.uploadURL","backend_uploadURL","runtime"
"管理端","pageChain/cardStatistics/detailed-records.js","115","/static/imgs/remark2.png","common/dict.uploadURL","backend_uploadURL","runtime"
"管理端","pageChain/cardStatistics/detailed-records.js","122","/static/imgs/left_type_02_icon.png","common/dict.uploadURL","backend_uploadURL","runtime"
"管理端","pageChain/cardStatistics/detailed-records.js","126","/static/imgs/left_type_01_icon.png","common/dict.uploadURL","backend_uploadURL","runtime"
"管理端","pageChain/cardStatistics/index.js","375","/static/imgs/halt-sales-card.png","common/dict.uploadURL","backend_uploadURL","runtime"
"管理端","pageChain/cardStatistics/index.js","388","/static/imgs/handle_mumber.png","common/dict.uploadURL","backend_uploadURL","runtime"
"管理端","pageChain/cardStatistics/index.js","389","/static/imgs/triangle_02.png","common/dict.uploadURL","backend_uploadURL","runtime"
"管理端","pageChain/cardStatistics/index.js","390","/static/imgs/remark1.png","common/dict.uploadURL","backend_uploadURL","runtime"
"管理端","pageChain/cardStatistics/index.js","391","/static/imgs/remark2.png","common/dict.uploadURL","backend_uploadURL","runtime"
"管理端","pageChain/cardStatistics/index.js","398","/static/imgs/left_type_02_icon.png","common/dict.uploadURL","backend_uploadURL","runtime"
"管理端","pageChain/cardStatistics/index.js","402","/static/imgs/left_type_01_icon.png","common/dict.uploadURL","backend_uploadURL","runtime"
"管理端","pageChain/cardStatistics/index.js","412","/static/imgs/nodata.png","common/dict.uploadURL","backend_uploadURL","runtime"
"管理端","pageChain/cardStatistics/index.js","413","/static/imgs/nodata.png","common/dict.uploadURL","backend_uploadURL","runtime"
"管理端","pageChain/configStaff/index.js","183","/static/imgs/women.png","common/dict.uploadURL","backend_uploadURL","runtime"
"管理端","pageChain/configStaff/index.js","187","/static/imgs/man.png","common/dict.uploadURL","backend_uploadURL","runtime"
"管理端","pageChain/configStaff/index.js","199","/static/imgs/women.png","common/dict.uploadURL","backend_uploadURL","runtime"
"管理端","pageChain/configStaff/index.js","203","/static/imgs/man.png","common/dict.uploadURL","backend_uploadURL","runtime"
"管理端","pageChain/configStaff/index.js","207","/static/imgs/nodata.png","common/dict.uploadURL","backend_uploadURL","runtime"
"管理端","pageChain/configStaff/staff-edit.js","70","/static/imgs/headimg.png","common/dict.uploadURL","backend_uploadURL","runtime"
"管理端","pageChain/configStaff/staff-edit.js","73","/static/imgs/camera.png","common/dict.uploadURL","backend_uploadURL","runtime"
"管理端","pageChain/courseStatistics/detailed.js","328","/static/imgs/suspend_course.png","common/dict.uploadURL","backend_uploadURL","runtime"
"管理端","pageChain/courseStatistics/detailed.js","332","/static/imgs/cancel_course.png","common/dict.uploadURL","backend_uploadURL","runtime"
"管理端","pageChain/courseStatistics/detailed.js","336","/static/imgs/ended_course.png","common/dict.uploadURL","backend_uploadURL","runtime"
"管理端","pageChain/courseStatistics/detailed.js","340","/static/imgs/arrow.png","common/dict.uploadURL","backend_uploadURL","runtime"
"管理端","pageChain/courseStatistics/detailed.js","356","/static/imgs/arrow.png","common/dict.uploadURL","backend_uploadURL","runtime"
"管理端","pageChain/courseStatistics/detailed.js","364","/static/imgs/nodata.png","common/dict.uploadURL","backend_uploadURL","runtime"
"管理端","pageChain/courseStatistics/detailed.js","404","/static/imgs/nodata.png","common/dict.uploadURL","backend_uploadURL","runtime"
"管理端","pageChain/courseStatistics/detailed.js","390","/static/imgs/multi_card_icon.png","common/dict.uploadURL","backend_uploadURL","False"
"管理端","pageChain/courseStatistics/index.js","67","/static/imgs/triangle.png","common/dict.uploadURL","backend_uploadURL","runtime"
"管理端","pageChain/courseStatistics/index.js","77","/static/imgs/report_right_arrow.png","common/dict.uploadURL","backend_uploadURL","runtime"
"管理端","pageChain/courseStatistics/index.js","81","/static/imgs/nodata.png","common/dict.uploadURL","backend_uploadURL","runtime"
"管理端","pageChain/instructions/index.js","69","/unioncard/multiple-config-subbranch.png","common/dict.uploadURL","backend_uploadURL","runtime"
"管理端","pageChain/instructions/index.js","70","/unioncard/multiple-config-card.png","common/dict.uploadURL","backend_uploadURL","runtime"
"管理端","pageChain/instructions/index.js","71","/unioncard/multiple-config-shop-course.png","common/dict.uploadURL","backend_uploadURL","runtime"
"管理端","pageChain/instructions/index.js","72","/unioncard/multiple-config-staff.png","common/dict.uploadURL","backend_uploadURL","runtime"
"管理端","pageChain/instructions/index.js","73","/unioncard/multiple-config-card-statistics.png","common/dict.uploadURL","backend_uploadURL","runtime"
"管理端","pageChain/instructions/index.js","74","/unioncard/multiple-config-course-statistics.png","common/dict.uploadURL","backend_uploadURL","runtime"
"管理端","pageChain/storesManagement/index.js","347","/unioncard/stores-management-edit.png","common/dict.uploadURL","backend_uploadURL","runtime"
"管理端","pageChain/storesManagement/index.js","348","/static/imgs/current_stadium.png","common/dict.uploadURL","backend_uploadURL","runtime"
"管理端","pageChain/storesManagement/index.js","349","/static/imgs/triangle_02.png","common/dict.uploadURL","backend_uploadURL","runtime"
"管理端","pageChain/storesManagement/index.js","350","/unioncard/home_edit.png","common/dict.uploadURL","backend_uploadURL","runtime"
"管理端","pageChain/storesManagement/index.js","354","/unioncard/home_index.png","common/dict.uploadURL","backend_uploadURL","runtime"
"管理端","pageChain/storesManagement/index.js","355","/static/imgs/del.png","common/dict.uploadURL","backend_uploadURL","runtime"
"管理端","pageChain/storesManagement/index.js","358","/static/imgs/importantNote.png","common/dict.uploadURL","backend_uploadURL","runtime"
"管理端","pageConfig/appointSetting/index.js","116","/static/imgs/report_right_arrow.png","common/dict.uploadURL","backend_uploadURL","runtime"
"管理端","pageConfig/appointSetting/index.js","117","/static/imgs/report_right_arrow.png","common/dict.uploadURL","backend_uploadURL","runtime"
"管理端","pageConfig/appointSetting/index.js","118","/static/imgs/report_right_arrow.png","common/dict.uploadURL","backend_uploadURL","runtime"
"管理端","pageConfig/appointSetting/index.js","119","/static/imgs/report_right_arrow.png","common/dict.uploadURL","backend_uploadURL","runtime"
"管理端","pageConfig/appointSetting/index.js","120","/static/imgs/report_right_arrow.png","common/dict.uploadURL","backend_uploadURL","runtime"
"管理端","pageConfig/appointSetting/index.js","121","/static/imgs/report_right_arrow.png","common/dict.uploadURL","backend_uploadURL","runtime"
"管理端","pageConfig/appointSetting/index.js","122","/static/imgs/report_right_arrow.png","common/dict.uploadURL","backend_uploadURL","runtime"
"管理端","pageConfig/appointSetting/index.js","123","/static/imgs/report_right_arrow.png","common/dict.uploadURL","backend_uploadURL","runtime"
"管理端","pageConfig/appointSetting/index.js","124","/static/imgs/report_right_arrow.png","common/dict.uploadURL","backend_uploadURL","runtime"
"管理端","pageConfig/appointSetting/index.js","125","/static/imgs/report_right_arrow.png","common/dict.uploadURL","backend_uploadURL","runtime"
"管理端","pageConfig/appointSetting/index.js","126","/static/imgs/report_right_arrow.png","common/dict.uploadURL","backend_uploadURL","runtime"
"管理端","pageConfig/appointSetting/index.js","127","/static/imgs/report_right_arrow.png","common/dict.uploadURL","backend_uploadURL","runtime"
"管理端","pageConfig/appointSetting/index.js","128","/static/imgs/report_right_arrow.png","common/dict.uploadURL","backend_uploadURL","runtime"
"管理端","pageConfig/appointSetting/index.js","129","/static/imgs/report_right_arrow.png","common/dict.uploadURL","backend_uploadURL","runtime"
"管理端","pageConfig/appointSetting/index.js","130","/static/imgs/report_right_arrow.png","common/dict.uploadURL","backend_uploadURL","runtime"
"管理端","pageConfig/coachLeave/coachLeave.js","35","/static/imgs/time.png","common/dict.uploadURL","backend_uploadURL","runtime"
"管理端","pageConfig/coachLeave/coachLeave.js","36","/static/imgs/league.png","common/dict.uploadURL","backend_uploadURL","runtime"
"管理端","pageConfig/coachLeave/coachLeave.js","37","/static/imgs/remarks-stop.png","common/dict.uploadURL","backend_uploadURL","runtime"
"管理端","pageConfig/coachLeave/coachLeave.js","43","/static/imgs/going_on_vacation.png","common/dict.uploadURL","backend_uploadURL","runtime"
"管理端","pageConfig/coachLeave/coachLeave.js","47","/static/imgs/on_vacation.png","common/dict.uploadURL","backend_uploadURL","runtime"
"管理端","pageConfig/coachLeave/coachLeave.js","51","/static/imgs/to_rest.png","common/dict.uploadURL","backend_uploadURL","runtime"
"管理端","pageConfig/coachLeave/editLeave.js","84","/static/imgs/time.png","common/dict.uploadURL","backend_uploadURL","runtime"
"管理端","pageConfig/coachLeave/editLeave.js","85","/static/imgs/league.png","common/dict.uploadURL","backend_uploadURL","runtime"
"管理端","pageConfig/coachLeave/editLeave.js","86","/static/imgs/remarks-stop.png","common/dict.uploadURL","backend_uploadURL","runtime"
"管理端","pageConfig/coachLeave/index.js","117","/static/imgs/report_right_arrow.png","common/dict.uploadURL","backend_uploadURL","runtime"
"管理端","pageConfig/coachLeave/index.js","127","/static/imgs/going_on_vacation.png","common/dict.uploadURL","backend_uploadURL","runtime"
"管理端","pageConfig/coachLeave/index.js","131","/static/imgs/on_vacation.png","common/dict.uploadURL","backend_uploadURL","runtime"
"管理端","pageConfig/coachLeave/index.js","135","/static/imgs/to_rest.png","common/dict.uploadURL","backend_uploadURL","runtime"
"管理端","pageConfig/embershipAgreement/editAgreement.wxss","13","//at.alicdn.com/t/font_945958_zfsfjju1dim.svg","//at.alicdn.com/t/font_945958_zfsfjju1dim.svg","remote_url","runtime"
"管理端","pageConfig/memberConfigCourse/index.js","48","/static/imgs/how-to-book/how_to_book_icon02.jpg","common/dict.uploadURL","backend_uploadURL","runtime"
"管理端","pageConfig/memberConfigCourse/index.js","49","/static/imgs/how-to-book/how_to_book_icon01.jpg","common/dict.uploadURL","backend_uploadURL","runtime"
"管理端","pageConfig/memberConfigCourse/index.js","50","/static/imgs/how-to-book/how_to_book_01.jpg","common/dict.uploadURL","backend_uploadURL","runtime"
"管理端","pageConfig/memberConfigCourse/index.js","51","/static/imgs/how-to-book/how_to_book_02.jpg","common/dict.uploadURL","backend_uploadURL","runtime"
"管理端","pageConfig/memberConfigCourse/index.js","52","/static/imgs/how-to-book/how_to_book_05.jpg","common/dict.uploadURL","backend_uploadURL","runtime"
"管理端","pageConfig/memberConfigCourse/index.js","53","/static/imgs/how-to-book/how_to_book_03.jpg","common/dict.uploadURL","backend_uploadURL","runtime"
"管理端","pageConfig/memberConfigCourse/index.js","54","/static/imgs/how-to-book/how_to_book_04.jpg","common/dict.uploadURL","backend_uploadURL","runtime"
"管理端","pageConfig/memberConfigCourse/index.js","55","/static/imgs/how-to-book/how_to_book_poster02.jpg","common/dict.uploadURL","backend_uploadURL","runtime"
"管理端","pageConfig/memberConfigCourse/index.js","57","/static/imgs/how-to-book/how_to_book_poster01.jpg","common/dict.uploadURL","backend_uploadURL","runtime"
"管理端","pageConfig/memberConfigCourse/index.js","129","/static/imgs/how-to-book/poster_b_02.png","common/dict.uploadURL","backend_uploadURL","False"
"管理端","pageConfig/memberConfigCourse/index.js","130","/static/imgs/how-to-book/poster_b_01.png","common/dict.uploadURL","backend_uploadURL","False"
"管理端","pageConfig/memberConfigKindReminder/editMemberConfigKindReminder.wxss","13","//at.alicdn.com/t/font_945958_zfsfjju1dim.svg","//at.alicdn.com/t/font_945958_zfsfjju1dim.svg","remote_url","runtime"
"管理端","pageConfig/memberConfigShow/editMenberConfigShow.js","75","/static/imgs/shop-del.png","common/dict.uploadURL","backend_uploadURL","runtime"
"管理端","pageConfig/memberConfigShow/editMenberConfigShow.js","78","/static/imgs/shop-del-grey.png","common/dict.uploadURL","backend_uploadURL","runtime"
"管理端","pageConfig/memberConfigShow/editMenberConfigShow.js","84","/static/imgs/shop-move-up.png","common/dict.uploadURL","backend_uploadURL","runtime"
"管理端","pageConfig/memberConfigShow/index.js","84","/static/imgs/shop_banner_skeleton.png","common/dict.uploadURL","backend_uploadURL","runtime"
"管理端","pageConfig/notificationManagement/index.js","245","/static/imgs/report_right_arrow.png","common/dict.uploadURL","backend_uploadURL","runtime"
"管理端","pageConfig/notificationManagement/index.js","107","/static/imgs/shop-tool-notice1.jpg","common/dict.uploadURL","backend_uploadURL","False"
"管理端","pageConfig/paySetting/index.js","37","/static/imgs/shop-paySetting-card.png","common/dict.uploadURL","backend_uploadURL","runtime"
"管理端","pageConfig/paySetting/index.js","38","/static/imgs/shop-paySetting-icon.png","common/dict.uploadURL","backend_uploadURL","runtime"
"管理端","pageConfig/paySetting/index.js","39","/static/imgs/shop-paySetting-kf.png","common/dict.uploadURL","backend_uploadURL","runtime"
"管理端","pageConfig/reminderSettings/index.js","76","/imgs/202510/add.png","common/dict.uploadURL","backend_uploadURL","runtime"
"管理端","pageConfig/shopReport/index.js","338","/static/imgs/shop-check.png","common/dict.uploadURL","backend_uploadURL","runtime"
"管理端","pageConfig/shopReport/index.js","349","/static/imgs/shop-check.png","common/dict.uploadURL","backend_uploadURL","runtime"
"管理端","pageConfig/shopReport/index.js","356","/static/imgs/shop-check.png","common/dict.uploadURL","backend_uploadURL","runtime"
"管理端","pageConfig/shopReport/index.js","362","/static/imgs/shop-check.png","common/dict.uploadURL","backend_uploadURL","runtime"
"管理端","pageConfig/stopDoing/editStopDoing.js","431","/static/imgs/time_off.png","common/dict.uploadURL","backend_uploadURL","runtime"
"管理端","pageConfig/stopDoing/editStopDoing.js","432","/static/imgs/deactivate.png","common/dict.uploadURL","backend_uploadURL","runtime"
"管理端","pageConfig/stopDoing/editStopDoing.js","433","/static/imgs/membership_card_extension.png","common/dict.uploadURL","backend_uploadURL","runtime"
"管理端","pageConfig/stopDoing/editStopDoing.js","434","/static/imgs/announcement.png","common/dict.uploadURL","backend_uploadURL","runtime"
"管理端","pageConfig/stopDoing/index.js","63","/static/imgs/report_right_arrow.png","common/dict.uploadURL","backend_uploadURL","runtime"
"管理端","pageConfig/stopDoing/index.js","199","/static/imgs/shop-tool-close-notice.jpg","common/dict.uploadURL","backend_uploadURL","False"
"管理端","pageMember/components/choseCard.js","59","/static/imgs/halt-sales-card.png","common/dict.uploadURL","backend_uploadURL","runtime"
"管理端","pageMember/components/choseCard.js","138","/static/imgs/no_card.png","common/dict.uploadURL","backend_uploadURL","False"
"管理端","pageMember/components/immediatelyCard/card_limit.js","86","/static/imgs/report_right_arrow.png","common/dict.uploadURL","backend_uploadURL","runtime"
"管理端","pageMember/components/immediatelyCard/card_limit.js","90","/static/imgs/report_right_arrow.png","common/dict.uploadURL","backend_uploadURL","runtime"
"管理端","pageMember/components/immediatelyCard/card_limit.js","108","/static/imgs/report_right_arrow.png","common/dict.uploadURL","backend_uploadURL","runtime"
"管理端","pageMember/components/immediatelyCard/card_limit.js","114","/static/imgs/report_right_arrow.png","common/dict.uploadURL","backend_uploadURL","runtime"
"管理端","pageMember/components/immediatelyCard/card_limit.js","129","/static/imgs/report_right_arrow.png","common/dict.uploadURL","backend_uploadURL","runtime"
"管理端","pageMember/components/immediatelyCard/card_limit.js","134","/static/imgs/report_right_arrow.png","common/dict.uploadURL","backend_uploadURL","runtime"
"管理端","pageMember/components/immediatelyCard/new_card.js","146","/static/imgs/halt-sales-card.png","common/dict.uploadURL","backend_uploadURL","runtime"
"管理端","pageMember/components/mark-pop.js","64","/static/imgs/red_flag.png","common/dict.uploadURL","backend_uploadURL","False"
"管理端","pageMember/components/mark-pop.js","70","/static/imgs/yellow_flag.png","common/dict.uploadURL","backend_uploadURL","False"
"管理端","pageMember/components/mark-pop.js","76","/static/imgs/green_flag.png","common/dict.uploadURL","backend_uploadURL","False"
"管理端","pageMember/components/mark-pop.js","82","/static/imgs/blue_flag.png","common/dict.uploadURL","backend_uploadURL","False"
"管理端","pageMember/components/mark-pop.js","88","/static/imgs/purple_flag.png","common/dict.uploadURL","backend_uploadURL","False"
"管理端","pageMember/components/mark-pop.js","94","/static/imgs/white_flag.png","common/dict.uploadURL","backend_uploadURL","False"
"管理端","pageMember/components/membershipConsultant.js","132","/static/imgs/women.png","common/dict.uploadURL","backend_uploadURL","runtime"
"管理端","pageMember/components/membershipConsultant.js","135","/static/imgs/man.png","common/dict.uploadURL","backend_uploadURL","runtime"
"管理端","pageMember/components/membershipConsultant.js","138","/static/imgs/202510/nobody-icon.png","common/dict.uploadURL","backend_uploadURL","runtime"
"管理端","pageMember/components/navigation/headPhoto.js","89","/static/imgs/back.png","common/dict.uploadURL","backend_uploadURL","runtime"
"管理端","pageMember/components/quantity.js","237","/static/imgs/add.png","common/dict.uploadURL","backend_uploadURL","runtime"
"管理端","pageMember/components/quantity.js","241","/static/imgs/minus.png","common/dict.uploadURL","backend_uploadURL","runtime"
"管理端","pageMember/components/quantity.js","253","/static/imgs/add.png","common/dict.uploadURL","backend_uploadURL","runtime"
"管理端","pageMember/components/quantity.js","260","/static/imgs/minus.png","common/dict.uploadURL","backend_uploadURL","runtime"
"管理端","pageMember/components/search-header/index.js","90","/static/imgs/search_icon.png","common/dict.uploadURL","backend_uploadURL","runtime"
"管理端","pageMember/components/search-header/index.js","94","imgs/202501/userlistred.png","common/dict.uploadURL","backend_uploadURL","runtime"
"管理端","pageMember/components/search-header/index.js","97","imgs/202501/userlist.png","common/dict.uploadURL","backend_uploadURL","runtime"
"管理端","pageMember/components/search-header/index.js","99","imgs/202501/user-sj.png","common/dict.uploadURL","backend_uploadURL","runtime"
"管理端","pageMember/components/search-header/index.js","101","/static/imgs/member_screen_icon.png","common/dict.uploadURL","backend_uploadURL","runtime"
"管理端","pageMember/components/search-header/index.js","105","/static/imgs/member_filter_icon.png","common/dict.uploadURL","backend_uploadURL","runtime"
"管理端","pageMember/components/search-header/index.js","106","imgs/202501/user-sj.png","common/dict.uploadURL","backend_uploadURL","runtime"
"管理端","pageMember/components/userCard/amount-paid.js","186","imgs/202501/edit-icon.png","common/dict.uploadURL","backend_uploadURL","runtime"
"管理端","pageMember/components/userCard/card-balance.js","36","imgs/202501/red-icon.png","common/dict.uploadURL","backend_uploadURL","runtime"
"管理端","pageMember/components/userCard/card-balance.js","40","imgs/202501/blue-icon.png","common/dict.uploadURL","backend_uploadURL","runtime"
"管理端","pageMember/components/userCard/card-balance.js","47","/static/imgs/nodata.png","common/dict.uploadURL","backend_uploadURL","runtime"
"管理端","pageMember/components/userCard/card-management.js","448","/static/imgs/right.png","common/dict.uploadURL","backend_uploadURL","runtime"
"管理端","pageMember/components/userCard/card-management.js","94","/static/imgs/balance.png","common/dict.uploadURL","backend_uploadURL","False"
"管理端","pageMember/components/userCard/card-management.js","101","/static/imgs/validity.png","common/dict.uploadURL","backend_uploadURL","False"
"管理端","pageMember/components/userCard/card-management.js","108","/static/imgs/leave.png","common/dict.uploadURL","backend_uploadURL","False"
"管理端","pageMember/components/userCard/card-management.js","115","/static/imgs/stopping.png","common/dict.uploadURL","backend_uploadURL","False"
"管理端","pageMember/components/userCard/card-management.js","122","/static/imgs/renew-icon.png","common/dict.uploadURL","backend_uploadURL","False"
"管理端","pageMember/components/userCard/card-management.js","129","/imgs/cardremark.png","common/dict.uploadURL","backend_uploadURL","False"
"管理端","pageMember/components/userCard/card-management.js","136","/static/imgs/delete_card.png","common/dict.uploadURL","backend_uploadURL","False"
"管理端","pageMember/components/userCard/change-log.js","18","/static/imgs/nodata.png","common/dict.uploadURL","backend_uploadURL","runtime"
"管理端","pageMember/components/userCard/penalty-record.js","80","/static/imgs/nodata.png","common/dict.uploadURL","backend_uploadURL","runtime"
"管理端","pageMember/components/validity.js","63","/static/imgs/add.png","common/dict.uploadURL","backend_uploadURL","runtime"
"管理端","pageMember/components/validity.js","64","/static/imgs/minus.png","common/dict.uploadURL","backend_uploadURL","runtime"
"管理端","pageMember/del-card/del-card.js","52","/static/imgs/nodata.png","common/dict.uploadURL","backend_uploadURL","runtime"
"管理端","pageMember/del-member/del-member.js","79","/static/imgs/nodata.png","common/dict.uploadURL","backend_uploadURL","runtime"
"管理端","pageMember/details/card-consumption.js","353","/static/imgs/back.png","common/dict.uploadURL","backend_uploadURL","runtime"
"管理端","pageMember/details/card-consumption.js","355","/static/imgs/back.png","common/dict.uploadURL","backend_uploadURL","runtime"
"管理端","pageMember/details/card-consumption.js","358","imgs/202501/edit-icon-blue.png","common/dict.uploadURL","backend_uploadURL","runtime"
"管理端","pageMember/details/card-consumption.js","361","imgs/202501/edit-icon-blue.png","common/dict.uploadURL","backend_uploadURL","runtime"
"管理端","pageMember/details/card-consumption.js","365","imgs/202501/edit-icon-blue.png","common/dict.uploadURL","backend_uploadURL","runtime"
"管理端","pageMember/details/card-consumption.js","369","imgs/202501/edit-icon-blue.png","common/dict.uploadURL","backend_uploadURL","runtime"
"管理端","pageMember/details/cardDetail.js","47","/static/imgs/back.png","common/dict.uploadURL","backend_uploadURL","runtime"
"管理端","pageMember/details/cardDetail.js","51","imgs/202501/edit-icon.png","common/dict.uploadURL","backend_uploadURL","runtime"
"管理端","pageMember/details/cardDetail.js","63","/static/imgs/arrow_right.png","common/dict.uploadURL","backend_uploadURL","runtime"
"管理端","pageMember/details/cardDetail.js","67","/static/imgs/card_tool_disabled.png","common/dict.uploadURL","backend_uploadURL","runtime"
"管理端","pageMember/details/cardDetail.js","75","/static/imgs/arrow.png","common/dict.uploadURL","backend_uploadURL","runtime"
"管理端","pageMember/details/cardDetail.js","86","/static/imgs/start.png","common/dict.uploadURL","backend_uploadURL","runtime"
"管理端","pageMember/details/cardDetail.js","143","/static/imgs/handle_mumber.png","common/dict.uploadURL","backend_uploadURL","runtime"
"管理端","pageMember/details/cardDetail.js","146","/static/imgs/triangle_02.png","common/dict.uploadURL","backend_uploadURL","runtime"
"管理端","pageMember/details/cardDetail.js","147","/static/imgs/remark2.png","common/dict.uploadURL","backend_uploadURL","runtime"
"管理端","pageMember/details/cardDetail.js","154","/static/imgs/nodata.png","common/dict.uploadURL","backend_uploadURL","runtime"
"管理端","pageMember/details/cardDetail.js","156","/static/imgs/forward.png","common/dict.uploadURL","backend_uploadURL","runtime"
"管理端","pageMember/details/cardDetail.js","157","/static/imgs/receive.png","common/dict.uploadURL","backend_uploadURL","runtime"
"管理端","pageMember/details/courseDetail.js","227","/static/imgs/arrow.png","common/dict.uploadURL","backend_uploadURL","runtime"
"管理端","pageMember/details/courseDetail.js","238","/static/imgs/start.png","common/dict.uploadURL","backend_uploadURL","runtime"
"管理端","pageMember/details/courseDetail.js","262","/static/imgs/nodata.png","common/dict.uploadURL","backend_uploadURL","runtime"
"管理端","pageMember/details/index.js","696","/static/imgs/back.png","common/dict.uploadURL","backend_uploadURL","runtime"
"管理端","pageMember/details/index.js","698","/static/imgs/back.png","common/dict.uploadURL","backend_uploadURL","runtime"
"管理端","pageMember/details/index.js","702","/static/imgs/202409/forbidden.png","common/dict.uploadURL","backend_uploadURL","runtime"
"管理端","pageMember/details/index.js","706","/static/imgs/tagging.png","common/dict.uploadURL","backend_uploadURL","runtime"
"管理端","pageMember/details/index.js","710","/static/imgs/red_flag.png","common/dict.uploadURL","backend_uploadURL","runtime"
"管理端","pageMember/details/index.js","714","/static/imgs/yellow_flag.png","common/dict.uploadURL","backend_uploadURL","runtime"
"管理端","pageMember/details/index.js","718","/static/imgs/green_flag.png","common/dict.uploadURL","backend_uploadURL","runtime"
"管理端","pageMember/details/index.js","722","/static/imgs/blue_flag.png","common/dict.uploadURL","backend_uploadURL","runtime"
"管理端","pageMember/details/index.js","726","/static/imgs/purple_flag.png","common/dict.uploadURL","backend_uploadURL","runtime"
"管理端","pageMember/details/index.js","729","/static/imgs/set_up.png","common/dict.uploadURL","backend_uploadURL","runtime"
"管理端","pageMember/details/index.js","731","/static/imgs/handle_mumber_white.png","common/dict.uploadURL","backend_uploadURL","runtime"
"管理端","pageMember/details/index.js","732","/static/imgs/triangle_02.png","common/dict.uploadURL","backend_uploadURL","runtime"
"管理端","pageMember/details/index.js","735","/static/imgs/202409/forbidden_icon.png","common/dict.uploadURL","backend_uploadURL","runtime"
"管理端","pageMember/details/index.js","739","/static/imgs/202409/undisable.png","common/dict.uploadURL","backend_uploadURL","runtime"
"管理端","pageMember/details/index.js","741","/static/imgs/202409/make_over.png","common/dict.uploadURL","backend_uploadURL","runtime"
"管理端","pageMember/details/index.js","755","/static/imgs/remarks.png","common/dict.uploadURL","backend_uploadURL","runtime"
"管理端","pageMember/details/index.js","758","imgs/202501/member_status_30.png","common/dict.uploadURL","backend_uploadURL","runtime"
"管理端","pageMember/details/index.js","762","imgs/202501/member_status_60.png","common/dict.uploadURL","backend_uploadURL","runtime"
"管理端","pageMember/details/index.js","766","imgs/202501/member_status_90.png","common/dict.uploadURL","backend_uploadURL","runtime"
"管理端","pageMember/details/index.js","770","imgs/202501/member_status_120.png","common/dict.uploadURL","backend_uploadURL","runtime"
"管理端","pageMember/details/index.js","776","/static/imgs/arrow_right.png","common/dict.uploadURL","backend_uploadURL","runtime"
"管理端","pageMember/details/index.js","780","/static/imgs/membership _card.png","common/dict.uploadURL","backend_uploadURL","runtime"
"管理端","pageMember/details/index.js","818","/static/imgs/forward.png","common/dict.uploadURL","backend_uploadURL","runtime"
"管理端","pageMember/details/index.js","819","/static/imgs/receive.png","common/dict.uploadURL","backend_uploadURL","runtime"
"管理端","pageMember/details/memberPoint.js","302","imgs/202505/point_head.jpg","common/dict.uploadURL","backend_uploadURL","runtime"
"管理端","pageMember/details/memberPoint.js","304","imgs/202505/add.png","common/dict.uploadURL","backend_uploadURL","runtime"
"管理端","pageMember/details/memberPoint.js","306","imgs/202505/minus.png","common/dict.uploadURL","backend_uploadURL","runtime"
"管理端","pageMember/details/memberPoint.js","313","/static/imgs/arrow.png","common/dict.uploadURL","backend_uploadURL","runtime"
"管理端","pageMember/details/memberPoint.js","327","/static/imgs/handle_mumber.png","common/dict.uploadURL","backend_uploadURL","runtime"
"管理端","pageMember/details/memberPoint.js","328","/static/imgs/triangle_02.png","common/dict.uploadURL","backend_uploadURL","runtime"
"管理端","pageMember/details/memberPoint.js","329","/static/imgs/remark2.png","common/dict.uploadURL","backend_uploadURL","runtime"
"管理端","pageMember/details/memberPoint.js","330","/static/imgs/remark3.png","common/dict.uploadURL","backend_uploadURL","runtime"
"管理端","pageMember/details/memberPoint.js","335","/static/imgs/nodata.png","common/dict.uploadURL","backend_uploadURL","runtime"
"管理端","pageMember/details/rechargeAmount.js","289","/static/imgs/handle_mumber.png","common/dict.uploadURL","backend_uploadURL","runtime"
"管理端","pageMember/details/rechargeAmount.js","290","/static/imgs/triangle_02.png","common/dict.uploadURL","backend_uploadURL","runtime"
"管理端","pageMember/details/rechargeAmount.js","291","/static/imgs/remark1.png","common/dict.uploadURL","backend_uploadURL","runtime"
"管理端","pageMember/details/rechargeAmount.js","292","/static/imgs/remark2.png","common/dict.uploadURL","backend_uploadURL","runtime"
"管理端","pageMember/details/rechargeAmount.js","299","/static/imgs/left_type_02_icon.png","common/dict.uploadURL","backend_uploadURL","runtime"
"管理端","pageMember/details/recordDetails.js","158","/static/imgs/arrow.png","common/dict.uploadURL","backend_uploadURL","runtime"
"管理端","pageMember/details/recordDetails.js","165","/static/imgs/start.png","common/dict.uploadURL","backend_uploadURL","runtime"
"管理端","pageMember/information/index.js","496","/static/imgs/portrait.png","common/dict.uploadURL","backend_uploadURL","runtime"
"管理端","pageMember/information/index.js","499","/static/imgs/camera.png","common/dict.uploadURL","backend_uploadURL","runtime"
"管理端","pageMember/information/index.js","515","/static/imgs/report_right_arrow.png","common/dict.uploadURL","backend_uploadURL","runtime"
"管理端","pageMember/information/index.js","528","/static/imgs/report_right_arrow.png","common/dict.uploadURL","backend_uploadURL","runtime"
"管理端","pageMember/information/index.js","542","/static/imgs/report_right_arrow.png","common/dict.uploadURL","backend_uploadURL","runtime"
"管理端","pageMember/information/index.js","551","/static/imgs/report_right_arrow.png","common/dict.uploadURL","backend_uploadURL","runtime"
"管理端","pageMember/information/index.js","560","/static/imgs/report_right_arrow.png","common/dict.uploadURL","backend_uploadURL","runtime"
"管理端","pageMember/information/index.js","564","/static/imgs/report_right_arrow.png","common/dict.uploadURL","backend_uploadURL","runtime"
"管理端","pageMember/information/index.js","577","/static/imgs/right.png","common/dict.uploadURL","backend_uploadURL","runtime"
"管理端","pageMember/screen.js","93","/static/imgs/halt-sales-card.png","common/dict.uploadURL","backend_uploadURL","runtime"
"管理端","pageMember/screen.js","134","/static/imgs/202409/forbidden.png","common/dict.uploadURL","backend_uploadURL","runtime"
"管理端","pageMember/screen.js","138","/static/imgs/member_remark_icon.png","common/dict.uploadURL","backend_uploadURL","runtime"
"管理端","pageMember/screen.js","142","/static/imgs/red_flag.png","common/dict.uploadURL","backend_uploadURL","runtime"
"管理端","pageMember/screen.js","146","/static/imgs/yellow_flag.png","common/dict.uploadURL","backend_uploadURL","runtime"
"管理端","pageMember/screen.js","150","/static/imgs/green_flag.png","common/dict.uploadURL","backend_uploadURL","runtime"
"管理端","pageMember/screen.js","154","/static/imgs/blue_flag.png","common/dict.uploadURL","backend_uploadURL","runtime"
"管理端","pageMember/screen.js","158","/static/imgs/purple_flag.png","common/dict.uploadURL","backend_uploadURL","runtime"
"管理端","pageMember/screen.js","161","/static/imgs/triangle-icon.png","common/dict.uploadURL","backend_uploadURL","runtime"
"管理端","pageMember/screen.js","165","/static/imgs/member_single_card_icon.png","common/dict.uploadURL","backend_uploadURL","runtime"
"管理端","pageMember/screen.js","169","/static/imgs/member_multi_card_icon.png","common/dict.uploadURL","backend_uploadURL","runtime"
"管理端","pageMember/screen.js","173","/static/imgs/card_free.png","common/dict.uploadURL","backend_uploadURL","runtime"
"管理端","pageMember/screen.js","179","imgs/202501/shaixuan.png","common/dict.uploadURL","backend_uploadURL","runtime"
"管理端","pageMember/screen.js","190","/static/imgs/halt-sales-card.png","common/dict.uploadURL","backend_uploadURL","runtime"
"管理端","pageMember/screen.js","211","/static/imgs/success.png","common/dict.uploadURL","backend_uploadURL","runtime"
"管理端","pageMember/screen.js","500","/static/imgs/red_flag.png","common/dict.uploadURL","backend_uploadURL","False"
"管理端","pageMember/screen.js","501","/static/imgs/yellow_flag.png","common/dict.uploadURL","backend_uploadURL","False"
"管理端","pageMember/screen.js","502","/static/imgs/green_flag.png","common/dict.uploadURL","backend_uploadURL","False"
"管理端","pageMember/screen.js","503","/static/imgs/blue_flag.png","common/dict.uploadURL","backend_uploadURL","False"
"管理端","pageMember/screen.js","504","/static/imgs/purple_flag.png","common/dict.uploadURL","backend_uploadURL","False"
"管理端","pageMember/screen.js","505","/static/imgs/white_flag.png","common/dict.uploadURL","backend_uploadURL","False"
"管理端","pageMember/screen.js","543","/static/imgs/no_card.png","common/dict.uploadURL","backend_uploadURL","False"
"管理端","pageMember/search.js","48","/static/imgs/search_icon.png","common/dict.uploadURL","backend_uploadURL","runtime"
"管理端","pageMember/search.js","55","/static/imgs/202409/forbidden.png","common/dict.uploadURL","backend_uploadURL","runtime"
"管理端","pageMember/search.js","59","/static/imgs/member_remark_icon.png","common/dict.uploadURL","backend_uploadURL","runtime"
"管理端","pageMember/search.js","63","/static/imgs/red_flag.png","common/dict.uploadURL","backend_uploadURL","runtime"
"管理端","pageMember/search.js","67","/static/imgs/yellow_flag.png","common/dict.uploadURL","backend_uploadURL","runtime"
"管理端","pageMember/search.js","71","/static/imgs/green_flag.png","common/dict.uploadURL","backend_uploadURL","runtime"
"管理端","pageMember/search.js","75","/static/imgs/blue_flag.png","common/dict.uploadURL","backend_uploadURL","runtime"
"管理端","pageMember/search.js","79","/static/imgs/purple_flag.png","common/dict.uploadURL","backend_uploadURL","runtime"
"管理端","pageMember/search.js","83","/static/imgs/member_single_card_icon.png","common/dict.uploadURL","backend_uploadURL","runtime"
"管理端","pageMember/search.js","87","/static/imgs/member_multi_card_icon.png","common/dict.uploadURL","backend_uploadURL","runtime"
"管理端","pageMember/search.js","91","/static/imgs/card_free.png","common/dict.uploadURL","backend_uploadURL","runtime"
"管理端","pageReport/coach/classStatistics.js","46","/static/imgs/triangle.png","common/dict.uploadURL","backend_uploadURL","runtime"
"管理端","pageReport/coach/classStatistics.js","57","/static/imgs/report_right_arrow.png","common/dict.uploadURL","backend_uploadURL","runtime"
"管理端","pageReport/coach/classStatistics.js","61","/static/imgs/nodata.png","common/dict.uploadURL","backend_uploadURL","runtime"
"管理端","pageReport/coach/detailed.js","299","/static/imgs/suspend_course.png","common/dict.uploadURL","backend_uploadURL","runtime"
"管理端","pageReport/coach/detailed.js","303","/static/imgs/cancel_course.png","common/dict.uploadURL","backend_uploadURL","runtime"
"管理端","pageReport/coach/detailed.js","307","/static/imgs/ended_course.png","common/dict.uploadURL","backend_uploadURL","runtime"
"管理端","pageReport/coach/detailed.js","311","/static/imgs/arrow.png","common/dict.uploadURL","backend_uploadURL","runtime"
"管理端","pageReport/coach/detailed.js","326","/static/imgs/arrow.png","common/dict.uploadURL","backend_uploadURL","runtime"
"管理端","pageReport/coach/detailed.js","370","/static/imgs/nodata.png","common/dict.uploadURL","backend_uploadURL","runtime"
"管理端","pageReport/coach/detailed.js","356","/static/imgs/multi_card_icon.png","common/dict.uploadURL","backend_uploadURL","False"
"管理端","pageReport/component/head-hint/head-hint.js","152","imgs/202501/data_explain.png","common/dict.uploadURL","backend_uploadURL","runtime"
"管理端","pageReport/component/head-hint/head-hint.js","156","imgs/202501/data_explain_green.png","common/dict.uploadURL","backend_uploadURL","runtime"
"管理端","pageReport/component/navigationReport/index.js","100","/static/imgs/back.png","common/dict.uploadURL","backend_uploadURL","runtime"
"管理端","pageReport/course/courseReportForm.js","214","imgs/202501/data_explain_grey.png","common/dict.uploadURL","backend_uploadURL","runtime"
"管理端","pageReport/course/courseReportForm.js","255","imgs/202501/data_explain.png","common/dict.uploadURL","backend_uploadURL","runtime"
"管理端","pageReport/course/courseReportForm.js","259","imgs/202501/data_explain_green.png","common/dict.uploadURL","backend_uploadURL","runtime"
"管理端","pageReport/course/courseReportFormDay.js","404","/static/imgs/suspend_course.png","common/dict.uploadURL","backend_uploadURL","runtime"
"管理端","pageReport/course/courseReportFormDay.js","408","/static/imgs/cancel_course.png","common/dict.uploadURL","backend_uploadURL","runtime"
"管理端","pageReport/course/courseReportFormDay.js","412","/static/imgs/ended_course.png","common/dict.uploadURL","backend_uploadURL","runtime"
"管理端","pageReport/course/courseReportFormDay.js","416","/static/imgs/arrow.png","common/dict.uploadURL","backend_uploadURL","runtime"
"管理端","pageReport/course/courseReportFormDay.js","421","/static/imgs/nodata.png","common/dict.uploadURL","backend_uploadURL","runtime"
"管理端","pageReport/course/courseReportFormDay.js","424","/static/imgs/nodata.png","common/dict.uploadURL","backend_uploadURL","runtime"
"管理端","pageReport/course/courseReportFormDay.js","470","imgs/202501/data_explain.png","common/dict.uploadURL","backend_uploadURL","runtime"
"管理端","pageReport/course/courseReportFormDay.js","474","imgs/202501/data_explain_green.png","common/dict.uploadURL","backend_uploadURL","runtime"
"管理端","pageReport/course/courseReportFormMonth.js","152","/static/imgs/nodata.png","common/dict.uploadURL","backend_uploadURL","runtime"
"管理端","pageReport/course/courseReportFormMonth.js","308","imgs/202501/data_explain.png","common/dict.uploadURL","backend_uploadURL","runtime"
"管理端","pageReport/course/courseReportFormMonth.js","312","imgs/202501/data_explain_green.png","common/dict.uploadURL","backend_uploadURL","runtime"
"管理端","pageReport/courseAnalyze/privateCourseDetailRank.js","104","/static/imgs/multi_card_icon.png","common/dict.uploadURL","backend_uploadURL","runtime"
"管理端","pageReport/courseAnalyze/privateCourseDetailRank.js","119","/static/imgs/nodata.png","common/dict.uploadURL","backend_uploadURL","runtime"
"管理端","pageReport/courseAnalyze/privateCourseRank.js","495","/static/imgs/triangle_02.png","common/dict.uploadURL","backend_uploadURL","runtime"
"管理端","pageReport/courseAnalyze/privateCourseRank.js","501","/static/imgs/active-icon-green.png","common/dict.uploadURL","backend_uploadURL","runtime"
"管理端","pageReport/courseAnalyze/privateCourseRank.js","511","/static/imgs/member_num0.png","common/dict.uploadURL","backend_uploadURL","runtime"
"管理端","pageReport/courseAnalyze/privateCourseRank.js","514","/static/imgs/member_num1.png","common/dict.uploadURL","backend_uploadURL","runtime"
"管理端","pageReport/courseAnalyze/privateCourseRank.js","518","/static/imgs/member_num2.png","common/dict.uploadURL","backend_uploadURL","runtime"
"管理端","pageReport/courseAnalyze/privateCourseRank.js","524","/static/imgs/nodata.png","common/dict.uploadURL","backend_uploadURL","runtime"
"管理端","pageReport/courseAnalyze/privateCourseRank.js","570","imgs/202501/data_explain.png","common/dict.uploadURL","backend_uploadURL","runtime"
"管理端","pageReport/courseAnalyze/privateCourseRank.js","574","imgs/202501/data_explain_green.png","common/dict.uploadURL","backend_uploadURL","runtime"
"管理端","pageReport/courseAnalyze/teamCourseDetailRank.js","101","/static/imgs/suspend_course.png","common/dict.uploadURL","backend_uploadURL","runtime"
"管理端","pageReport/courseAnalyze/teamCourseDetailRank.js","105","/static/imgs/cancel_course.png","common/dict.uploadURL","backend_uploadURL","runtime"
"管理端","pageReport/courseAnalyze/teamCourseDetailRank.js","109","/static/imgs/ended_course.png","common/dict.uploadURL","backend_uploadURL","runtime"
"管理端","pageReport/courseAnalyze/teamCourseDetailRank.js","114","/static/imgs/arrow.png","common/dict.uploadURL","backend_uploadURL","runtime"
"管理端","pageReport/courseAnalyze/teamCourseDetailRank.js","119","/static/imgs/nodata.png","common/dict.uploadURL","backend_uploadURL","runtime"
"管理端","pageReport/courseAnalyze/teamCourseRank.js","167","/static/imgs/triangle_02.png","common/dict.uploadURL","backend_uploadURL","runtime"
"管理端","pageReport/courseAnalyze/teamCourseRank.js","173","/static/imgs/active-icon-green.png","common/dict.uploadURL","backend_uploadURL","runtime"
"管理端","pageReport/courseAnalyze/teamCourseRank.js","183","/static/imgs/member_num0.png","common/dict.uploadURL","backend_uploadURL","runtime"
"管理端","pageReport/courseAnalyze/teamCourseRank.js","186","/static/imgs/member_num1.png","common/dict.uploadURL","backend_uploadURL","runtime"
"管理端","pageReport/courseAnalyze/teamCourseRank.js","190","/static/imgs/member_num2.png","common/dict.uploadURL","backend_uploadURL","runtime"
"管理端","pageReport/courseAnalyze/teamCourseRank.js","195","/static/imgs/arrow.png","common/dict.uploadURL","backend_uploadURL","runtime"
"管理端","pageReport/courseAnalyze/teamCourseRank.js","204","/static/imgs/nodata.png","common/dict.uploadURL","backend_uploadURL","runtime"
"管理端","pageReport/courseAnalyze/teamCourseRank.js","275","imgs/202501/data_explain.png","common/dict.uploadURL","backend_uploadURL","runtime"
"管理端","pageReport/courseAnalyze/teamCourseRank.js","279","imgs/202501/data_explain_green.png","common/dict.uploadURL","backend_uploadURL","runtime"
"管理端","pageReport/income/businessData.js","122","/static/imgs/nodata.png","common/dict.uploadURL","backend_uploadURL","runtime"
"管理端","pageReport/income/businessData.js","298","imgs/202501/data_explain.png","common/dict.uploadURL","backend_uploadURL","runtime"
"管理端","pageReport/income/businessData.js","302","imgs/202501/data_explain_green.png","common/dict.uploadURL","backend_uploadURL","runtime"
"管理端","pageReport/income/businessDataDetail.js","271","/static/imgs/left_type_02_icon.png","common/dict.uploadURL","backend_uploadURL","runtime"
"管理端","pageReport/income/businessDataDetail.js","277","/static/imgs/nodata.png","common/dict.uploadURL","backend_uploadURL","runtime"
"管理端","pageReport/income/businessDataDetail.js","368","imgs/202501/data_explain.png","common/dict.uploadURL","backend_uploadURL","runtime"
"管理端","pageReport/income/businessDataDetail.js","372","imgs/202501/data_explain_green.png","common/dict.uploadURL","backend_uploadURL","runtime"
"管理端","pageReport/income/businessReportForm.js","305","imgs/202501/data_explain.png","common/dict.uploadURL","backend_uploadURL","runtime"
"管理端","pageReport/income/businessReportForm.js","309","imgs/202501/data_explain_green.png","common/dict.uploadURL","backend_uploadURL","runtime"
"管理端","pageReport/league/details.js","231","/static/imgs/suspend_course.png","common/dict.uploadURL","backend_uploadURL","runtime"
"管理端","pageReport/league/details.js","235","/static/imgs/cancel_course.png","common/dict.uploadURL","backend_uploadURL","runtime"
"管理端","pageReport/league/details.js","239","/static/imgs/ended_course.png","common/dict.uploadURL","backend_uploadURL","runtime"
"管理端","pageReport/league/details.js","242","/static/imgs/arrow.png","common/dict.uploadURL","backend_uploadURL","runtime"
"管理端","pageReport/league/statistics.js","168","/static/imgs/nodata.png","common/dict.uploadURL","backend_uploadURL","runtime"
"管理端","pageReport/memberAnalyze/allMember.js","64","/static/imgs/nodata.png","common/dict.uploadURL","backend_uploadURL","runtime"
"管理端","pageReport/memberAnalyze/allMember.js","364","imgs/202501/data_explain.png","common/dict.uploadURL","backend_uploadURL","runtime"
"管理端","pageReport/memberAnalyze/allMember.js","368","imgs/202501/data_explain_green.png","common/dict.uploadURL","backend_uploadURL","runtime"
"管理端","pageReport/rank/courseRank.js","124","/static/imgs/triangle_02.png","common/dict.uploadURL","backend_uploadURL","runtime"
"管理端","pageReport/rank/courseRank.js","130","/static/imgs/active-icon-green.png","common/dict.uploadURL","backend_uploadURL","runtime"
"管理端","pageReport/rank/courseRank.js","140","/static/imgs/member_num0.png","common/dict.uploadURL","backend_uploadURL","runtime"
"管理端","pageReport/rank/courseRank.js","143","/static/imgs/member_num1.png","common/dict.uploadURL","backend_uploadURL","runtime"
"管理端","pageReport/rank/courseRank.js","147","/static/imgs/member_num2.png","common/dict.uploadURL","backend_uploadURL","runtime"
"管理端","pageReport/rank/courseRank.js","153","/static/imgs/nodata.png","common/dict.uploadURL","backend_uploadURL","runtime"
"管理端","pageReport/rank/courseRank.js","543","imgs/202501/data_explain.png","common/dict.uploadURL","backend_uploadURL","runtime"
"管理端","pageReport/rank/courseRank.js","547","imgs/202501/data_explain_green.png","common/dict.uploadURL","backend_uploadURL","runtime"
"管理端","pageReport/rank/memberCard.js","166","/static/imgs/no_card.png","common/dict.uploadURL","backend_uploadURL","runtime"
"管理端","pageReport/rank/memberCard.js","183","/static/imgs/nodata.png","common/dict.uploadURL","backend_uploadURL","runtime"
"管理端","pageReport/rank/memberCard.js","373","imgs/202501/data_explain.png","common/dict.uploadURL","backend_uploadURL","runtime"
"管理端","pageReport/rank/memberCard.js","377","imgs/202501/data_explain_green.png","common/dict.uploadURL","backend_uploadURL","runtime"
"管理端","pageReport/rank/memberCardAnalyze.js","171","/static/imgs/active-icon-green.png","common/dict.uploadURL","backend_uploadURL","runtime"
"管理端","pageReport/rank/memberCardAnalyze.js","183","/static/imgs/halt-sales-card.png","common/dict.uploadURL","backend_uploadURL","runtime"
"管理端","pageReport/rank/memberCardAnalyze.js","189","/static/imgs/no_card.png","common/dict.uploadURL","backend_uploadURL","runtime"
"管理端","pageReport/rank/memberCardAnalyze.js","190","/static/imgs/nodata.png","common/dict.uploadURL","backend_uploadURL","runtime"
"管理端","pageReport/rank/memberCardAnalyze.js","276","imgs/202501/data_explain.png","common/dict.uploadURL","backend_uploadURL","runtime"
"管理端","pageReport/rank/memberCardAnalyze.js","280","imgs/202501/data_explain_green.png","common/dict.uploadURL","backend_uploadURL","runtime"
"管理端","pageReport/rank/memberConsumptionCardRank.js","167","/static/imgs/triangle_02.png","common/dict.uploadURL","backend_uploadURL","runtime"
"管理端","pageReport/rank/memberConsumptionCardRank.js","173","/static/imgs/active-icon-green.png","common/dict.uploadURL","backend_uploadURL","runtime"
"管理端","pageReport/rank/memberConsumptionCardRank.js","183","/static/imgs/member_num0.png","common/dict.uploadURL","backend_uploadURL","runtime"
"管理端","pageReport/rank/memberConsumptionCardRank.js","186","/static/imgs/member_num1.png","common/dict.uploadURL","backend_uploadURL","runtime"
"管理端","pageReport/rank/memberConsumptionCardRank.js","190","/static/imgs/member_num2.png","common/dict.uploadURL","backend_uploadURL","runtime"
"管理端","pageReport/rank/memberConsumptionCardRank.js","197","/static/imgs/nodata.png","common/dict.uploadURL","backend_uploadURL","runtime"
"管理端","pageReport/rank/memberConsumptionCardRank.js","543","imgs/202501/data_explain.png","common/dict.uploadURL","backend_uploadURL","runtime"
"管理端","pageReport/rank/memberConsumptionCardRank.js","547","imgs/202501/data_explain_green.png","common/dict.uploadURL","backend_uploadURL","runtime"
"管理端","pageReport/rank/memberPointConfig.js","387","/static/imgs/nodata.png","common/dict.uploadURL","backend_uploadURL","runtime"
"管理端","pageReport/rank/memberPointRank.js","461","imgs/202501/setting.png","common/dict.uploadURL","backend_uploadURL","runtime"
"管理端","pageReport/rank/memberPointRank.js","462","/static/imgs/triangle_02.png","common/dict.uploadURL","backend_uploadURL","runtime"
"管理端","pageReport/rank/memberPointRank.js","470","/static/imgs/active-icon-green.png","common/dict.uploadURL","backend_uploadURL","runtime"
"管理端","pageReport/rank/memberPointRank.js","481","/static/imgs/member_num0.png","common/dict.uploadURL","backend_uploadURL","runtime"
"管理端","pageReport/rank/memberPointRank.js","484","/static/imgs/member_num1.png","common/dict.uploadURL","backend_uploadURL","runtime"
"管理端","pageReport/rank/memberPointRank.js","488","/static/imgs/member_num2.png","common/dict.uploadURL","backend_uploadURL","runtime"
"管理端","pageReport/rank/memberPointRank.js","495","/static/imgs/nodata.png","common/dict.uploadURL","backend_uploadURL","runtime"
"管理端","pageReport/rank/memberPointRank.js","570","imgs/202501/data_explain.png","common/dict.uploadURL","backend_uploadURL","runtime"
"管理端","pageReport/rank/memberPointRank.js","574","imgs/202501/data_explain_green.png","common/dict.uploadURL","backend_uploadURL","runtime"
"管理端","pageReport/rank/membershipDetailRank.js","108","/static/imgs/nodata.png","common/dict.uploadURL","backend_uploadURL","runtime"
"管理端","pageReport/rank/membershipRank.js","160","/static/imgs/active-icon-green.png","common/dict.uploadURL","backend_uploadURL","runtime"
"管理端","pageReport/rank/membershipRank.js","173","/static/imgs/nodata.png","common/dict.uploadURL","backend_uploadURL","runtime"
"管理端","pageReport/rank/rankTop.js","383","/static/imgs/triangle_02.png","common/dict.uploadURL","backend_uploadURL","runtime"
"管理端","pageReport/rank/rankTop.js","390","/static/imgs/member_num0.png","common/dict.uploadURL","backend_uploadURL","runtime"
"管理端","pageReport/rank/rankTop.js","393","/static/imgs/member_num1.png","common/dict.uploadURL","backend_uploadURL","runtime"
"管理端","pageReport/rank/rankTop.js","397","/static/imgs/member_num2.png","common/dict.uploadURL","backend_uploadURL","runtime"
"管理端","pageReport/rank/rankTop.js","404","/static/imgs/nodata.png","common/dict.uploadURL","backend_uploadURL","runtime"
"管理端","pageReport/rank/rankTop.js","513","imgs/202501/data_explain.png","common/dict.uploadURL","backend_uploadURL","runtime"
"管理端","pageReport/rank/rankTop.js","517","imgs/202501/data_explain_green.png","common/dict.uploadURL","backend_uploadURL","runtime"
"管理端","pageReport/rank/siteModifyLog.js","52","/static/imgs/member_filter_icon.png","common/dict.uploadURL","backend_uploadURL","runtime"
"管理端","pageReport/rank/siteModifyLog.js","61","/static/imgs/nodata.png","common/dict.uploadURL","backend_uploadURL","runtime"
"管理端","pageReport/remind/birthdayRemind.js","255","imgs/202501/setting.png","common/dict.uploadURL","backend_uploadURL","runtime"
"管理端","pageReport/remind/birthdayRemind.js","261","/static/imgs/active-icon-green.png","common/dict.uploadURL","backend_uploadURL","runtime"
"管理端","pageReport/remind/birthdayRemind.js","276","/static/imgs/nodata.png","common/dict.uploadURL","backend_uploadURL","runtime"
"管理端","pageReport/remind/birthdayRemind.js","383","imgs/202501/data_explain.png","common/dict.uploadURL","backend_uploadURL","runtime"
"管理端","pageReport/remind/birthdayRemind.js","387","imgs/202501/data_explain_green.png","common/dict.uploadURL","backend_uploadURL","runtime"
"管理端","pageReport/remind/cardExpires.js","47","imgs/202501/setting.png","common/dict.uploadURL","backend_uploadURL","runtime"
"管理端","pageReport/remind/cardExpires.js","58","/static/imgs/nodata.png","common/dict.uploadURL","backend_uploadURL","runtime"
"管理端","pageReport/remind/cardExpires.js","364","imgs/202501/data_explain.png","common/dict.uploadURL","backend_uploadURL","runtime"
"管理端","pageReport/remind/cardExpires.js","368","imgs/202501/data_explain_green.png","common/dict.uploadURL","backend_uploadURL","runtime"
"管理端","pageReport/remind/cardWill.js","324","imgs/202501/setting.png","common/dict.uploadURL","backend_uploadURL","runtime"
"管理端","pageReport/remind/cardWill.js","336","/static/imgs/nodata.png","common/dict.uploadURL","backend_uploadURL","runtime"
"管理端","pageReport/remind/cardWill.js","365","imgs/202501/data_explain.png","common/dict.uploadURL","backend_uploadURL","runtime"
"管理端","pageReport/remind/cardWill.js","369","imgs/202501/data_explain_green.png","common/dict.uploadURL","backend_uploadURL","runtime"
"管理端","pageReport/remind/findBalaceZeroCard.js","208","imgs/202501/setting.png","common/dict.uploadURL","backend_uploadURL","runtime"
"管理端","pageReport/remind/findBalaceZeroCard.js","214","/static/imgs/active-icon-green.png","common/dict.uploadURL","backend_uploadURL","runtime"
"管理端","pageReport/remind/findBalaceZeroCard.js","227","/static/imgs/nodata.png","common/dict.uploadURL","backend_uploadURL","runtime"
"管理端","pageReport/remind/findBalaceZeroCard.js","386","imgs/202501/data_explain.png","common/dict.uploadURL","backend_uploadURL","runtime"
"管理端","pageReport/remind/findBalaceZeroCard.js","390","imgs/202501/data_explain_green.png","common/dict.uploadURL","backend_uploadURL","runtime"
"管理端","pageReport/remind/initiationDay.js","330","imgs/202501/setting.png","common/dict.uploadURL","backend_uploadURL","runtime"
"管理端","pageReport/remind/initiationDay.js","336","/static/imgs/active-icon-green.png","common/dict.uploadURL","backend_uploadURL","runtime"
"管理端","pageReport/remind/initiationDay.js","351","/static/imgs/nodata.png","common/dict.uploadURL","backend_uploadURL","runtime"
"管理端","pageReport/remind/initiationDay.js","383","imgs/202501/data_explain.png","common/dict.uploadURL","backend_uploadURL","runtime"
"管理端","pageReport/remind/initiationDay.js","387","imgs/202501/data_explain_green.png","common/dict.uploadURL","backend_uploadURL","runtime"
"管理端","pageReport/remind/leavedDue.js","191","imgs/202501/setting.png","common/dict.uploadURL","backend_uploadURL","runtime"
"管理端","pageReport/remind/leavedDue.js","204","/static/imgs/nodata.png","common/dict.uploadURL","backend_uploadURL","runtime"
"管理端","pageReport/remind/leavedDue.js","366","imgs/202501/data_explain.png","common/dict.uploadURL","backend_uploadURL","runtime"
"管理端","pageReport/remind/leavedDue.js","370","imgs/202501/data_explain_green.png","common/dict.uploadURL","backend_uploadURL","runtime"
"管理端","pageReport/remind/missClassRemind.js","307","imgs/202501/setting.png","common/dict.uploadURL","backend_uploadURL","runtime"
"管理端","pageReport/remind/missClassRemind.js","318","/static/imgs/nodata.png","common/dict.uploadURL","backend_uploadURL","runtime"
"管理端","pageReport/remind/missClassRemind.js","347","imgs/202501/data_explain.png","common/dict.uploadURL","backend_uploadURL","runtime"
"管理端","pageReport/remind/missClassRemind.js","351","imgs/202501/data_explain_green.png","common/dict.uploadURL","backend_uploadURL","runtime"
"管理端","pageReport/remind/penalizeCard.js","72","/static/imgs/nodata.png","common/dict.uploadURL","backend_uploadURL","runtime"
"管理端","pageReport/remind/penalizeCard.js","364","imgs/202501/data_explain.png","common/dict.uploadURL","backend_uploadURL","runtime"
"管理端","pageReport/remind/penalizeCard.js","368","imgs/202501/data_explain_green.png","common/dict.uploadURL","backend_uploadURL","runtime"
"管理端","pageReport/remind/visitorRemind.js","175","imgs/202501/setting.png","common/dict.uploadURL","backend_uploadURL","runtime"
"管理端","pageReport/remind/visitorRemind.js","186","/static/imgs/nodata.png","common/dict.uploadURL","backend_uploadURL","runtime"
"管理端","pageReport/remind/visitorRemind.js","335","imgs/202501/data_explain.png","common/dict.uploadURL","backend_uploadURL","runtime"
"管理端","pageReport/remind/visitorRemind.js","339","imgs/202501/data_explain_green.png","common/dict.uploadURL","backend_uploadURL","runtime"
"管理端","pageReport/teacherMembership/detailed.js","384","/static/imgs/suspend_course.png","common/dict.uploadURL","backend_uploadURL","runtime"
"管理端","pageReport/teacherMembership/detailed.js","388","/static/imgs/cancel_course.png","common/dict.uploadURL","backend_uploadURL","runtime"
"管理端","pageReport/teacherMembership/detailed.js","392","/static/imgs/ended_course.png","common/dict.uploadURL","backend_uploadURL","runtime"
"管理端","pageReport/teacherMembership/detailed.js","396","/static/imgs/arrow.png","common/dict.uploadURL","backend_uploadURL","runtime"
"管理端","pageReport/teacherMembership/detailed.js","406","/static/imgs/nodata.png","common/dict.uploadURL","backend_uploadURL","runtime"
"管理端","pageReport/teacherMembership/detailed.js","416","/static/imgs/arrow.png","common/dict.uploadURL","backend_uploadURL","runtime"
"管理端","pageReport/teacherMembership/detailed.js","424","/static/imgs/nodata.png","common/dict.uploadURL","backend_uploadURL","runtime"
"管理端","pageReport/teacherMembership/detailed.js","464","/static/imgs/nodata.png","common/dict.uploadURL","backend_uploadURL","runtime"
"管理端","pageReport/teacherMembership/detailed.js","450","/static/imgs/multi_card_icon.png","common/dict.uploadURL","backend_uploadURL","False"
"管理端","pageReport/teacherMembership/memberShipSalary.js","48","imgs/202501/setting.png","common/dict.uploadURL","backend_uploadURL","runtime"
"管理端","pageReport/teacherMembership/memberShipSalary.js","49","/static/imgs/triangle_02.png","common/dict.uploadURL","backend_uploadURL","runtime"
"管理端","pageReport/teacherMembership/memberShipSalary.js","59","/static/imgs/nodata.png","common/dict.uploadURL","backend_uploadURL","runtime"
"管理端","pageReport/teacherMembership/memberShipSalary.js","557","imgs/202501/data_explain.png","common/dict.uploadURL","backend_uploadURL","runtime"
"管理端","pageReport/teacherMembership/memberShipSalary.js","561","imgs/202501/data_explain_green.png","common/dict.uploadURL","backend_uploadURL","runtime"
"管理端","pageReport/teacherMembership/memberShipSalaryDetail.js","299","/static/imgs/active-icon-green.png","common/dict.uploadURL","backend_uploadURL","runtime"
"管理端","pageReport/teacherMembership/memberShipSalaryDetail.js","315","/static/imgs/nodata.png","common/dict.uploadURL","backend_uploadURL","runtime"
"管理端","pageReport/teacherMembership/memberShipSalaryDetail.js","328","/static/imgs/nodata.png","common/dict.uploadURL","backend_uploadURL","runtime"
"管理端","pageReport/teacherMembership/personalSalary.js","525","imgs/202501/setting.png","common/dict.uploadURL","backend_uploadURL","runtime"
"管理端","pageReport/teacherMembership/personalSalary.js","526","/static/imgs/triangle_02.png","common/dict.uploadURL","backend_uploadURL","runtime"
"管理端","pageReport/teacherMembership/personalSalary.js","536","/static/imgs/nodata.png","common/dict.uploadURL","backend_uploadURL","runtime"
"管理端","pageReport/teacherMembership/personalSalary.js","569","imgs/202501/data_explain.png","common/dict.uploadURL","backend_uploadURL","runtime"
"管理端","pageReport/teacherMembership/personalSalary.js","573","imgs/202501/data_explain_green.png","common/dict.uploadURL","backend_uploadURL","runtime"
"管理端","pageReport/teacherMembership/personalSalaryDetail.js","305","/static/imgs/suspend_course.png","common/dict.uploadURL","backend_uploadURL","runtime"
"管理端","pageReport/teacherMembership/personalSalaryDetail.js","309","/static/imgs/cancel_course.png","common/dict.uploadURL","backend_uploadURL","runtime"
"管理端","pageReport/teacherMembership/personalSalaryDetail.js","313","/static/imgs/ended_course.png","common/dict.uploadURL","backend_uploadURL","runtime"
"管理端","pageReport/teacherMembership/personalSalaryDetail.js","317","/static/imgs/arrow.png","common/dict.uploadURL","backend_uploadURL","runtime"
"管理端","pageReport/teacherMembership/personalSalaryDetail.js","322","/static/imgs/nodata.png","common/dict.uploadURL","backend_uploadURL","runtime"
"管理端","pageReport/teacherMembership/personalSalaryDetail.js","361","/static/imgs/handle_mumber.png","common/dict.uploadURL","backend_uploadURL","runtime"
"管理端","pageReport/teacherMembership/personalSalaryDetail.js","362","/static/imgs/triangle_02.png","common/dict.uploadURL","backend_uploadURL","runtime"
"管理端","pageReport/teacherMembership/personalSalaryDetail.js","375","/static/imgs/remark2.png","common/dict.uploadURL","backend_uploadURL","runtime"
"管理端","pageReport/teacherMembership/personalSalaryDetail.js","383","/static/imgs/nodata.png","common/dict.uploadURL","backend_uploadURL","runtime"
"管理端","pageReport/teacherMembership/personalSalaryDetail.js","352","/static/imgs/multi_card_icon.png","common/dict.uploadURL","backend_uploadURL","False"
"管理端","pageReport/teacherMembership/personalSalaryDetail.js","364","/static/imgs/cancel_appointment.png","common/dict.uploadURL","backend_uploadURL","False"
"管理端","pageReport/teacherMembership/personalSalaryDetail.js","367","/static/imgs/truancy_appointment.png","common/dict.uploadURL","backend_uploadURL","False"
"管理端","pageReport/teacherMembership/personalSalaryDetail.js","372","/static/imgs/edit_appointment.png","common/dict.uploadURL","backend_uploadURL","False"
"管理端","pageReport/teacherMembership/personalSalaryFixedClassHours.js","300","imgs/202506/kjtx.png","common/dict.uploadURL","backend_uploadURL","runtime"
"管理端","pageReport/teacherMembership/personalSalaryFixedCourseAmount.js","54","imgs/202506/kjtx.png","common/dict.uploadURL","backend_uploadURL","runtime"
"管理端","pageReport/teacherMembership/personalSalaryFixedPersonTime.js","358","imgs/202506/kjtx.png","common/dict.uploadURL","backend_uploadURL","runtime"
"管理端","pageReport/teacherMembership/personalSalarySetting.js","184","/static/imgs/report_right_arrow.png","common/dict.uploadURL","backend_uploadURL","runtime"
"管理端","pageReport/teacherMembership/personalSalarySetting.js","194","/static/imgs/nodata.png","common/dict.uploadURL","backend_uploadURL","runtime"
"管理端","pageReport/teacherMembership/staffCourse.js","48","/static/imgs/triangle_02.png","common/dict.uploadURL","backend_uploadURL","runtime"
"管理端","pageReport/teacherMembership/staffCourse.js","54","/static/imgs/active-icon-green.png","common/dict.uploadURL","backend_uploadURL","runtime"
"管理端","pageReport/teacherMembership/staffCourse.js","64","/static/imgs/member_num0.png","common/dict.uploadURL","backend_uploadURL","runtime"
"管理端","pageReport/teacherMembership/staffCourse.js","67","/static/imgs/member_num1.png","common/dict.uploadURL","backend_uploadURL","runtime"
"管理端","pageReport/teacherMembership/staffCourse.js","71","/static/imgs/member_num2.png","common/dict.uploadURL","backend_uploadURL","runtime"
"管理端","pageReport/teacherMembership/staffCourse.js","77","/static/imgs/nodata.png","common/dict.uploadURL","backend_uploadURL","runtime"
"管理端","pageReport/teacherMembership/staffCourse.js","580","imgs/202501/data_explain.png","common/dict.uploadURL","backend_uploadURL","runtime"
"管理端","pageReport/teacherMembership/staffCourse.js","584","imgs/202501/data_explain_green.png","common/dict.uploadURL","backend_uploadURL","runtime"
"管理端","pageReport/userCost/userCost.js","299","/static/imgs/active-icon-green.png","common/dict.uploadURL","backend_uploadURL","runtime"
"管理端","pageReport/userCost/userCost.js","312","/static/imgs/nodata.png","common/dict.uploadURL","backend_uploadURL","runtime"
"管理端","pageReport/userCost/userCost.js","342","imgs/202501/data_explain.png","common/dict.uploadURL","backend_uploadURL","runtime"
"管理端","pageReport/userCost/userCost.js","346","imgs/202501/data_explain_green.png","common/dict.uploadURL","backend_uploadURL","runtime"
"管理端","pages/course/course.js","62","/static/imgs/left_brand.png","common/dict.uploadURL","backend_uploadURL","runtime"
"管理端","pages/course/course.js","66","/static/imgs/right_brand.png","common/dict.uploadURL","backend_uploadURL","runtime"
"管理端","pages/course/course.js","84","/static/imgs/date.png","common/dict.uploadURL","backend_uploadURL","runtime"
"管理端","pages/course/course.js","94","/static/imgs/suspend_course.png","common/dict.uploadURL","backend_uploadURL","runtime"
"管理端","pages/course/course.js","98","/static/imgs/cancel_course.png","common/dict.uploadURL","backend_uploadURL","runtime"
"管理端","pages/course/course.js","102","/static/imgs/arrow.png","common/dict.uploadURL","backend_uploadURL","runtime"
"管理端","pages/course/course.js","109","/static/imgs/start.png","common/dict.uploadURL","backend_uploadURL","runtime"
"管理端","pages/course/course.js","139","/static/imgs/nodata.png","common/dict.uploadURL","backend_uploadURL","runtime"
"管理端","pages/course/course.js","143","/static/imgs/c_stop_doing_bg.png","common/dict.uploadURL","backend_uploadURL","runtime"
"管理端","pages/course/course.js","147","/static/imgs/c_stop_doing_text.png","common/dict.uploadURL","backend_uploadURL","runtime"
"管理端","pages/home/components/appoint-item.js","78","/static/imgs/handle_mumber.png","common/dict.uploadURL","backend_uploadURL","runtime"
"管理端","pages/home/components/appoint-item.js","79","/static/imgs/triangle_02.png","common/dict.uploadURL","backend_uploadURL","runtime"
"管理端","pages/home/components/appoint-item.js","83","/static/imgs/cancel_appointment.png","common/dict.uploadURL","backend_uploadURL","runtime"
"管理端","pages/home/components/appoint-item.js","84","/static/imgs/remark2.png","common/dict.uploadURL","backend_uploadURL","runtime"
"管理端","pages/home/home.js","437","/static/imgs/home_top_bg/home_top_bg.jpg","common/dict.uploadURL","backend_uploadURL","runtime"
"管理端","pages/home/home.js","444","/static/imgs/change_shop_icon.png","common/dict.uploadURL","backend_uploadURL","runtime"
"管理端","pages/home/home.js","450","/static/imgs/close_eye_icon.png","common/dict.uploadURL","backend_uploadURL","runtime"
"管理端","pages/home/home.js","458","/static/imgs/open_eye_icon.png","common/dict.uploadURL","backend_uploadURL","runtime"
"管理端","pages/home/home.js","473","/static/imgs/left_type_02_icon.png","common/dict.uploadURL","backend_uploadURL","runtime"
"管理端","pages/home/home.js","500","/static/imgs/nodata.png","common/dict.uploadURL","backend_uploadURL","runtime"
"管理端","pages/login/components/mp-weixin.js","126","/static/imgs/mp_logo.png","common/dict.uploadURL","backend_uploadURL","runtime"
"管理端","pages/member/member.js","95","/static/imgs/search_icon.png","common/dict.uploadURL","backend_uploadURL","runtime"
"管理端","pages/member/member.js","97","imgs/202501/userlist.png","common/dict.uploadURL","backend_uploadURL","runtime"
"管理端","pages/member/member.js","98","/static/imgs/member_filter_icon.png","common/dict.uploadURL","backend_uploadURL","runtime"
"管理端","pages/member/member.js","101","imgs/202501/usertip.png","common/dict.uploadURL","backend_uploadURL","runtime"
"管理端","pages/member/member.js","114","imgs/202501/usermore.png","common/dict.uploadURL","backend_uploadURL","runtime"
"管理端","pages/member/member.js","132","/static/imgs/202409/forbidden.png","common/dict.uploadURL","backend_uploadURL","runtime"
"管理端","pages/member/member.js","136","/static/imgs/member_remark_icon.png","common/dict.uploadURL","backend_uploadURL","runtime"
"管理端","pages/member/member.js","140","/static/imgs/red_flag.png","common/dict.uploadURL","backend_uploadURL","runtime"
"管理端","pages/member/member.js","144","/static/imgs/yellow_flag.png","common/dict.uploadURL","backend_uploadURL","runtime"
"管理端","pages/member/member.js","148","/static/imgs/green_flag.png","common/dict.uploadURL","backend_uploadURL","runtime"
"管理端","pages/member/member.js","152","/static/imgs/blue_flag.png","common/dict.uploadURL","backend_uploadURL","runtime"
"管理端","pages/member/member.js","156","/static/imgs/purple_flag.png","common/dict.uploadURL","backend_uploadURL","runtime"
"管理端","pages/member/member.js","159","/static/imgs/left_type_01_icon.png","common/dict.uploadURL","backend_uploadURL","runtime"
"管理端","pages/member/member.js","162","/static/imgs/triangle-icon.png","common/dict.uploadURL","backend_uploadURL","runtime"
"管理端","pages/member/member.js","178","/static/imgs/card_free.png","common/dict.uploadURL","backend_uploadURL","runtime"
"管理端","pages/member/member.js","187","/static/imgs/nodata.png","common/dict.uploadURL","backend_uploadURL","runtime"
"管理端","pages/member/member.js","167","/static/imgs/member_single_card_icon.png","common/dict.uploadURL","backend_uploadURL","False"
"管理端","pages/member/member.js","173","/static/imgs/member_multi_card_icon.png","common/dict.uploadURL","backend_uploadURL","False"
"管理端","pages/member/member.js","427","/static/imgs/red_flag.png","common/dict.uploadURL","backend_uploadURL","False"
"管理端","pages/member/member.js","428","/static/imgs/yellow_flag.png","common/dict.uploadURL","backend_uploadURL","False"
"管理端","pages/member/member.js","429","/static/imgs/green_flag.png","common/dict.uploadURL","backend_uploadURL","False"
"管理端","pages/member/member.js","430","/static/imgs/blue_flag.png","common/dict.uploadURL","backend_uploadURL","False"
"管理端","pages/member/member.js","431","/static/imgs/purple_flag.png","common/dict.uploadURL","backend_uploadURL","False"
"管理端","pages/member/member.js","432","/static/imgs/white_flag.png","common/dict.uploadURL","backend_uploadURL","False"
"管理端","pages/member/member.js","434","/static/imgs/no_card.png","common/dict.uploadURL","backend_uploadURL","False"
"管理端","pages/report/report.js","52","imgs/202501/refresh.png","common/dict.uploadURL","backend_uploadURL","runtime"
"管理端","pages/report/report.js","53","imgs/202501/right_arrow.png","common/dict.uploadURL","backend_uploadURL","runtime"
"管理端","pages/report/report.js","56","/static/imgs/open_eye_icon.png","common/dict.uploadURL","backend_uploadURL","runtime"
"管理端","pages/report/report.js","60","/static/imgs/close_eye_icon.png","common/dict.uploadURL","backend_uploadURL","runtime"
"管理端","pages/report/report.js","62","imgs/202501/right_arrow.png","common/dict.uploadURL","backend_uploadURL","runtime"
"管理端","pages/report/report.js","64","imgs/202501/explain.png","common/dict.uploadURL","backend_uploadURL","runtime"
"管理端","pages/report/report.js","65","imgs/202501/refresh.png","common/dict.uploadURL","backend_uploadURL","runtime"
"管理端","pages/report/report.js","67","imgs/202501/explain.png","common/dict.uploadURL","backend_uploadURL","runtime"
"管理端","pages/report/report.js","68","imgs/202501/refresh.png","common/dict.uploadURL","backend_uploadURL","runtime"
"管理端","pages/report/report.js","70","imgs/202501/explain.png","common/dict.uploadURL","backend_uploadURL","runtime"
"管理端","pages/report/report.js","71","imgs/202501/refresh.png","common/dict.uploadURL","backend_uploadURL","runtime"
"管理端","pages/report/report.js","73","imgs/202501/recharge-report.png","common/dict.uploadURL","backend_uploadURL","runtime"
"管理端","pages/report/report.js","74","imgs/202501/course-report.png","common/dict.uploadURL","backend_uploadURL","runtime"
"管理端","pages/report/report.js","75","imgs/202501/consumption-report.png","common/dict.uploadURL","backend_uploadURL","runtime"
"管理端","pages/report/report.js","76","imgs/202501/ranking-report.png","common/dict.uploadURL","backend_uploadURL","runtime"
"管理端","pages/report/report.js","77","imgs/202501/vip-report.png","common/dict.uploadURL","backend_uploadURL","runtime"
"管理端","pages/report/report.js","78","imgs/202501/personal-report.png","common/dict.uploadURL","backend_uploadURL","runtime"
"管理端","pages/report/report.js","79","imgs/202501/change-report.png","common/dict.uploadURL","backend_uploadURL","runtime"
"管理端","pages/report/report.js","81","imgs/202501/teamcard.png","common/dict.uploadURL","backend_uploadURL","runtime"
"管理端","pages/report/report.js","82","imgs/202501/private_course.png","common/dict.uploadURL","backend_uploadURL","runtime"
"管理端","pages/report/report.js","84","imgs/202501/class_hour.png","common/dict.uploadURL","backend_uploadURL","runtime"
"管理端","pages/report/report.js","85","imgs/202501/personal.png","common/dict.uploadURL","backend_uploadURL","runtime"
"管理端","pages/report/report.js","86","imgs/202501/membership_salary.png","common/dict.uploadURL","backend_uploadURL","runtime"
"管理端","pages/report/report.js","88","imgs/202501/explain.png","common/dict.uploadURL","backend_uploadURL","runtime"
"管理端","pages/report/report.js","89","imgs/202501/refresh.png","common/dict.uploadURL","backend_uploadURL","runtime"
"管理端","pages/shop/shop.js","178","/static/imgs/shop_service_left_icon.png","common/dict.uploadURL","backend_uploadURL","runtime"
"管理端","pages/shop/shop.js","185","/static/imgs/video_help_icon.png","common/dict.uploadURL","backend_uploadURL","runtime"
"管理端","pages/shop/shop.js","189","/static/imgs/bottom_logo_1.png","common/dict.uploadURL","backend_uploadURL","runtime"
"管理端","pages/shop/shop.js","88","/static/imgs/slogan_img.png","common/dict.uploadURL","backend_uploadURL","False"
"管理端","pages/shop/shop.js","96","/static/imgs/perfect_info_img.png","common/dict.uploadURL","backend_uploadURL","False"
"管理端","pages/shop/shop.js","300","/static/imgs/default-config-1.png","common/dict.uploadURL","backend_uploadURL","False"
"管理端","pages/shop/shop.js","305","/static/imgs/default-config-2.png","common/dict.uploadURL","backend_uploadURL","False"
"管理端","pages/shop/shop.js","310","/static/imgs/default-config-3.png","common/dict.uploadURL","backend_uploadURL","False"
"管理端","pages/shop/shop.js","315","/static/imgs/default-config-4.png","common/dict.uploadURL","backend_uploadURL","False"
"管理端","pages/shop/shop.js","320","/static/imgs/default-config-5.png","common/dict.uploadURL","backend_uploadURL","False"
"管理端","pages/shop/shop.js","325","/static/imgs/default-config-7.png","common/dict.uploadURL","backend_uploadURL","False"
"管理端","pages/shop/shop.js","333","/unioncard/multiple-config-instructions.png","common/dict.uploadURL","backend_uploadURL","False"
"管理端","pages/shop/shop.js","339","/unioncard/multiple-config-subbranch.png","common/dict.uploadURL","backend_uploadURL","False"
"管理端","pages/shop/shop.js","345","/unioncard/multiple-config-card.png","common/dict.uploadURL","backend_uploadURL","False"
"管理端","pages/shop/shop.js","351","/unioncard/multiple-config-shop-course.png","common/dict.uploadURL","backend_uploadURL","False"
"管理端","pages/shop/shop.js","357","/unioncard/multiple-config-card-statistics.png","common/dict.uploadURL","backend_uploadURL","False"
"管理端","pages/shop/shop.js","363","/unioncard/multiple-config-course-statistics.png","common/dict.uploadURL","backend_uploadURL","False"
"管理端","pages/shop/shop.js","369","/unioncard/multiple-config-staff.png","common/dict.uploadURL","backend_uploadURL","False"
"管理端","pages/shop/shop.js","377","/static/imgs/member-config-course.png","common/dict.uploadURL","backend_uploadURL","False"
"管理端","pages/shop/shop.js","383","/static/imgs/member-config-show.png","common/dict.uploadURL","backend_uploadURL","False"
"管理端","pages/shop/shop.js","389","/static/imgs/member-config-kind-reminder.png","common/dict.uploadURL","backend_uploadURL","False"
"管理端","pages/shop/shop.js","395","/static/imgs/member-config-hide.png","common/dict.uploadURL","backend_uploadURL","False"
"管理端","pages/shop/shop.js","402","/static/imgs/shop-manager-tool-1.png","common/dict.uploadURL","backend_uploadURL","False"
"管理端","pages/shop/shop.js","408","/static/imgs/shop-manager-tool-2.png","common/dict.uploadURL","backend_uploadURL","False"
"管理端","pages/shop/shop.js","414","/static/imgs/shop-manager-tool-3.png","common/dict.uploadURL","backend_uploadURL","False"
"管理端","pages/shop/shop.js","420","/static/imgs/shop_report.png","common/dict.uploadURL","backend_uploadURL","False"
"管理端","pages/shop/shop.js","592","/static/imgs/Initial-basics-setting-1.png","common/dict.uploadURL","backend_uploadURL","False"
"管理端","pages/shop/shop.js","597","/static/imgs/Initial-basics-setting-2.png","common/dict.uploadURL","backend_uploadURL","False"
"管理端","pages/shop/shop.js","602","/static/imgs/Initial-basics-setting-3.png","common/dict.uploadURL","backend_uploadURL","False"
"管理端","pages/shop/shop.js","608","/static/imgs/Initial-basics-setting-4.png","common/dict.uploadURL","backend_uploadURL","False"
"管理端","pages/shop/shop.js","614","/static/imgs/Initial-basics-setting-6.png","common/dict.uploadURL","backend_uploadURL","False"
"管理端","pages/shop/shop.js","619","/static/imgs/Initial-basics-setting-5.png","common/dict.uploadURL","backend_uploadURL","False"
"管理端","pages/shop/shop.js","630","/static/imgs/basics-setting-2.png","common/dict.uploadURL","backend_uploadURL","False"
"管理端","pages/shop/shop.js","635","/static/imgs/basics-setting-1.png","common/dict.uploadURL","backend_uploadURL","False"
"管理端","pages/shop/shop.js","640","/static/imgs/basics-setting-4.png","common/dict.uploadURL","backend_uploadURL","False"
"管理端","pages/shop/shop.js","645","/static/imgs/basics-setting-3.png","common/dict.uploadURL","backend_uploadURL","False"
"管理端","pages/shop/shop.js","650","/static/imgs/basics-setting-5.png","common/dict.uploadURL","backend_uploadURL","False"
"管理端","pages/shop/shop.js","655","/static/imgs/basics-setting-6.png","common/dict.uploadURL","backend_uploadURL","False"
"管理端","pages/shopOrder/index.js","163","/static/imgs/nodata.png","common/dict.uploadURL","backend_uploadURL","runtime"
"管理端","pages/start/index.wxml","6","/static/imgs/startlogo.png","static/imgs/startlogo.png","local","True"
"管理端","pages/start/index.wxml","14","/static/imgs/laba.png","static/imgs/laba.png","local","True"
"管理端","pagesCourse/components/edit-course.js","63","/static/imgs/date.png","common/dict.uploadURL","backend_uploadURL","runtime"
"管理端","pagesCourse/components/edit-course.js","72","/static/imgs/nodata.png","common/dict.uploadURL","backend_uploadURL","runtime"
"管理端","pagesCourse/components/member-search.js","65","/static/imgs/left_type_01_icon.png","common/dict.uploadURL","backend_uploadURL","runtime"
"管理端","pagesCourse/components/member-search.js","81","/static/imgs/nodata.png","common/dict.uploadURL","backend_uploadURL","runtime"
"管理端","pagesCourse/components/member-search.js","55","/static/imgs/202409/forbidden.png","common/dict.uploadURL","backend_uploadURL","False"
"管理端","pagesCourse/components/select-member-card.js","53","@/static/imgs/membership _card.png","common/dict.uploadURL","backend_uploadURL","runtime"
"管理端","pagesCourse/components/select-time.js","84","/static/imgs/nodata.png","common/dict.uploadURL","backend_uploadURL","runtime"
"管理端","pagesCourse/components/success.js","98","@/static/imgs/success.png","common/dict.uploadURL","backend_uploadURL","runtime"
"管理端","pagesCourse/home/venue.js","206","/static/imgs/report_right_arrow.png","common/dict.uploadURL","backend_uploadURL","runtime"
"管理端","pagesCourse/home/venue.js","207","/static/imgs/current_stadium.png","common/dict.uploadURL","backend_uploadURL","runtime"
"管理端","pagesCourse/index/components/course-box.js","82","/static/imgs/suspend_course.png","common/dict.uploadURL","backend_uploadURL","runtime"
"管理端","pagesCourse/index/components/course-management.js","48","/static/course/m-icon1.png","common/dict.uploadURL","backend_uploadURL","runtime"
"管理端","pagesCourse/index/components/course-management.js","49","/static/course/m-icon5.png","common/dict.uploadURL","backend_uploadURL","runtime"
"管理端","pagesCourse/index/components/course-management.js","50","/imgs/replaceCoach.png","common/dict.uploadURL","backend_uploadURL","runtime"
"管理端","pagesCourse/index/components/course-management.js","51","/static/course/m-icon4.png","common/dict.uploadURL","backend_uploadURL","runtime"
"管理端","pagesCourse/index/components/course-management.js","52","/static/course/m-icon7.png","common/dict.uploadURL","backend_uploadURL","runtime"
"管理端","pagesCourse/index/components/course-management.js","55","/static/course/m-icon2.png","common/dict.uploadURL","backend_uploadURL","runtime"
"管理端","pagesCourse/index/components/course-management.js","59","/static/course/m-icon22.png","common/dict.uploadURL","backend_uploadURL","runtime"
"管理端","pagesCourse/index/components/course-management.js","63","/static/course/m-icon23.png","common/dict.uploadURL","backend_uploadURL","runtime"
"管理端","pagesCourse/index/components/course-management.js","65","/static/course/m-icon6.png","common/dict.uploadURL","backend_uploadURL","runtime"
"管理端","pagesCourse/index/components/course-management.js","66","/static/course/m-icon3.png","common/dict.uploadURL","backend_uploadURL","runtime"
"管理端","pagesCourse/index/components/course-scroll.js","85","/imgs/triangle_02.png","common/dict.uploadURL","backend_uploadURL","runtime"
"管理端","pagesCourse/index/components/download-timetable.js","42","/static/imgs/loading.gif","common/dict.uploadURL","backend_uploadURL","runtime"
"管理端","pagesCourse/index/components/download-timetable.js","46","/static/imgs/success.png","common/dict.uploadURL","backend_uploadURL","runtime"
"管理端","pagesCourse/index/components/empty-data.js","57","/static/imgs/nodata.png","common/dict.uploadURL","backend_uploadURL","runtime"
"管理端","pagesCourse/index/components/select-backgroundcolor.js","163","@/static/imgs/success.png","common/dict.uploadURL","backend_uploadURL","runtime"
"管理端","pagesCourse/index/components/select-backgroundcolor.js","166","@/static/imgs/success.png","common/dict.uploadURL","backend_uploadURL","runtime"
"管理端","pagesCourse/index/components/subject-card.js","54","/static/imgs/suspend_course.png","common/dict.uploadURL","backend_uploadURL","runtime"
"管理端","pagesCourse/index/components/subject-card.js","57","/static/imgs/arrow.png","common/dict.uploadURL","backend_uploadURL","runtime"
"管理端","pagesCourse/index/components/subject-card.js","61","/static/imgs/headimg.png","common/dict.uploadURL","backend_uploadURL","runtime"
"管理端","pagesCourse/index/course-option.js","69","/course/course-sketch.jpg","common/dict.uploadURL","backend_uploadURL","False"
"管理端","pagesCourse/index/index.js","60","/static/course/icon1.png","common/dict.uploadURL","backend_uploadURL","runtime"
"管理端","pagesCourse/index/index.js","61","/static/course/icon2.png","common/dict.uploadURL","backend_uploadURL","runtime"
"管理端","pagesCourse/index/index.js","62","/static/course/icon3.png","common/dict.uploadURL","backend_uploadURL","runtime"
"管理端","pagesCourse/index/index.js","63","/static/course/icon4.png","common/dict.uploadURL","backend_uploadURL","runtime"
"管理端","pagesCourse/leagueClassDetails/index.js","519","/static/imgs/course_state_6.png","common/dict.uploadURL","backend_uploadURL","runtime"
"管理端","pagesCourse/leagueClassDetails/index.js","520","/static/imgs/back.png","common/dict.uploadURL","backend_uploadURL","runtime"
"管理端","pagesCourse/leagueClassDetails/index.js","526","/static/imgs/arrow.png","common/dict.uploadURL","backend_uploadURL","runtime"
"管理端","pagesCourse/leagueClassDetails/index.js","533","/static/imgs/start.png","common/dict.uploadURL","backend_uploadURL","runtime"
"管理端","pagesCourse/leagueClassDetails/index.js","541","/static/imgs/course_edit.png","common/dict.uploadURL","backend_uploadURL","runtime"
"管理端","pagesCourse/leagueClassDetails/index.js","542","/static/imgs/course_share.png","common/dict.uploadURL","backend_uploadURL","runtime"
"管理端","pagesCourse/leagueClassDetails/index.js","548","/static/imgs/suspend_course.png","common/dict.uploadURL","backend_uploadURL","runtime"
"管理端","pagesCourse/leagueClassDetails/index.js","554","/static/imgs/cancel_course.png","common/dict.uploadURL","backend_uploadURL","runtime"
"管理端","pagesCourse/leagueClassDetails/index.js","585","/static/imgs/multi_card_icon.png","common/dict.uploadURL","backend_uploadURL","runtime"
"管理端","pagesCourse/leagueClassDetails/index.js","603","/static/imgs/handle_mumber.png","common/dict.uploadURL","backend_uploadURL","runtime"
"管理端","pagesCourse/leagueClassDetails/index.js","604","/static/imgs/truant_icon.png","common/dict.uploadURL","backend_uploadURL","runtime"
"管理端","pagesCourse/leagueClassDetails/index.js","616","/static/imgs/multi_card_icon.png","common/dict.uploadURL","backend_uploadURL","runtime"
"管理端","pagesCourse/leagueClassDetails/index.js","634","/static/imgs/handle_mumber.png","common/dict.uploadURL","backend_uploadURL","runtime"
"管理端","pagesCourse/leagueClassDetails/index.js","635","/static/imgs/triangle_02.png","common/dict.uploadURL","backend_uploadURL","runtime"
"管理端","pagesCourse/leagueClassDetails/index.js","638","/static/imgs/cancel_appointment.png","common/dict.uploadURL","backend_uploadURL","runtime"
"管理端","pagesCourse/leagueClassDetails/index.js","645","/static/imgs/truancy_appointment.png","common/dict.uploadURL","backend_uploadURL","runtime"
"管理端","pagesCourse/leagueClassDetails/index.js","646","/static/imgs/remark2.png","common/dict.uploadURL","backend_uploadURL","runtime"
"管理端","pagesCourse/leagueClassDetails/index.js","661","/static/imgs/multi_card_icon.png","common/dict.uploadURL","backend_uploadURL","runtime"
"管理端","pagesCourse/leagueClassDetails/index.js","681","/static/imgs/handle_mumber.png","common/dict.uploadURL","backend_uploadURL","runtime"
"管理端","pagesCourse/leagueClassDetails/index.js","682","/static/imgs/triangle_02.png","common/dict.uploadURL","backend_uploadURL","runtime"
"管理端","pagesCourse/leagueClassDetails/index.js","685","/static/imgs/cancel_line_up.png","common/dict.uploadURL","backend_uploadURL","runtime"
"管理端","pagesCourse/leagueClassDetails/index.js","686","/static/imgs/remark2.png","common/dict.uploadURL","backend_uploadURL","runtime"
"管理端","pagesCourse/leagueClassDetails/index.js","689","/static/imgs/line_up_end_icon.png","common/dict.uploadURL","backend_uploadURL","runtime"
"管理端","pagesCourse/leagueClassDetails/index.js","693","/static/imgs/be_queuing_icon.png","common/dict.uploadURL","backend_uploadURL","runtime"
"管理端","pagesCourse/leagueClassDetails/index.js","711","/static/imgs/multi_card_icon.png","common/dict.uploadURL","backend_uploadURL","runtime"
"管理端","pagesCourse/leagueClassDetails/index.js","729","/static/imgs/handle_mumber.png","common/dict.uploadURL","backend_uploadURL","runtime"
"管理端","pagesCourse/leagueClassDetails/index.js","733","/static/imgs/nodata.png","common/dict.uploadURL","backend_uploadURL","runtime"
"管理端","pagesCourse/personalTrainerDetails/index.js","77","/static/imgs/back.png","common/dict.uploadURL","backend_uploadURL","runtime"
"管理端","pagesCourse/personalTrainerDetails/index.js","81","/static/imgs/left_brand.png","common/dict.uploadURL","backend_uploadURL","runtime"
"管理端","pagesCourse/personalTrainerDetails/index.js","85","/static/imgs/right_brand.png","common/dict.uploadURL","backend_uploadURL","runtime"
"管理端","pagesCourse/personalTrainerDetails/index.js","89","/static/imgs/course_edit.png","common/dict.uploadURL","backend_uploadURL","runtime"
"管理端","pagesCourse/personalTrainerDetails/index.js","93","/static/imgs/course_share.png","common/dict.uploadURL","backend_uploadURL","runtime"
"管理端","pagesCourse/personalTrainerDetails/index.js","129","/static/imgs/handle_mumber.png","common/dict.uploadURL","backend_uploadURL","runtime"
"管理端","pagesCourse/personalTrainerDetails/index.js","130","/static/imgs/triangle_02.png","common/dict.uploadURL","backend_uploadURL","runtime"
"管理端","pagesCourse/personalTrainerDetails/index.js","143","/static/imgs/remark2.png","common/dict.uploadURL","backend_uploadURL","runtime"
"管理端","pagesCourse/personalTrainerDetails/index.js","154","/static/imgs/nodata.png","common/dict.uploadURL","backend_uploadURL","runtime"
"管理端","pagesCourse/personalTrainerDetails/index.js","120","/static/imgs/multi_card_icon.png","common/dict.uploadURL","backend_uploadURL","False"
"管理端","pagesCourse/personalTrainerDetails/index.js","132","/static/imgs/cancel_appointment.png","common/dict.uploadURL","backend_uploadURL","False"
"管理端","pagesCourse/personalTrainerDetails/index.js","135","/static/imgs/truancy_appointment.png","common/dict.uploadURL","backend_uploadURL","False"
"管理端","pagesCourse/personalTrainerDetails/index.js","140","/static/imgs/edit_appointment.png","common/dict.uploadURL","backend_uploadURL","False"
"管理端","pagesCourse/subject/subject-compontent/subject-card.js","73","/static/imgs/arrow.png","common/dict.uploadURL","backend_uploadURL","runtime"
"管理端","pagesCourse/subject/subject-compontent/subject-card.js","77","/static/imgs/headimg.png","common/dict.uploadURL","backend_uploadURL","runtime"
"管理端","pagesCourse/subject/subject-compontent/subject-trainer.js","116","/static/imgs/women.png","common/dict.uploadURL","backend_uploadURL","runtime"
"管理端","pagesCourse/subject/subject-compontent/subject-trainer.js","117","/static/imgs/man.png","common/dict.uploadURL","backend_uploadURL","runtime"
"管理端","pagesCourse/subject/subject-compontent/suject-classroom.js","38","/static/imgs/close.png","common/dict.uploadURL","backend_uploadURL","runtime"
"管理端","pagesCourse/subject/subject-compontent/suject-classroom.js","41","/static/imgs/save.png","common/dict.uploadURL","backend_uploadURL","runtime"
"管理端","pagesCourse/subject/subject-compontent/suject-classroom.js","45","/static/imgs/edit.png","common/dict.uploadURL","backend_uploadURL","runtime"
"管理端","pagesCourse/subject/subject-compontent/tag-popup.js","180","/static/imgs/close.png","common/dict.uploadURL","backend_uploadURL","runtime"
"管理端","pagesCourse/subject/subject-compontent/tag-popup.js","186","/static/imgs/save.png","common/dict.uploadURL","backend_uploadURL","runtime"
"管理端","pagesCourse/subject/subject-compontent/tag-popup.js","190","/static/imgs/edit.png","common/dict.uploadURL","backend_uploadURL","runtime"
"管理端","pageServer/components/info.js","88","/static/imgs/member-img.png","common/dict.uploadURL","backend_uploadURL","runtime"
"管理端","pageServer/components/service-bottom-logo.js","24","/static/imgs/bottom_logo_1.png","common/dict.uploadURL","backend_uploadURL","runtime"
"管理端","pageServer/components/service-bottom-logo.js","28","/static/imgs/bottom_logo-deep.png","common/dict.uploadURL","backend_uploadURL","runtime"
"管理端","pageServer/components/service.js","15","/static/imgs/copy.png","common/dict.uploadURL","backend_uploadURL","runtime"
"管理端","pageServer/index.js","41","/static/imgs/order-records.png","common/dict.uploadURL","backend_uploadURL","runtime"
"管理端","pageServer/index.js","42","/static/imgs/serve-agreement.png","common/dict.uploadURL","backend_uploadURL","runtime"
"管理端","pageServer/order.js","282","/static/imgs/order-nav-img2.png","common/dict.uploadURL","backend_uploadURL","runtime"
"管理端","pageServer/order.js","286","/static/imgs/order-nav-image.png","common/dict.uploadURL","backend_uploadURL","runtime"
"管理端","pageServer/order.js","290","/static/imgs/order-nav-img2.png","common/dict.uploadURL","backend_uploadURL","runtime"
"管理端","pageServer/order.js","294","/static/imgs/order-nav-image.png","common/dict.uploadURL","backend_uploadURL","runtime"
"管理端","pageServer/order.js","298","/static/imgs/success.png","common/dict.uploadURL","backend_uploadURL","runtime"
"管理端","pageServer/order.js","302","/static/imgs/importantNote.png","common/dict.uploadURL","backend_uploadURL","runtime"
"管理端","pageServer/videoHelp/videoHelp.js","295","/static/imgs/back_home.png","common/dict.uploadURL","backend_uploadURL","runtime"
"管理端","pageServer/videoHelp/videoHelp.js","297","/static/imgs/video_help/video_head_bg.jpg","common/dict.uploadURL","backend_uploadURL","runtime"
"管理端","pageServer/videoHelp/videoHelp.js","299","/static/imgs/video_help/video_head_bg.jpg","common/dict.uploadURL","backend_uploadURL","runtime"
"管理端","pageServer/videoHelp/videoHelp.js","303","/static/imgs/back_home_white.png","common/dict.uploadURL","backend_uploadURL","runtime"
"管理端","pageServer/videoHelp/videoHelp.js","304","/static/imgs/mijing_logo.png","common/dict.uploadURL","backend_uploadURL","runtime"
"管理端","pageServer/videoHelp/videoHelp.js","305","/static/imgs/video_help/v_icon.png","common/dict.uploadURL","backend_uploadURL","runtime"
"管理端","pageServer/videoHelp/videoHelp.js","306","/static/imgs/video_help/important_icon.png","common/dict.uploadURL","backend_uploadURL","runtime"
"管理端","pageServer/videoHelp/videoHelp.js","307","/static/imgs/video_help/important_icon.png","common/dict.uploadURL","backend_uploadURL","runtime"
"管理端","pageServer/videoHelp/videoHelp.js","308","/static/imgs/video_help/important_icon.png","common/dict.uploadURL","backend_uploadURL","runtime"
"管理端","pageServer/videoHelp/videoHelp.js","309","/static/imgs/video_help/wechat_icon.png","common/dict.uploadURL","backend_uploadURL","runtime"
"管理端","pageServer/videoHelp/videoHelp.js","310","/static/imgs/video_help/wechat_icon.png","common/dict.uploadURL","backend_uploadURL","runtime"
"管理端","pageServer/videoHelp/videoHelp.js","312","/static/imgs/video_help/search_icon.png","common/dict.uploadURL","backend_uploadURL","runtime"
"管理端","pageServer/videoHelp/videoHelp.js","313","/static/imgs/video_help/play_icon.png","common/dict.uploadURL","backend_uploadURL","runtime"
"管理端","pageServer/videoHelp/videoHelp.js","33","/static/imgs/video_help/video_cover_01.jpg","common/dict.uploadURL","backend_uploadURL","False"
"管理端","pageServer/videoHelp/videoHelp.js","40","/static/imgs/video_help/video_cover_02.jpg","common/dict.uploadURL","backend_uploadURL","False"
"管理端","pageServer/videoHelp/videoHelp.js","47","/static/imgs/video_help/video_cover_03.jpg","common/dict.uploadURL","backend_uploadURL","False"
"管理端","pageServer/videoHelp/videoHelp.js","54","/static/imgs/video_help/video_cover_04.jpg","common/dict.uploadURL","backend_uploadURL","False"
"管理端","pageServer/videoHelp/videoHelp.js","61","/static/imgs/video_help/video_cover_05.jpg","common/dict.uploadURL","backend_uploadURL","False"
"管理端","pageServer/videoHelp/videoHelp.js","68","/static/imgs/video_help/video_cover_06.jpg","common/dict.uploadURL","backend_uploadURL","False"
"管理端","pageServer/videoHelp/videoHelp.js","75","/static/imgs/video_help/video_cover_07.jpg","common/dict.uploadURL","backend_uploadURL","False"
"管理端","pageServer/videoHelp/videoHelp.js","82","/static/imgs/video_help/video_cover_08.jpg","common/dict.uploadURL","backend_uploadURL","False"
"管理端","pageServer/videoHelp/videoHelp.js","89","/static/imgs/video_help/video_cover_09.jpg","common/dict.uploadURL","backend_uploadURL","False"
"管理端","pageServer/videoHelp/videoHelp.js","96","/static/imgs/video_help/video_cover_10.jpg","common/dict.uploadURL","backend_uploadURL","False"
"管理端","pageServer/videoHelp/videoHelp.js","103","/static/imgs/video_help/video_cover_11.jpg","common/dict.uploadURL","backend_uploadURL","False"
"管理端","pageServer/videoHelp/videoHelp.js","110","/static/imgs/video_help/video_cover_12.jpg","common/dict.uploadURL","backend_uploadURL","False"
"管理端","pageServer/videoHelp/videoHelp.js","117","/static/imgs/video_help/video_cover_13.jpg","common/dict.uploadURL","backend_uploadURL","False"
"管理端","pageServer/videoHelp/videoHelp.js","124","/static/imgs/video_help/video_cover_14.jpg","common/dict.uploadURL","backend_uploadURL","False"
"管理端","pageServer/videoHelp/videoHelp.js","131","/static/imgs/video_help/video_cover_15.jpg","common/dict.uploadURL","backend_uploadURL","False"
"管理端","pagesImp/authorization/components/bottom-img/index.js","37","/static/imgs/sq-logo.png","common/dict.uploadURL","backend_uploadURL","runtime"
"管理端","pagesImp/authorization/info/index.js","123","/static/imgs/default-photo.png","common/dict.uploadURL","backend_uploadURL","runtime"
"管理端","pagesImp/card/card-subject/index.js","67","/static/imgs/halt-sales-card.png","common/dict.uploadURL","backend_uploadURL","runtime"
"管理端","pagesImp/card/card-subject/index.js","71","/static/imgs/halt-sales-card.png","common/dict.uploadURL","backend_uploadURL","runtime"
"管理端","pagesImp/card/card-subject/index.js","79","/static/imgs/nodata.png","common/dict.uploadURL","backend_uploadURL","runtime"
"管理端","pagesImp/card/components/HM-dragSorts/HM-dragSorts.js","97","/static/imgs/halt-sales-card.png","common/dict.uploadURL","backend_uploadURL","runtime"
"管理端","pagesImp/card/components/HM-dragSorts/HM-dragSorts.js","104","/static/imgs/halt-sales-card.png","common/dict.uploadURL","backend_uploadURL","runtime"
"管理端","pagesImp/card/components/HM-dragSorts/HM-dragSorts.wxml","78","//test.mijingyueke.com/upload/imgs/triangle_02.png","//test.mijingyueke.com/upload/imgs/triangle_02.png","remote_url","runtime"
"管理端","pagesImp/card/components/quota.js","72","/static/imgs/right.png","common/dict.uploadURL","backend_uploadURL","runtime"
"管理端","pagesImp/card/components/quota.js","83","/static/imgs/group-icon.png","common/dict.uploadURL","backend_uploadURL","runtime"
"管理端","pagesImp/card/components/quota.js","84","/static/imgs/group-img1.png","common/dict.uploadURL","backend_uploadURL","runtime"
"管理端","pagesImp/card/components/quota.js","85","/static/imgs/group-img2.png","common/dict.uploadURL","backend_uploadURL","runtime"
"管理端","pagesImp/card/components/quota.js","86","/static/imgs/group-img3.png","common/dict.uploadURL","backend_uploadURL","runtime"
"管理端","pagesImp/card/components/quota.js","87","/static/imgs/group-icon.png","common/dict.uploadURL","backend_uploadURL","runtime"
"管理端","pagesImp/card/components/quota.js","88","/static/imgs/group-img4.png","common/dict.uploadURL","backend_uploadURL","runtime"
"管理端","pagesImp/card/create/create.js","65","/static/imgs/card_counts_icon.png","common/dict.uploadURL","backend_uploadURL","runtime"
"管理端","pagesImp/card/create/create.js","66","/static/imgs/report_right_arrow.png","common/dict.uploadURL","backend_uploadURL","runtime"
"管理端","pagesImp/card/create/create.js","67","/static/imgs/card_date_icon.png","common/dict.uploadURL","backend_uploadURL","runtime"
"管理端","pagesImp/card/create/create.js","68","/static/imgs/report_right_arrow.png","common/dict.uploadURL","backend_uploadURL","runtime"
"管理端","pagesImp/card/create/create.js","69","/static/imgs/card_value_icon.png","common/dict.uploadURL","backend_uploadURL","runtime"
"管理端","pagesImp/card/create/create.js","70","/static/imgs/report_right_arrow.png","common/dict.uploadURL","backend_uploadURL","runtime"
"管理端","pagesImp/card/home/del-card-tp.js","236","/static/imgs/halt-sales-card.png","common/dict.uploadURL","backend_uploadURL","runtime"
"管理端","pagesImp/card/home/del-card-tp.js","242","/static/imgs/nodata.png","common/dict.uploadURL","backend_uploadURL","runtime"
"管理端","pagesImp/card/home/del-card.js","225","/static/imgs/halt-sales-card.png","common/dict.uploadURL","backend_uploadURL","runtime"
"管理端","pagesImp/card/home/del-card.js","231","/static/imgs/nodata.png","common/dict.uploadURL","backend_uploadURL","runtime"
"管理端","pagesImp/card/home/home.js","500","/unioncard/del-show.png","common/dict.uploadURL","backend_uploadURL","runtime"
"管理端","pagesImp/card/home/home.js","503","/imgs/202510/cardsort.png","common/dict.uploadURL","backend_uploadURL","runtime"
"管理端","pagesImp/card/home/home.js","516","/static/imgs/halt-sales-card.png","common/dict.uploadURL","backend_uploadURL","runtime"
"管理端","pagesImp/card/home/home.js","525","/static/imgs/card_default_img.png","common/dict.uploadURL","backend_uploadURL","runtime"
"管理端","pagesImp/card/member-card/index-tp.js","683","/static/imgs/card_add_more_up_arrow.png","common/dict.uploadURL","backend_uploadURL","runtime"
"管理端","pagesImp/card/member-card/index-tp.js","687","/static/imgs/card_add_more_down_arrow.png","common/dict.uploadURL","backend_uploadURL","runtime"
"管理端","pagesImp/card/member-card/index.js","159","/static/imgs/card_add_more_up_arrow.png","common/dict.uploadURL","backend_uploadURL","runtime"
"管理端","pagesImp/card/member-card/index.js","163","/static/imgs/card_add_more_down_arrow.png","common/dict.uploadURL","backend_uploadURL","runtime"
"管理端","pagesImp/card/setting-single-subject/index.js","111","/static/imgs/halt-sales-card.png","common/dict.uploadURL","backend_uploadURL","runtime"
"管理端","pagesImp/components/ff-editor/ff-editor.wxss","13","//at.alicdn.com/t/font_945958_zfsfjju1dim.svg","//at.alicdn.com/t/font_945958_zfsfjju1dim.svg","remote_url","runtime"
"管理端","pagesImp/components/nodata/nodatalongword.js","63","/static/imgs/nodata.png","common/dict.uploadURL","backend_uploadURL","runtime"
"管理端","pagesImp/QRcode/QRcode.js","67","/static/imgs/qr_code.png","common/dict.uploadURL","backend_uploadURL","runtime"
"管理端","pagesImp/QRcode/QRcode.js","68","/static/imgs/qr_icon.png","common/dict.uploadURL","backend_uploadURL","runtime"
"管理端","pagesImp/QRcode/QRcode.js","69","/static/imgs/qr_shadow.png","common/dict.uploadURL","backend_uploadURL","runtime"
"管理端","pagesImp/shop/setting/personal/personal.js","204","/static/imgs/headimg.png","common/dict.uploadURL","backend_uploadURL","runtime"
"管理端","pagesImp/shop/setting/personal/personal.js","205","/static/imgs/camera.png","common/dict.uploadURL","backend_uploadURL","runtime"
"管理端","pagesImp/shop/staff/components/permission-popup.js","324","/static/imgs/triangle.png","common/dict.uploadURL","backend_uploadURL","runtime"
"管理端","pagesImp/shop/staff/components/permission-popup.js","195","/static/imgs/basics-setting-1.png","common/dict.uploadURL","backend_uploadURL","False"
"管理端","pagesImp/shop/staff/components/permission-popup.js","196","/static/imgs/basics-setting-2.png","common/dict.uploadURL","backend_uploadURL","False"
"管理端","pagesImp/shop/staff/components/permission-popup.js","197","/static/imgs/basics-setting-3.png","common/dict.uploadURL","backend_uploadURL","False"
"管理端","pagesImp/shop/staff/components/permission-popup.js","198","/static/imgs/basics-setting-4.png","common/dict.uploadURL","backend_uploadURL","False"
"管理端","pagesImp/shop/staff/components/permission-popup.js","199","/static/imgs/basics-setting-6.png","common/dict.uploadURL","backend_uploadURL","False"
"管理端","pagesImp/shop/staff/components/permission-popup.js","200","/static/imgs/basics-setting-5.png","common/dict.uploadURL","backend_uploadURL","False"
"管理端","pagesImp/shop/staff/invited-share.js","24","/static/imgs/back_home.png","common/dict.uploadURL","backend_uploadURL","runtime"
"管理端","pagesImp/shop/staff/invited-share.js","26","/static/imgs/invited-share.jpg","common/dict.uploadURL","backend_uploadURL","runtime"
"管理端","pagesImp/shop/staff/staff-edit.js","799","/static/imgs/triangle.png","common/dict.uploadURL","backend_uploadURL","runtime"
"管理端","pagesImp/shop/staff/staff-edit.js","970","/static/imgs/headimg.png","common/dict.uploadURL","backend_uploadURL","runtime"
"管理端","pagesImp/shop/staff/staff-edit.js","973","/static/imgs/camera.png","common/dict.uploadURL","backend_uploadURL","runtime"
"管理端","pagesImp/shop/staff/staff-edit.js","670","/static/imgs/basics-setting-1.png","common/dict.uploadURL","backend_uploadURL","False"
"管理端","pagesImp/shop/staff/staff-edit.js","671","/static/imgs/basics-setting-2.png","common/dict.uploadURL","backend_uploadURL","False"
"管理端","pagesImp/shop/staff/staff-edit.js","672","/static/imgs/basics-setting-3.png","common/dict.uploadURL","backend_uploadURL","False"
"管理端","pagesImp/shop/staff/staff-edit.js","673","/static/imgs/basics-setting-4.png","common/dict.uploadURL","backend_uploadURL","False"
"管理端","pagesImp/shop/staff/staff-edit.js","674","/static/imgs/basics-setting-6.png","common/dict.uploadURL","backend_uploadURL","False"
"管理端","pagesImp/shop/staff/staff-edit.js","675","/static/imgs/basics-setting-5.png","common/dict.uploadURL","backend_uploadURL","False"
"管理端","pagesImp/shop/staff/staff.js","104","/static/imgs/women.png","common/dict.uploadURL","backend_uploadURL","runtime"
"管理端","pagesImp/shop/staff/staff.js","108","/static/imgs/man.png","common/dict.uploadURL","backend_uploadURL","runtime"
"管理端","pagesImp/shop/staff/staff.js","119","/static/imgs/women.png","common/dict.uploadURL","backend_uploadURL","runtime"
"管理端","pagesImp/shop/staff/staff.js","123","/static/imgs/man.png","common/dict.uploadURL","backend_uploadURL","runtime"
"管理端","pagesImp/subject/subject-compontent/subject-card.js","32","/static/imgs/arrow.png","common/dict.uploadURL","backend_uploadURL","runtime"
"管理端","pagesImp/subject/subject-compontent/subject-card.js","36","/static/imgs/headimg.png","common/dict.uploadURL","backend_uploadURL","runtime"
"管理端","pagesImp/subject/subject-compontent/subject-persion.js","33","/static/imgs/left_brand.png","common/dict.uploadURL","backend_uploadURL","runtime"
"管理端","pagesImp/subject/subject-compontent/subject-persion.js","36","/static/imgs/right_brand.png","common/dict.uploadURL","backend_uploadURL","runtime"
"管理端","pagesImp/subject/subject-compontent/subject-persion.js","42","/static/imgs/shop-move-up.png","common/dict.uploadURL","backend_uploadURL","runtime"
"管理端","pagesImp/subject/subject-compontent/subject-trainer.js","41","/static/imgs/women.png","common/dict.uploadURL","backend_uploadURL","runtime"
"管理端","pagesImp/subject/subject-compontent/subject-trainer.js","42","/static/imgs/man.png","common/dict.uploadURL","backend_uploadURL","runtime"
"管理端","pagesImp/subject/subject-compontent/suject-classroom.js","196","/static/imgs/close.png","common/dict.uploadURL","backend_uploadURL","runtime"
"管理端","pagesImp/subject/subject-compontent/suject-classroom.js","199","/static/imgs/save.png","common/dict.uploadURL","backend_uploadURL","runtime"
"管理端","pagesImp/subject/subject-compontent/suject-classroom.js","203","/static/imgs/edit.png","common/dict.uploadURL","backend_uploadURL","runtime"
"管理端","pagesImp/subject/subject-compontent/tag-popup.js","178","/static/imgs/close.png","common/dict.uploadURL","backend_uploadURL","runtime"
"管理端","pagesImp/subject/subject-compontent/tag-popup.js","184","/static/imgs/save.png","common/dict.uploadURL","backend_uploadURL","runtime"
"管理端","pagesImp/subject/subject-compontent/tag-popup.js","188","/static/imgs/edit.png","common/dict.uploadURL","backend_uploadURL","runtime"
"管理端","pagesImp/subject/subject-compontent/time-popup1.js","252","/static/imgs/right.png","common/dict.uploadURL","backend_uploadURL","runtime"
"管理端","pagesImp/subject/subject-personal-edit.js","605","/static/imgs/close.png","common/dict.uploadURL","backend_uploadURL","runtime"
"管理端","pagesImp/subject/subject-personal-edit.js","609","/static/imgs/edit1.png","common/dict.uploadURL","backend_uploadURL","runtime"
"管理端","pagesImp/subject/suject-choice-card.js","502","/static/imgs/halt-sales-card.png","common/dict.uploadURL","backend_uploadURL","runtime"
"管理端","pagesImp/subject/suject-choice-card.js","506","/static/imgs/halt-sales-card.png","common/dict.uploadURL","backend_uploadURL","runtime"
"管理端","pagesImp/subject/suject-choice-card.js","524","/static/imgs/halt-sales-card.png","common/dict.uploadURL","backend_uploadURL","runtime"
"管理端","pagesImp/subject/suject-choice-card.js","532","/static/imgs/card_default_img.png","common/dict.uploadURL","backend_uploadURL","runtime"
"管理端","uview-ui/components/u-icon/u-icon.wxss","13","//at.alicdn.com/t/font_1529455_k4s6di1d1.svg","//at.alicdn.com/t/font_1529455_k4s6di1d1.svg","remote_url","runtime"
"管理端","uview-ui/components/u-popup/u-popup.js","258","/static/imgs/modal_close.png","common/dict.uploadURL","backend_uploadURL","runtime"
