"App","Source","Name","Reference","Resolved","Exists"
"会员端","components/alert-panel/panel-active.json","u-button","/node-modules/uview-ui/components/u-button/u-button","node-modules/uview-ui/components/u-button/u-button","True"
"会员端","components/alert-panel/panel-active.json","dialog","/components/dialog/index","components/dialog/index","True"
"会员端","components/alert-panel/panel-active.json","bottom-logo","/components/ff-bottom-logo/index","components/ff-bottom-logo/index","True"
"会员端","components/appointment-list/index.json","u-line","/node-modules/uview-ui/components/u-line/u-line","node-modules/uview-ui/components/u-line/u-line","True"
"会员端","components/appointment-list/index.json","u-icon","/node-modules/uview-ui/components/u-icon/u-icon","node-modules/uview-ui/components/u-icon/u-icon","True"
"会员端","components/appointment-list/index.json","bottom-logo","/components/ff-bottom-logo/index","components/ff-bottom-logo/index","True"
"会员端","components/card-all-project/index.json","u-mask","/node-modules/uview-ui/components/u-mask/u-mask","node-modules/uview-ui/components/u-mask/u-mask","True"
"会员端","components/card-all-project/index.json","u-button","/node-modules/uview-ui/components/u-button/u-button","node-modules/uview-ui/components/u-button/u-button","True"
"会员端","components/card-all-project/index.json","bottom-logo","/components/ff-bottom-logo/index","components/ff-bottom-logo/index","True"
"会员端","components/dialog/index.json","u-popup","/node-modules/uview-ui/components/u-popup/u-popup","node-modules/uview-ui/components/u-popup/u-popup","True"
"会员端","components/dialog/index.json","bottom-logo","/components/ff-bottom-logo/index","components/ff-bottom-logo/index","True"
"会员端","components/ff-bottom-logo/index.json","bottom-logo","/components/ff-bottom-logo/index","components/ff-bottom-logo/index","True"
"会员端","components/ff-bottom-logo/showLogo.json","bottom-logo","/components/ff-bottom-logo/index","components/ff-bottom-logo/index","True"
"会员端","components/ff-counts-card/ff-counts-card.json","u-line","/node-modules/uview-ui/components/u-line/u-line","node-modules/uview-ui/components/u-line/u-line","True"
"会员端","components/ff-counts-card/ff-counts-card.json","bottom-logo","/components/ff-bottom-logo/index","components/ff-bottom-logo/index","True"
"会员端","components/ff-date-card/ff-date-card.json","bottom-logo","/components/ff-bottom-logo/index","components/ff-bottom-logo/index","True"
"会员端","components/ff-value-card/ff-value-card.json","bottom-logo","/components/ff-bottom-logo/index","components/ff-bottom-logo/index","True"
"会员端","components/loading/loading-pulse.json","bottom-logo","/components/ff-bottom-logo/index","components/ff-bottom-logo/index","True"
"会员端","components/mumber-card/index.json","u-line","/node-modules/uview-ui/components/u-line/u-line","node-modules/uview-ui/components/u-line/u-line","True"
"会员端","components/mumber-card/index.json","bottom-logo","/components/ff-bottom-logo/index","components/ff-bottom-logo/index","True"
"会员端","components/privacy/privacy.json","bottom-logo","/components/ff-bottom-logo/index","components/ff-bottom-logo/index","True"
"会员端","components/week-calendar/week-calendar.json","bottom-logo","/components/ff-bottom-logo/index","components/ff-bottom-logo/index","True"
"会员端","node-modules/uview-ui/components/u-badge/u-badge.json","bottom-logo","/components/ff-bottom-logo/index","components/ff-bottom-logo/index","True"
"会员端","node-modules/uview-ui/components/u-button/u-button.json","bottom-logo","/components/ff-bottom-logo/index","components/ff-bottom-logo/index","True"
"会员端","node-modules/uview-ui/components/u-calendar/u-calendar.json","u-popup","/node-modules/uview-ui/components/u-popup/u-popup","node-modules/uview-ui/components/u-popup/u-popup","True"
"会员端","node-modules/uview-ui/components/u-calendar/u-calendar.json","u-icon","/node-modules/uview-ui/components/u-icon/u-icon","node-modules/uview-ui/components/u-icon/u-icon","True"
"会员端","node-modules/uview-ui/components/u-calendar/u-calendar.json","u-button","/node-modules/uview-ui/components/u-button/u-button","node-modules/uview-ui/components/u-button/u-button","True"
"会员端","node-modules/uview-ui/components/u-calendar/u-calendar.json","bottom-logo","/components/ff-bottom-logo/index","components/ff-bottom-logo/index","True"
"会员端","node-modules/uview-ui/components/u-checkbox-group/u-checkbox-group.json","bottom-logo","/components/ff-bottom-logo/index","components/ff-bottom-logo/index","True"
"会员端","node-modules/uview-ui/components/u-checkbox/u-checkbox.json","u-icon","/node-modules/uview-ui/components/u-icon/u-icon","node-modules/uview-ui/components/u-icon/u-icon","True"
"会员端","node-modules/uview-ui/components/u-checkbox/u-checkbox.json","bottom-logo","/components/ff-bottom-logo/index","components/ff-bottom-logo/index","True"
"会员端","node-modules/uview-ui/components/u-count-down/u-count-down.json","bottom-logo","/components/ff-bottom-logo/index","components/ff-bottom-logo/index","True"
"会员端","node-modules/uview-ui/components/u-divider/u-divider.json","bottom-logo","/components/ff-bottom-logo/index","components/ff-bottom-logo/index","True"
"会员端","node-modules/uview-ui/components/u-form-item/u-form-item.json","u-icon","/node-modules/uview-ui/components/u-icon/u-icon","node-modules/uview-ui/components/u-icon/u-icon","True"
"会员端","node-modules/uview-ui/components/u-form-item/u-form-item.json","bottom-logo","/components/ff-bottom-logo/index","components/ff-bottom-logo/index","True"
"会员端","node-modules/uview-ui/components/u-form/u-form.json","bottom-logo","/components/ff-bottom-logo/index","components/ff-bottom-logo/index","True"
"会员端","node-modules/uview-ui/components/u-icon/u-icon.json","bottom-logo","/components/ff-bottom-logo/index","components/ff-bottom-logo/index","True"
"会员端","node-modules/uview-ui/components/u-image/u-image.json","u-icon","/node-modules/uview-ui/components/u-icon/u-icon","node-modules/uview-ui/components/u-icon/u-icon","True"
"会员端","node-modules/uview-ui/components/u-image/u-image.json","bottom-logo","/components/ff-bottom-logo/index","components/ff-bottom-logo/index","True"
"会员端","node-modules/uview-ui/components/u-input/u-input.json","u-icon","/node-modules/uview-ui/components/u-icon/u-icon","node-modules/uview-ui/components/u-icon/u-icon","True"
"会员端","node-modules/uview-ui/components/u-input/u-input.json","bottom-logo","/components/ff-bottom-logo/index","components/ff-bottom-logo/index","True"
"会员端","node-modules/uview-ui/components/u-line/u-line.json","bottom-logo","/components/ff-bottom-logo/index","components/ff-bottom-logo/index","True"
"会员端","node-modules/uview-ui/components/u-loading/u-loading.json","bottom-logo","/components/ff-bottom-logo/index","components/ff-bottom-logo/index","True"
"会员端","node-modules/uview-ui/components/u-loadmore/u-loadmore.json","u-line","/node-modules/uview-ui/components/u-line/u-line","node-modules/uview-ui/components/u-line/u-line","True"
"会员端","node-modules/uview-ui/components/u-loadmore/u-loadmore.json","u-loading","/node-modules/uview-ui/components/u-loading/u-loading","node-modules/uview-ui/components/u-loading/u-loading","True"
"会员端","node-modules/uview-ui/components/u-loadmore/u-loadmore.json","bottom-logo","/components/ff-bottom-logo/index","components/ff-bottom-logo/index","True"
"会员端","node-modules/uview-ui/components/u-mask/u-mask.json","bottom-logo","/components/ff-bottom-logo/index","components/ff-bottom-logo/index","True"
"会员端","node-modules/uview-ui/components/u-modal/u-modal.json","u-popup","/node-modules/uview-ui/components/u-popup/u-popup","node-modules/uview-ui/components/u-popup/u-popup","True"
"会员端","node-modules/uview-ui/components/u-modal/u-modal.json","u-loading","/node-modules/uview-ui/components/u-loading/u-loading","node-modules/uview-ui/components/u-loading/u-loading","True"
"会员端","node-modules/uview-ui/components/u-modal/u-modal.json","bottom-logo","/components/ff-bottom-logo/index","components/ff-bottom-logo/index","True"
"会员端","node-modules/uview-ui/components/u-parse/libs/trees.json","trees","/node-modules/uview-ui/components/u-parse/libs/trees","node-modules/uview-ui/components/u-parse/libs/trees","True"
"会员端","node-modules/uview-ui/components/u-parse/libs/trees.json","bottom-logo","/components/ff-bottom-logo/index","components/ff-bottom-logo/index","True"
"会员端","node-modules/uview-ui/components/u-parse/u-parse.json","trees","/node-modules/uview-ui/components/u-parse/libs/trees","node-modules/uview-ui/components/u-parse/libs/trees","True"
"会员端","node-modules/uview-ui/components/u-parse/u-parse.json","bottom-logo","/components/ff-bottom-logo/index","components/ff-bottom-logo/index","True"
"会员端","node-modules/uview-ui/components/u-picker/u-picker.json","u-popup","/node-modules/uview-ui/components/u-popup/u-popup","node-modules/uview-ui/components/u-popup/u-popup","True"
"会员端","node-modules/uview-ui/components/u-picker/u-picker.json","bottom-logo","/components/ff-bottom-logo/index","components/ff-bottom-logo/index","True"
"会员端","node-modules/uview-ui/components/u-popup/u-popup.json","u-mask","/node-modules/uview-ui/components/u-mask/u-mask","node-modules/uview-ui/components/u-mask/u-mask","True"
"会员端","node-modules/uview-ui/components/u-popup/u-popup.json","u-icon","/node-modules/uview-ui/components/u-icon/u-icon","node-modules/uview-ui/components/u-icon/u-icon","True"
"会员端","node-modules/uview-ui/components/u-popup/u-popup.json","bottom-logo","/components/ff-bottom-logo/index","components/ff-bottom-logo/index","True"
"会员端","node-modules/uview-ui/components/u-select/u-select.json","u-popup","/node-modules/uview-ui/components/u-popup/u-popup","node-modules/uview-ui/components/u-popup/u-popup","True"
"会员端","node-modules/uview-ui/components/u-select/u-select.json","bottom-logo","/components/ff-bottom-logo/index","components/ff-bottom-logo/index","True"
"会员端","node-modules/uview-ui/components/u-swiper/u-swiper.json","bottom-logo","/components/ff-bottom-logo/index","components/ff-bottom-logo/index","True"
"会员端","node-modules/uview-ui/components/u-tabs/u-tabs.json","u-badge","/node-modules/uview-ui/components/u-badge/u-badge","node-modules/uview-ui/components/u-badge/u-badge","True"
"会员端","node-modules/uview-ui/components/u-tabs/u-tabs.json","bottom-logo","/components/ff-bottom-logo/index","components/ff-bottom-logo/index","True"
"会员端","pageCourse/clusterCourse/components/member-list.json","u-button","/node-modules/uview-ui/components/u-button/u-button","node-modules/uview-ui/components/u-button/u-button","True"
"会员端","pageCourse/clusterCourse/components/member-list.json","dialog","/components/dialog/index","components/dialog/index","True"
"会员端","pageCourse/coachCourse/components/confirm-modal.json","u-modal","/node-modules/uview-ui/components/u-modal/u-modal","node-modules/uview-ui/components/u-modal/u-modal","True"
"会员端","pageCourse/coachCourse/components/confirm-modal1.json","u-modal","/node-modules/uview-ui/components/u-modal/u-modal","node-modules/uview-ui/components/u-modal/u-modal","True"
"会员端","pageCourse/components/selected-course-timer/index.json","week-calendar","/components/week-calendar/week-calendar","components/week-calendar/week-calendar","True"
"会员端","pageCourse/components/selected-course-timer/index.json","u-input","/node-modules/uview-ui/components/u-input/u-input","node-modules/uview-ui/components/u-input/u-input","True"
"会员端","pageCourse/components/selected-course-timer/index.json","u-button","/node-modules/uview-ui/components/u-button/u-button","node-modules/uview-ui/components/u-button/u-button","True"
"会员端","pageCourse/components/selected-course-timer/index.json","u-calendar","/node-modules/uview-ui/components/u-calendar/u-calendar","node-modules/uview-ui/components/u-calendar/u-calendar","True"
"会员端","pageCourse/components/selected-course-timer/index.json","dialog","/components/dialog/index","components/dialog/index","True"
"会员端","pageCourse/components/selected-course-timer/index.json","loading-pulse","/components/loading/loading-pulse","components/loading/loading-pulse","True"
"会员端","pageCourse/components/selected-course-timer/index.json","selected-member-card","/pageCourse/components/selected-member-card/index","pageCourse/components/selected-member-card/index","True"
"会员端","pageCourse/components/selected-member-card/components/chosecard.json","u-icon","/node-modules/uview-ui/components/u-icon/u-icon","node-modules/uview-ui/components/u-icon/u-icon","True"
"会员端","pageCourse/components/selected-member-card/components/chosecard.json","u-line","/node-modules/uview-ui/components/u-line/u-line","node-modules/uview-ui/components/u-line/u-line","True"
"会员端","pageCourse/components/selected-member-card/components/chosecard.json","dialog","/components/dialog/index","components/dialog/index","True"
"会员端","pageCourse/components/selected-member-card/components/chosecard.json","member-card","/components/mumber-card/index","components/mumber-card/index","True"
"会员端","pageCourse/components/selected-member-card/components/chosecard.json","card-all-project","/components/card-all-project/index","components/card-all-project/index","True"
"会员端","pageCourse/components/selected-member-card/components/line-up-success.json","u-button","/node-modules/uview-ui/components/u-button/u-button","node-modules/uview-ui/components/u-button/u-button","True"
"会员端","pageCourse/components/selected-member-card/components/line-up-success.json","dialog","/components/dialog/index","components/dialog/index","True"
"会员端","pageCourse/components/selected-member-card/components/success.json","dialog","/components/dialog/index","components/dialog/index","True"
"会员端","pageCourse/components/selected-member-card/index.json","u-button","/node-modules/uview-ui/components/u-button/u-button","node-modules/uview-ui/components/u-button/u-button","True"
"会员端","pageCourse/components/selected-member-card/index.json","u-icon","/node-modules/uview-ui/components/u-icon/u-icon","node-modules/uview-ui/components/u-icon/u-icon","True"
"会员端","pageCourse/components/selected-member-card/index.json","u-line","/node-modules/uview-ui/components/u-line/u-line","node-modules/uview-ui/components/u-line/u-line","True"
"会员端","pageCourse/components/selected-member-card/index.json","dialog","/components/dialog/index","components/dialog/index","True"
"会员端","pageCourse/components/selected-member-card/index.json","success","/pageCourse/components/selected-member-card/components/success","pageCourse/components/selected-member-card/components/success","True"
"会员端","pageCourse/components/selected-member-card/index.json","member-card","/components/mumber-card/index","components/mumber-card/index","True"
"会员端","pageCourse/components/selected-member-card/index.json","line-up-success","/pageCourse/components/selected-member-card/components/line-up-success","pageCourse/components/selected-member-card/components/line-up-success","True"
"会员端","pageCourse/components/selected-member-card/index.json","card-all-project","/components/card-all-project/index","components/card-all-project/index","True"
"会员端","pageCourse/components/selected-member-card/index.json","chosecard","/pageCourse/components/selected-member-card/components/chosecard","pageCourse/components/selected-member-card/components/chosecard","True"
"会员端","pageHome/buyingCard/components/confirm-card-info.json","ff-value-card","/components/ff-value-card/ff-value-card","components/ff-value-card/ff-value-card","True"
"会员端","pageHome/buyingCard/components/confirm-card-info.json","ff-counts-card","/components/ff-counts-card/ff-counts-card","components/ff-counts-card/ff-counts-card","True"
"会员端","pageHome/buyingCard/components/confirm-card-info.json","ff-date-card","/components/ff-date-card/ff-date-card","components/ff-date-card/ff-date-card","True"
"会员端","pageHome/buyingCard/components/confirm-card-info.json","u-checkbox","/node-modules/uview-ui/components/u-checkbox/u-checkbox","node-modules/uview-ui/components/u-checkbox/u-checkbox","True"
"会员端","pageHome/buyingCard/components/confirm-card-info.json","u-button","/node-modules/uview-ui/components/u-button/u-button","node-modules/uview-ui/components/u-button/u-button","True"
"会员端","pageHome/buyingCard/components/confirm-card-info.json","u-popup","/node-modules/uview-ui/components/u-popup/u-popup","node-modules/uview-ui/components/u-popup/u-popup","True"
"会员端","pageHome/buyingCard/components/confirm-card-info.json","dialog","/components/dialog/index","components/dialog/index","True"
"会员端","pageHome/buyingCard/components/confirm-card-info.json","counts-card","/pageHome/buyingCard/components/counts-card","pageHome/buyingCard/components/counts-card","True"
"会员端","pageHome/buyingCard/components/confirm-card-info.json","date-card","/pageHome/buyingCard/components/date-card","pageHome/buyingCard/components/date-card","True"
"会员端","pageHome/buyingCard/components/confirm-card-info.json","value-card","/pageHome/buyingCard/components/value-card","pageHome/buyingCard/components/value-card","True"
"会员端","pageHome/buyingCard/components/confirm-card-info.json","panel-active","/components/alert-panel/panel-active","components/alert-panel/panel-active","True"
"会员端","pages/appointmentCourse/index.json","u-line","/node-modules/uview-ui/components/u-line/u-line","node-modules/uview-ui/components/u-line/u-line","True"
"会员端","pages/appointmentCourse/index.json","week-calendar","/components/week-calendar/week-calendar","components/week-calendar/week-calendar","True"
"会员端","pages/appointmentCourse/index.json","u-icon","/node-modules/uview-ui/components/u-icon/u-icon","node-modules/uview-ui/components/u-icon/u-icon","True"
"会员端","pages/appointmentCourse/index.json","u-button","/node-modules/uview-ui/components/u-button/u-button","node-modules/uview-ui/components/u-button/u-button","True"
"会员端","pages/appointmentCourse/index.json","u-calendar","/node-modules/uview-ui/components/u-calendar/u-calendar","node-modules/uview-ui/components/u-calendar/u-calendar","True"
"会员端","pages/appointmentCourse/index.json","loading-pulse","/components/loading/loading-pulse","components/loading/loading-pulse","True"
"会员端","pages/appointmentCourse/index.json","dialog","/components/dialog/index","components/dialog/index","True"
"会员端","pages/appointmentCourse/index.json","bottom-logo","/components/ff-bottom-logo/index","components/ff-bottom-logo/index","True"
"会员端","pages/authorization/info/index.json","u-icon","/node-modules/uview-ui/components/u-icon/u-icon","node-modules/uview-ui/components/u-icon/u-icon","True"
"会员端","pages/authorization/info/index.json","privacy","/components/privacy/privacy","components/privacy/privacy","True"
"会员端","pages/authorization/info/index.json","bottom-logo","/components/ff-bottom-logo/index","components/ff-bottom-logo/index","True"
"会员端","pages/authorization/noLogin/index.json","u-image","/node-modules/uview-ui/components/u-image/u-image","node-modules/uview-ui/components/u-image/u-image","True"
"会员端","pages/authorization/noLogin/index.json","bottom-logo","/components/ff-bottom-logo/index","components/ff-bottom-logo/index","True"
"会员端","pages/authorization/phone/index.json","bottom-logo","/components/ff-bottom-logo/index","components/ff-bottom-logo/index","True"
"会员端","pages/index/components/card-info.json","u-button","/node-modules/uview-ui/components/u-button/u-button","node-modules/uview-ui/components/u-button/u-button","True"
"会员端","pages/index/components/card-info.json","dialog","/components/dialog/index","components/dialog/index","True"
"会员端","pages/index/components/card-info.json","member-card","/components/mumber-card/index","components/mumber-card/index","True"
"会员端","pages/index/components/card-info.json","card-all-project","/components/card-all-project/index","components/card-all-project/index","True"
"会员端","pages/index/components/card-info.json","bottom-logo","/components/ff-bottom-logo/index","components/ff-bottom-logo/index","True"
"会员端","pages/index/components/confirm-modal.json","u-modal","/node-modules/uview-ui/components/u-modal/u-modal","node-modules/uview-ui/components/u-modal/u-modal","True"
"会员端","pages/index/components/confirm-modal.json","bottom-logo","/components/ff-bottom-logo/index","components/ff-bottom-logo/index","True"
"会员端","pages/index/components/site-list.json","u-button","/node-modules/uview-ui/components/u-button/u-button","node-modules/uview-ui/components/u-button/u-button","True"
"会员端","pages/index/components/site-list.json","dialog","/components/dialog/index","components/dialog/index","True"
"会员端","pages/index/components/site-list.json","bottom-logo","/components/ff-bottom-logo/index","components/ff-bottom-logo/index","True"
"会员端","pages/index/index.json","u-swiper","/node-modules/uview-ui/components/u-swiper/u-swiper","node-modules/uview-ui/components/u-swiper/u-swiper","True"
"会员端","pages/index/index.json","u-icon","/node-modules/uview-ui/components/u-icon/u-icon","node-modules/uview-ui/components/u-icon/u-icon","True"
"会员端","pages/index/index.json","u-line","/node-modules/uview-ui/components/u-line/u-line","node-modules/uview-ui/components/u-line/u-line","True"
"会员端","pages/index/index.json","u-tabs","/node-modules/uview-ui/components/u-tabs/u-tabs","node-modules/uview-ui/components/u-tabs/u-tabs","True"
"会员端","pages/index/index.json","u-loadmore","/node-modules/uview-ui/components/u-loadmore/u-loadmore","node-modules/uview-ui/components/u-loadmore/u-loadmore","True"
"会员端","pages/index/index.json","privacy","/components/privacy/privacy","components/privacy/privacy","True"
"会员端","pages/index/index.json","card-info","/pages/index/components/card-info","pages/index/components/card-info","True"
"会员端","pages/index/index.json","site-list","/pages/index/components/site-list","pages/index/components/site-list","True"
"会员端","pages/index/index.json","confrim-moadl","/pages/index/components/confirm-modal","pages/index/components/confirm-modal","True"
"会员端","pages/index/index.json","loading-pulse","/components/loading/loading-pulse","components/loading/loading-pulse","True"
"会员端","pages/index/index.json","appointment-list","/components/appointment-list/index","components/appointment-list/index","True"
"会员端","pages/index/index.json","bottom-logo","/components/ff-bottom-logo/index","components/ff-bottom-logo/index","True"
"会员端","pages/mine/index.json","u-line","/node-modules/uview-ui/components/u-line/u-line","node-modules/uview-ui/components/u-line/u-line","True"
"会员端","pages/mine/index.json","u-icon","/node-modules/uview-ui/components/u-icon/u-icon","node-modules/uview-ui/components/u-icon/u-icon","True"
"会员端","pages/mine/index.json","u-button","/node-modules/uview-ui/components/u-button/u-button","node-modules/uview-ui/components/u-button/u-button","True"
"会员端","pages/mine/index.json","bottom-show-logo","/components/ff-bottom-logo/showLogo","components/ff-bottom-logo/showLogo","True"
"会员端","pages/mine/index.json","member-card","/components/mumber-card/index","components/mumber-card/index","True"
"会员端","pages/mine/index.json","confirm-modal","/pages/index/components/confirm-modal","pages/index/components/confirm-modal","True"
"会员端","pages/mine/index.json","card-all-project","/components/card-all-project/index","components/card-all-project/index","True"
"会员端","pages/mine/index.json","dialog","/components/dialog/index","components/dialog/index","True"
"会员端","pages/mine/index.json","bottom-logo","/components/ff-bottom-logo/index","components/ff-bottom-logo/index","True"
"会员端","pages/myOrder/index.json","ff-value-card","/components/ff-value-card/ff-value-card","components/ff-value-card/ff-value-card","True"
"会员端","pages/myOrder/index.json","ff-counts-card","/components/ff-counts-card/ff-counts-card","components/ff-counts-card/ff-counts-card","True"
"会员端","pages/myOrder/index.json","ff-date-card","/components/ff-date-card/ff-date-card","components/ff-date-card/ff-date-card","True"
"会员端","pages/myOrder/index.json","bottom-logo","/components/ff-bottom-logo/index","components/ff-bottom-logo/index","True"
"会员端","pages/not/index.json","u-icon","/node-modules/uview-ui/components/u-icon/u-icon","node-modules/uview-ui/components/u-icon/u-icon","True"
"会员端","pages/not/index.json","bottom-logo","/components/ff-bottom-logo/index","components/ff-bottom-logo/index","True"
"会员端","pages/receiveCard/authorization/info/index.json","u-icon","/node-modules/uview-ui/components/u-icon/u-icon","node-modules/uview-ui/components/u-icon/u-icon","True"
"会员端","pages/receiveCard/authorization/info/index.json","privacy","/components/privacy/privacy","components/privacy/privacy","True"
"会员端","pages/receiveCard/authorization/info/index.json","bottom-logo","/components/ff-bottom-logo/index","components/ff-bottom-logo/index","True"
"会员端","pages/receiveCard/authorization/phone/index.json","bottom-logo","/components/ff-bottom-logo/index","components/ff-bottom-logo/index","True"
"会员端","pages/receiveCard/components/hint.json","u-icon","/node-modules/uview-ui/components/u-icon/u-icon","node-modules/uview-ui/components/u-icon/u-icon","True"
"会员端","pages/receiveCard/components/hint.json","dialog","/components/dialog/index","components/dialog/index","True"
"会员端","pages/receiveCard/components/hint.json","bottom-logo","/components/ff-bottom-logo/index","components/ff-bottom-logo/index","True"
"会员端","pages/receiveCard/index.json","member-card","/components/mumber-card/index","components/mumber-card/index","True"
"会员端","pages/receiveCard/index.json","hint","/pages/receiveCard/components/hint","pages/receiveCard/components/hint","True"
"会员端","pages/receiveCard/index.json","loading-pulse","/components/loading/loading-pulse","components/loading/loading-pulse","True"
"会员端","pages/receiveCard/index.json","bottom-logo","/components/ff-bottom-logo/index","components/ff-bottom-logo/index","True"
"会员端","pages/start/index.json","bottom-logo","/components/ff-bottom-logo/index","components/ff-bottom-logo/index","True"
"会员端","pages/tailor/u-avatar-cropper/u-avatar-cropper.json","bottom-logo","/components/ff-bottom-logo/index","components/ff-bottom-logo/index","True"
"会员端","pages/webView/index.json","bottom-logo","/components/ff-bottom-logo/index","components/ff-bottom-logo/index","True"
"管理端","components/card-all-project/index.json","u-button","/uview-ui/components/u-button/u-button","uview-ui/components/u-button/u-button","True"
"管理端","components/card-all-project/index.json","u-mask","/uview-ui/components/u-mask/u-mask","uview-ui/components/u-mask/u-mask","True"
"管理端","components/card-all-project/index.json","zero-loading","/components/zero-loading/zero-loading","components/zero-loading/zero-loading","True"
"管理端","components/cardToolbox/administer/balance.json","editor-textarea","/components/editor-textarea/index","components/editor-textarea/index","True"
"管理端","components/cardToolbox/administer/balance.json","ff-popup","/components/ff-popup/ff-popup","components/ff-popup/ff-popup","True"
"管理端","components/cardToolbox/administer/balance.json","u-button","/uview-ui/components/u-button/u-button","uview-ui/components/u-button/u-button","True"
"管理端","components/cardToolbox/administer/balance.json","u-input","/uview-ui/components/u-input/u-input","uview-ui/components/u-input/u-input","True"
"管理端","components/cardToolbox/administer/balance.json","zero-loading","/components/zero-loading/zero-loading","components/zero-loading/zero-loading","True"
"管理端","components/cardToolbox/administer/card_stopping.json","confirm","/components/confirm-modal/confirm-modal","components/confirm-modal/confirm-modal","True"
"管理端","components/cardToolbox/administer/card_stopping.json","editor-textarea","/components/editor-textarea/index","components/editor-textarea/index","True"
"管理端","components/cardToolbox/administer/card_stopping.json","ff-popup","/components/ff-popup/ff-popup","components/ff-popup/ff-popup","True"
"管理端","components/cardToolbox/administer/card_stopping.json","u-picker","/uview-ui/components/u-picker/u-picker","uview-ui/components/u-picker/u-picker","True"
"管理端","components/cardToolbox/administer/card_stopping.json","zero-loading","/components/zero-loading/zero-loading","components/zero-loading/zero-loading","True"
"管理端","components/cardToolbox/administer/card-set.json","confirm","/components/confirm-modal/confirm-modal","components/confirm-modal/confirm-modal","True"
"管理端","components/cardToolbox/administer/card-set.json","ff-popup","/components/ff-popup/ff-popup","components/ff-popup/ff-popup","True"
"管理端","components/cardToolbox/administer/card-set.json","u-button","/uview-ui/components/u-button/u-button","uview-ui/components/u-button/u-button","True"
"管理端","components/cardToolbox/administer/card-set.json","u-picker","/uview-ui/components/u-picker/u-picker","uview-ui/components/u-picker/u-picker","True"
"管理端","components/cardToolbox/administer/card-set.json","u-radio","/uview-ui/components/u-radio/u-radio","uview-ui/components/u-radio/u-radio","True"
"管理端","components/cardToolbox/administer/card-set.json","u-radio-group","/uview-ui/components/u-radio-group/u-radio-group","uview-ui/components/u-radio-group/u-radio-group","True"
"管理端","components/cardToolbox/administer/card-set.json","zero-loading","/components/zero-loading/zero-loading","components/zero-loading/zero-loading","True"
"管理端","components/cardToolbox/administer/leave.json","confirm","/components/confirm-modal/confirm-modal","components/confirm-modal/confirm-modal","True"
"管理端","components/cardToolbox/administer/leave.json","editor-textarea","/components/editor-textarea/index","components/editor-textarea/index","True"
"管理端","components/cardToolbox/administer/leave.json","ff-popup","/components/ff-popup/ff-popup","components/ff-popup/ff-popup","True"
"管理端","components/cardToolbox/administer/leave.json","u-icon","/uview-ui/components/u-icon/u-icon","uview-ui/components/u-icon/u-icon","True"
"管理端","components/cardToolbox/administer/leave.json","u-picker","/uview-ui/components/u-picker/u-picker","uview-ui/components/u-picker/u-picker","True"
"管理端","components/cardToolbox/administer/leave.json","zero-loading","/components/zero-loading/zero-loading","components/zero-loading/zero-loading","True"
"管理端","components/cardToolbox/administer/mark-pop.json","ff-popup","/components/ff-popup/ff-popup","components/ff-popup/ff-popup","True"
"管理端","components/cardToolbox/administer/mark-pop.json","u-icon","/uview-ui/components/u-icon/u-icon","uview-ui/components/u-icon/u-icon","True"
"管理端","components/cardToolbox/administer/mark-pop.json","u-radio","/uview-ui/components/u-radio/u-radio","uview-ui/components/u-radio/u-radio","True"
"管理端","components/cardToolbox/administer/mark-pop.json","u-radio-group","/uview-ui/components/u-radio-group/u-radio-group","uview-ui/components/u-radio-group/u-radio-group","True"
"管理端","components/cardToolbox/administer/mark-pop.json","zero-loading","/components/zero-loading/zero-loading","components/zero-loading/zero-loading","True"
"管理端","components/cardToolbox/administer/remarks.json","ff-popup","/components/ff-popup/ff-popup","components/ff-popup/ff-popup","True"
"管理端","components/cardToolbox/administer/remarks.json","u-button","/uview-ui/components/u-button/u-button","uview-ui/components/u-button/u-button","True"
"管理端","components/cardToolbox/administer/remarks.json","zero-loading","/components/zero-loading/zero-loading","components/zero-loading/zero-loading","True"
"管理端","components/cardToolbox/administer/renew.json","editor-textarea","/components/editor-textarea/index","components/editor-textarea/index","True"
"管理端","components/cardToolbox/administer/renew.json","ff-popup","/components/ff-popup/ff-popup","components/ff-popup/ff-popup","True"
"管理端","components/cardToolbox/administer/renew.json","u-button","/uview-ui/components/u-button/u-button","uview-ui/components/u-button/u-button","True"
"管理端","components/cardToolbox/administer/renew.json","u-input","/uview-ui/components/u-input/u-input","uview-ui/components/u-input/u-input","True"
"管理端","components/cardToolbox/administer/renew.json","u-picker","/uview-ui/components/u-picker/u-picker","uview-ui/components/u-picker/u-picker","True"
"管理端","components/cardToolbox/administer/renew.json","zero-loading","/components/zero-loading/zero-loading","components/zero-loading/zero-loading","True"
"管理端","components/cardToolbox/administer/validity.json","editor-textarea","/components/editor-textarea/index","components/editor-textarea/index","True"
"管理端","components/cardToolbox/administer/validity.json","ff-popup","/components/ff-popup/ff-popup","components/ff-popup/ff-popup","True"
"管理端","components/cardToolbox/administer/validity.json","time-picker","/components/time-picker/time-picker","components/time-picker/time-picker","True"
"管理端","components/cardToolbox/administer/validity.json","u-button","/uview-ui/components/u-button/u-button","uview-ui/components/u-button/u-button","True"
"管理端","components/cardToolbox/administer/validity.json","u-picker","/uview-ui/components/u-picker/u-picker","uview-ui/components/u-picker/u-picker","True"
"管理端","components/cardToolbox/administer/validity.json","zero-loading","/components/zero-loading/zero-loading","components/zero-loading/zero-loading","True"
"管理端","components/cardToolbox/getCard/index.json","confirm","/components/confirm-modal/confirm-modal","components/confirm-modal/confirm-modal","True"
"管理端","components/cardToolbox/getCard/index.json","u-modal","/uview-ui/components/u-modal/u-modal","uview-ui/components/u-modal/u-modal","True"
"管理端","components/cardToolbox/getCard/index.json","zero-loading","/components/zero-loading/zero-loading","components/zero-loading/zero-loading","True"
"管理端","components/cardToolbox/immediatelyCard/card_limit.json","card-all-project","/components/card-all-project/index","components/card-all-project/index","True"
"管理端","components/cardToolbox/immediatelyCard/card_limit.json","card-set","/components/cardToolbox/administer/card-set","components/cardToolbox/administer/card-set","True"
"管理端","components/cardToolbox/immediatelyCard/card_limit.json","ff-counts-card","/components/ff-counts-card/ff-counts-card","components/ff-counts-card/ff-counts-card","True"
"管理端","components/cardToolbox/immediatelyCard/card_limit.json","ff-date-card","/components/ff-date-card/ff-date-card","components/ff-date-card/ff-date-card","True"
"管理端","components/cardToolbox/immediatelyCard/card_limit.json","ff-popup","/components/ff-popup/ff-popup","components/ff-popup/ff-popup","True"
"管理端","components/cardToolbox/immediatelyCard/card_limit.json","ff-value-card","/components/ff-value-card/ff-value-card","components/ff-value-card/ff-value-card","True"
"管理端","components/cardToolbox/immediatelyCard/card_limit.json","times","/components/cardToolbox/immediatelyCard/time","components/cardToolbox/immediatelyCard/time","True"
"管理端","components/cardToolbox/immediatelyCard/card_limit.json","u-icon","/uview-ui/components/u-icon/u-icon","uview-ui/components/u-icon/u-icon","True"
"管理端","components/cardToolbox/immediatelyCard/card_limit.json","u-input","/uview-ui/components/u-input/u-input","uview-ui/components/u-input/u-input","True"
"管理端","components/cardToolbox/immediatelyCard/card_limit.json","u-picker","/uview-ui/components/u-picker/u-picker","uview-ui/components/u-picker/u-picker","True"
"管理端","components/cardToolbox/immediatelyCard/card_limit.json","u-radio","/uview-ui/components/u-radio/u-radio","uview-ui/components/u-radio/u-radio","True"
"管理端","components/cardToolbox/immediatelyCard/card_limit.json","u-radio-group","/uview-ui/components/u-radio-group/u-radio-group","uview-ui/components/u-radio-group/u-radio-group","True"
"管理端","components/cardToolbox/immediatelyCard/card_limit.json","zero-loading","/components/zero-loading/zero-loading","components/zero-loading/zero-loading","True"
"管理端","components/cardToolbox/immediatelyCard/new_card.json","card-all-project","/components/card-all-project/index","components/card-all-project/index","True"
"管理端","components/cardToolbox/immediatelyCard/new_card.json","crad-limit","/components/cardToolbox/immediatelyCard/card_limit","components/cardToolbox/immediatelyCard/card_limit","True"
"管理端","components/cardToolbox/immediatelyCard/new_card.json","ff-counts-card","/components/ff-counts-card/ff-counts-card","components/ff-counts-card/ff-counts-card","True"
"管理端","components/cardToolbox/immediatelyCard/new_card.json","ff-date-card","/components/ff-date-card/ff-date-card","components/ff-date-card/ff-date-card","True"
"管理端","components/cardToolbox/immediatelyCard/new_card.json","ff-popup","/components/ff-popup/ff-popup","components/ff-popup/ff-popup","True"
"管理端","components/cardToolbox/immediatelyCard/new_card.json","ff-value-card","/components/ff-value-card/ff-value-card","components/ff-value-card/ff-value-card","True"
"管理端","components/cardToolbox/immediatelyCard/new_card.json","u-icon","/uview-ui/components/u-icon/u-icon","uview-ui/components/u-icon/u-icon","True"
"管理端","components/cardToolbox/immediatelyCard/new_card.json","u-search","/uview-ui/components/u-search/u-search","uview-ui/components/u-search/u-search","True"
"管理端","components/cardToolbox/immediatelyCard/new_card.json","zero-loading","/components/zero-loading/zero-loading","components/zero-loading/zero-loading","True"
"管理端","components/cardToolbox/immediatelyCard/time.json","ff-popup","/components/ff-popup/ff-popup","components/ff-popup/ff-popup","True"
"管理端","components/cardToolbox/immediatelyCard/time.json","u-button","/uview-ui/components/u-button/u-button","uview-ui/components/u-button/u-button","True"
"管理端","components/cardToolbox/immediatelyCard/time.json","zero-loading","/components/zero-loading/zero-loading","components/zero-loading/zero-loading","True"
"管理端","components/cardToolbox/member-details.json","balance","/components/cardToolbox/administer/balance","components/cardToolbox/administer/balance","True"
"管理端","components/cardToolbox/member-details.json","card-all-project","/components/card-all-project/index","components/card-all-project/index","True"
"管理端","components/cardToolbox/member-details.json","card-set","/components/cardToolbox/administer/card-set","components/cardToolbox/administer/card-set","True"
"管理端","components/cardToolbox/member-details.json","card-stopping","/components/cardToolbox/administer/card_stopping","components/cardToolbox/administer/card_stopping","True"
"管理端","components/cardToolbox/member-details.json","confirm","/components/confirm-modal/confirm-modal","components/confirm-modal/confirm-modal","True"
"管理端","components/cardToolbox/member-details.json","get-card","/components/cardToolbox/getCard/index","components/cardToolbox/getCard/index","True"
"管理端","components/cardToolbox/member-details.json","leave","/components/cardToolbox/administer/leave","components/cardToolbox/administer/leave","True"
"管理端","components/cardToolbox/member-details.json","mark-pop","/components/cardToolbox/administer/mark-pop","components/cardToolbox/administer/mark-pop","True"
"管理端","components/cardToolbox/member-details.json","member-card","/components/mumber-card/index","components/mumber-card/index","True"
"管理端","components/cardToolbox/member-details.json","new-card","/components/cardToolbox/immediatelyCard/new_card","components/cardToolbox/immediatelyCard/new_card","True"
"管理端","components/cardToolbox/member-details.json","remark-order-card-popup","/components/ff-textarea/ff-textarea","components/ff-textarea/ff-textarea","True"
"管理端","components/cardToolbox/member-details.json","remarks","/components/cardToolbox/administer/remarks","components/cardToolbox/administer/remarks","True"
"管理端","components/cardToolbox/member-details.json","renew","/components/cardToolbox/administer/renew","components/cardToolbox/administer/renew","True"
"管理端","components/cardToolbox/member-details.json","u-popup","/uview-ui/components/u-popup/u-popup","uview-ui/components/u-popup/u-popup","True"
"管理端","components/cardToolbox/member-details.json","vaildity","/components/cardToolbox/administer/validity","components/cardToolbox/administer/validity","True"
"管理端","components/cardToolbox/member-details.json","zero-loading","/components/zero-loading/zero-loading","components/zero-loading/zero-loading","True"
"管理端","components/confirm-modal/confirm-modal.json","u-modal","/uview-ui/components/u-modal/u-modal","uview-ui/components/u-modal/u-modal","True"
"管理端","components/confirm-modal/confirm-modal.json","zero-loading","/components/zero-loading/zero-loading","components/zero-loading/zero-loading","True"
"管理端","components/editor-textarea/index.json","zero-loading","/components/zero-loading/zero-loading","components/zero-loading/zero-loading","True"
"管理端","components/expiredAlert/expiredAlert.json","u-popup","/uview-ui/components/u-popup/u-popup","uview-ui/components/u-popup/u-popup","True"
"管理端","components/expiredAlert/expiredAlert.json","zero-loading","/components/zero-loading/zero-loading","components/zero-loading/zero-loading","True"
"管理端","components/ff-bottom-logo/ff-bottom-logo.json","zero-loading","/components/zero-loading/zero-loading","components/zero-loading/zero-loading","True"
"管理端","components/ff-counts-card/ff-counts-card.json","u-line","/uview-ui/components/u-line/u-line","uview-ui/components/u-line/u-line","True"
"管理端","components/ff-counts-card/ff-counts-card.json","zero-loading","/components/zero-loading/zero-loading","components/zero-loading/zero-loading","True"
"管理端","components/ff-date-card/ff-date-card.json","zero-loading","/components/zero-loading/zero-loading","components/zero-loading/zero-loading","True"
"管理端","components/ff-popup/ff-popup.json","u-icon","/uview-ui/components/u-icon/u-icon","uview-ui/components/u-icon/u-icon","True"
"管理端","components/ff-popup/ff-popup.json","u-popup","/uview-ui/components/u-popup/u-popup","uview-ui/components/u-popup/u-popup","True"
"管理端","components/ff-popup/ff-popup.json","zero-loading","/components/zero-loading/zero-loading","components/zero-loading/zero-loading","True"
"管理端","components/ff-textarea/ff-textarea.json","ff-popup","/components/ff-popup/ff-popup","components/ff-popup/ff-popup","True"
"管理端","components/ff-textarea/ff-textarea.json","u-button","/uview-ui/components/u-button/u-button","uview-ui/components/u-button/u-button","True"
"管理端","components/ff-textarea/ff-textarea.json","zero-loading","/components/zero-loading/zero-loading","components/zero-loading/zero-loading","True"
"管理端","components/ff-value-card/ff-value-card.json","zero-loading","/components/zero-loading/zero-loading","components/zero-loading/zero-loading","True"
"管理端","components/mumber-card/index.json","u-line","/uview-ui/components/u-line/u-line","uview-ui/components/u-line/u-line","True"
"管理端","components/mumber-card/index.json","zero-loading","/components/zero-loading/zero-loading","components/zero-loading/zero-loading","True"
"管理端","components/navigation/index.json","zero-loading","/components/zero-loading/zero-loading","components/zero-loading/zero-loading","True"
"管理端","components/nodata/nodata.json","zero-loading","/components/zero-loading/zero-loading","components/zero-loading/zero-loading","True"
"管理端","components/privacy/privacy.json","zero-loading","/components/zero-loading/zero-loading","components/zero-loading/zero-loading","True"
"管理端","components/time-picker/time-picker.json","ff-popup","/components/ff-popup/ff-popup","components/ff-popup/ff-popup","True"
"管理端","components/time-picker/time-picker.json","u-button","/uview-ui/components/u-button/u-button","uview-ui/components/u-button/u-button","True"
"管理端","components/time-picker/time-picker.json","zero-loading","/components/zero-loading/zero-loading","components/zero-loading/zero-loading","True"
"管理端","components/time-popup/time-popup.json","ff-popup","/components/ff-popup/ff-popup","components/ff-popup/ff-popup","True"
"管理端","components/time-popup/time-popup.json","u-button","/uview-ui/components/u-button/u-button","uview-ui/components/u-button/u-button","True"
"管理端","components/time-popup/time-popup.json","u-checkbox","/uview-ui/components/u-checkbox/u-checkbox","uview-ui/components/u-checkbox/u-checkbox","True"
"管理端","components/time-popup/time-popup.json","u-checkbox-group","/uview-ui/components/u-checkbox-group/u-checkbox-group","uview-ui/components/u-checkbox-group/u-checkbox-group","True"
"管理端","components/time-popup/time-popup.json","u-icon","/uview-ui/components/u-icon/u-icon","uview-ui/components/u-icon/u-icon","True"
"管理端","components/time-popup/time-popup.json","u-line","/uview-ui/components/u-line/u-line","uview-ui/components/u-line/u-line","True"
"管理端","components/time-popup/time-popup.json","u-picker","/uview-ui/components/u-picker/u-picker","uview-ui/components/u-picker/u-picker","True"
"管理端","components/time-popup/time-popup.json","zero-loading","/components/zero-loading/zero-loading","components/zero-loading/zero-loading","True"
"管理端","components/zero-loading/static/loading-pulse.json","zero-loading","/components/zero-loading/zero-loading","components/zero-loading/zero-loading","True"
"管理端","components/zero-loading/zero-loading.json","loading","/components/zero-loading/static/loading-pulse","components/zero-loading/static/loading-pulse","True"
"管理端","components/zero-loading/zero-loading.json","zero-loading","/components/zero-loading/zero-loading","components/zero-loading/zero-loading","True"
"管理端","pageChain/brand/index.json","ff-bottom-logo","/components/ff-bottom-logo/ff-bottom-logo","components/ff-bottom-logo/ff-bottom-logo","True"
"管理端","pageChain/brand/index.json","navigation","/components/navigation/index","components/navigation/index","True"
"管理端","pageChain/brand/index.json","u-input","/uview-ui/components/u-input/u-input","uview-ui/components/u-input/u-input","True"
"管理端","pageChain/brand/index.json","zero-loading","/components/zero-loading/zero-loading","components/zero-loading/zero-loading","True"
"管理端","pageChain/card/card-subject/index.json","card-all-project","/components/card-all-project/index","components/card-all-project/index","True"
"管理端","pageChain/card/card-subject/index.json","ff-bottom-logo","/components/ff-bottom-logo/ff-bottom-logo","components/ff-bottom-logo/ff-bottom-logo","True"
"管理端","pageChain/card/card-subject/index.json","ff-counts-card","/components/ff-counts-card/ff-counts-card","components/ff-counts-card/ff-counts-card","True"
"管理端","pageChain/card/card-subject/index.json","ff-date-card","/components/ff-date-card/ff-date-card","components/ff-date-card/ff-date-card","True"
"管理端","pageChain/card/card-subject/index.json","ff-value-card","/components/ff-value-card/ff-value-card","components/ff-value-card/ff-value-card","True"
"管理端","pageChain/card/card-subject/index.json","navigation","/components/navigation/index","components/navigation/index","True"
"管理端","pageChain/card/card-subject/index.json","u-icon","/uview-ui/components/u-icon/u-icon","uview-ui/components/u-icon/u-icon","True"
"管理端","pageChain/card/card-subject/index.json","zero-loading","/components/zero-loading/zero-loading","components/zero-loading/zero-loading","True"
"管理端","pageChain/card/components/create-mode.json","ff-popup","/components/ff-popup/ff-popup","components/ff-popup/ff-popup","True"
"管理端","pageChain/card/components/create-mode.json","zero-loading","/components/zero-loading/zero-loading","components/zero-loading/zero-loading","True"
"管理端","pageChain/card/create/create.json","ff-bottom-logo","/components/ff-bottom-logo/ff-bottom-logo","components/ff-bottom-logo/ff-bottom-logo","True"
"管理端","pageChain/card/create/create.json","zero-loading","/components/zero-loading/zero-loading","components/zero-loading/zero-loading","True"
"管理端","pageChain/card/home/home.json","card-all-project","/components/card-all-project/index","components/card-all-project/index","True"
"管理端","pageChain/card/home/home.json","create-mode","/pageChain/card/components/create-mode","pageChain/card/components/create-mode","True"
"管理端","pageChain/card/home/home.json","ff-bottom-logo","/components/ff-bottom-logo/ff-bottom-logo","components/ff-bottom-logo/ff-bottom-logo","True"
"管理端","pageChain/card/home/home.json","ff-counts-card","/components/ff-counts-card/ff-counts-card","components/ff-counts-card/ff-counts-card","True"
"管理端","pageChain/card/home/home.json","ff-date-card","/components/ff-date-card/ff-date-card","components/ff-date-card/ff-date-card","True"
"管理端","pageChain/card/home/home.json","ff-value-card","/components/ff-value-card/ff-value-card","components/ff-value-card/ff-value-card","True"
"管理端","pageChain/card/home/home.json","navigation","/components/navigation/index","components/navigation/index","True"
"管理端","pageChain/card/home/home.json","u-tabs","/uview-ui/components/u-tabs/u-tabs","uview-ui/components/u-tabs/u-tabs","True"
"管理端","pageChain/card/home/home.json","zero-loading","/components/zero-loading/zero-loading","components/zero-loading/zero-loading","True"
"管理端","pageChain/card/home/subbranch-home.json","card-all-project","/components/card-all-project/index","components/card-all-project/index","True"
"管理端","pageChain/card/home/subbranch-home.json","confirm-modal","/components/confirm-modal/confirm-modal","components/confirm-modal/confirm-modal","True"
"管理端","pageChain/card/home/subbranch-home.json","ff-bottom-logo","/components/ff-bottom-logo/ff-bottom-logo","components/ff-bottom-logo/ff-bottom-logo","True"
"管理端","pageChain/card/home/subbranch-home.json","ff-counts-card","/components/ff-counts-card/ff-counts-card","components/ff-counts-card/ff-counts-card","True"
"管理端","pageChain/card/home/subbranch-home.json","ff-date-card","/components/ff-date-card/ff-date-card","components/ff-date-card/ff-date-card","True"
"管理端","pageChain/card/home/subbranch-home.json","ff-value-card","/components/ff-value-card/ff-value-card","components/ff-value-card/ff-value-card","True"
"管理端","pageChain/card/home/subbranch-home.json","navigation","/components/navigation/index","components/navigation/index","True"
"管理端","pageChain/card/home/subbranch-home.json","u-icon","/uview-ui/components/u-icon/u-icon","uview-ui/components/u-icon/u-icon","True"
"管理端","pageChain/card/home/subbranch-home.json","zero-loading","/components/zero-loading/zero-loading","components/zero-loading/zero-loading","True"
"管理端","pageChain/card/setting-more-subject/index.json","ff-bottom-logo","/components/ff-bottom-logo/ff-bottom-logo","components/ff-bottom-logo/ff-bottom-logo","True"
"管理端","pageChain/card/setting-more-subject/index.json","more-grcl","/pageChain/components/courseSelect/more-grcl","pageChain/components/courseSelect/more-grcl","True"
"管理端","pageChain/card/setting-more-subject/index.json","more-priv","/pageChain/components/courseSelect/more-priv","pageChain/components/courseSelect/more-priv","True"
"管理端","pageChain/card/setting-more-subject/index.json","navigation","/components/navigation/index","components/navigation/index","True"
"管理端","pageChain/card/setting-more-subject/index.json","nodata","/components/nodata/nodata","components/nodata/nodata","True"
"管理端","pageChain/card/setting-more-subject/index.json","u-button","/uview-ui/components/u-button/u-button","uview-ui/components/u-button/u-button","True"
"管理端","pageChain/card/setting-more-subject/index.json","u-switch","/uview-ui/components/u-switch/u-switch","uview-ui/components/u-switch/u-switch","True"
"管理端","pageChain/card/setting-more-subject/index.json","zero-loading","/components/zero-loading/zero-loading","components/zero-loading/zero-loading","True"
"管理端","pageChain/card/setting-single-subject/index.json","deduction-days","/pageChain/components/courseSelect/deductionDays","pageChain/components/courseSelect/deductionDays","True"
"管理端","pageChain/card/setting-single-subject/index.json","ff-bottom-logo","/components/ff-bottom-logo/ff-bottom-logo","components/ff-bottom-logo/ff-bottom-logo","True"
"管理端","pageChain/card/setting-single-subject/index.json","ff-counts-card","/components/ff-counts-card/ff-counts-card","components/ff-counts-card/ff-counts-card","True"
"管理端","pageChain/card/setting-single-subject/index.json","ff-date-card","/components/ff-date-card/ff-date-card","components/ff-date-card/ff-date-card","True"
"管理端","pageChain/card/setting-single-subject/index.json","ff-value-card","/components/ff-value-card/ff-value-card","components/ff-value-card/ff-value-card","True"
"管理端","pageChain/card/setting-single-subject/index.json","navigation","/components/navigation/index","components/navigation/index","True"
"管理端","pageChain/card/setting-single-subject/index.json","nodata","/components/nodata/nodata","components/nodata/nodata","True"
"管理端","pageChain/card/setting-single-subject/index.json","single-grcl","/pageChain/components/courseSelect/single-grcl","pageChain/components/courseSelect/single-grcl","True"
"管理端","pageChain/card/setting-single-subject/index.json","single-priv","/pageChain/components/courseSelect/single-priv","pageChain/components/courseSelect/single-priv","True"
"管理端","pageChain/card/setting-single-subject/index.json","u-button","/uview-ui/components/u-button/u-button","uview-ui/components/u-button/u-button","True"
"管理端","pageChain/card/setting-single-subject/index.json","u-switch","/uview-ui/components/u-switch/u-switch","uview-ui/components/u-switch/u-switch","True"
"管理端","pageChain/card/setting-single-subject/index.json","zero-loading","/components/zero-loading/zero-loading","components/zero-loading/zero-loading","True"
"管理端","pageChain/cardStatistics/components/businessdata-money-popup.json","ff-popup","/components/ff-popup/ff-popup","components/ff-popup/ff-popup","True"
"管理端","pageChain/cardStatistics/components/businessdata-money-popup.json","u-button","/uview-ui/components/u-button/u-button","uview-ui/components/u-button/u-button","True"
"管理端","pageChain/cardStatistics/components/businessdata-money-popup.json","u-input","/uview-ui/components/u-input/u-input","uview-ui/components/u-input/u-input","True"
"管理端","pageChain/cardStatistics/components/businessdata-money-popup.json","zero-loading","/components/zero-loading/zero-loading","components/zero-loading/zero-loading","True"
"管理端","pageChain/cardStatistics/detailed-records.json","business-popup","/pageChain/cardStatistics/components/businessdata-money-popup","pageChain/cardStatistics/components/businessdata-money-popup","True"
"管理端","pageChain/cardStatistics/detailed-records.json","calendar-month","/pageChain/courseStatistics/compontents/calendar-month","pageChain/courseStatistics/compontents/calendar-month","True"
"管理端","pageChain/cardStatistics/detailed-records.json","confirm-modal","/components/confirm-modal/confirm-modal","components/confirm-modal/confirm-modal","True"
"管理端","pageChain/cardStatistics/detailed-records.json","ff-bottom-logo","/components/ff-bottom-logo/ff-bottom-logo","components/ff-bottom-logo/ff-bottom-logo","True"
"管理端","pageChain/cardStatistics/detailed-records.json","ff-counts-card","/components/ff-counts-card/ff-counts-card","components/ff-counts-card/ff-counts-card","True"
"管理端","pageChain/cardStatistics/detailed-records.json","ff-date-card","/components/ff-date-card/ff-date-card","components/ff-date-card/ff-date-card","True"
"管理端","pageChain/cardStatistics/detailed-records.json","ff-value-card","/components/ff-value-card/ff-value-card","components/ff-value-card/ff-value-card","True"
"管理端","pageChain/cardStatistics/detailed-records.json","navigation","/components/navigation/index","components/navigation/index","True"
"管理端","pageChain/cardStatistics/detailed-records.json","remark-order-popup","/components/ff-textarea/ff-textarea","components/ff-textarea/ff-textarea","True"
"管理端","pageChain/cardStatistics/detailed-records.json","u-gap","/uview-ui/components/u-gap/u-gap","uview-ui/components/u-gap/u-gap","True"
"管理端","pageChain/cardStatistics/detailed-records.json","u-line","/uview-ui/components/u-line/u-line","uview-ui/components/u-line/u-line","True"
"管理端","pageChain/cardStatistics/detailed-records.json","zero-loading","/components/zero-loading/zero-loading","components/zero-loading/zero-loading","True"
"管理端","pageChain/cardStatistics/index.json","business-popup","/pageChain/cardStatistics/components/businessdata-money-popup","pageChain/cardStatistics/components/businessdata-money-popup","True"
"管理端","pageChain/cardStatistics/index.json","calendar-month","/pageChain/courseStatistics/compontents/calendar-month","pageChain/courseStatistics/compontents/calendar-month","True"
"管理端","pageChain/cardStatistics/index.json","confirm-modal","/components/confirm-modal/confirm-modal","components/confirm-modal/confirm-modal","True"
"管理端","pageChain/cardStatistics/index.json","ff-bottom-logo","/components/ff-bottom-logo/ff-bottom-logo","components/ff-bottom-logo/ff-bottom-logo","True"
"管理端","pageChain/cardStatistics/index.json","ff-counts-card","/components/ff-counts-card/ff-counts-card","components/ff-counts-card/ff-counts-card","True"
"管理端","pageChain/cardStatistics/index.json","ff-date-card","/components/ff-date-card/ff-date-card","components/ff-date-card/ff-date-card","True"
"管理端","pageChain/cardStatistics/index.json","ff-value-card","/components/ff-value-card/ff-value-card","components/ff-value-card/ff-value-card","True"
"管理端","pageChain/cardStatistics/index.json","navigation","/components/navigation/index","components/navigation/index","True"
"管理端","pageChain/cardStatistics/index.json","nodata","/components/nodata/nodata","components/nodata/nodata","True"
"管理端","pageChain/cardStatistics/index.json","remark-order-popup","/components/ff-textarea/ff-textarea","components/ff-textarea/ff-textarea","True"
"管理端","pageChain/cardStatistics/index.json","u-gap","/uview-ui/components/u-gap/u-gap","uview-ui/components/u-gap/u-gap","True"
"管理端","pageChain/cardStatistics/index.json","u-icon","/uview-ui/components/u-icon/u-icon","uview-ui/components/u-icon/u-icon","True"
"管理端","pageChain/cardStatistics/index.json","u-line","/uview-ui/components/u-line/u-line","uview-ui/components/u-line/u-line","True"
"管理端","pageChain/cardStatistics/index.json","u-tabs","/uview-ui/components/u-tabs/u-tabs","uview-ui/components/u-tabs/u-tabs","True"
"管理端","pageChain/cardStatistics/index.json","zero-loading","/components/zero-loading/zero-loading","components/zero-loading/zero-loading","True"
"管理端","pageChain/components/courseSelect/deductionDays.json","ff-popup","/components/ff-popup/ff-popup","components/ff-popup/ff-popup","True"
"管理端","pageChain/components/courseSelect/deductionDays.json","u-button","/uview-ui/components/u-button/u-button","uview-ui/components/u-button/u-button","True"
"管理端","pageChain/components/courseSelect/deductionDays.json","u-input","/uview-ui/components/u-input/u-input","uview-ui/components/u-input/u-input","True"
"管理端","pageChain/components/courseSelect/deductionDays.json","u-radio","/uview-ui/components/u-radio/u-radio","uview-ui/components/u-radio/u-radio","True"
"管理端","pageChain/components/courseSelect/deductionDays.json","u-radio-group","/uview-ui/components/u-radio-group/u-radio-group","uview-ui/components/u-radio-group/u-radio-group","True"
"管理端","pageChain/components/courseSelect/deductionDays.json","zero-loading","/components/zero-loading/zero-loading","components/zero-loading/zero-loading","True"
"管理端","pageChain/components/courseSelect/more-grcl.json","u-checkbox","/uview-ui/components/u-checkbox/u-checkbox","uview-ui/components/u-checkbox/u-checkbox","True"
"管理端","pageChain/components/courseSelect/more-grcl.json","zero-loading","/components/zero-loading/zero-loading","components/zero-loading/zero-loading","True"
"管理端","pageChain/components/courseSelect/more-priv.json","u-checkbox","/uview-ui/components/u-checkbox/u-checkbox","uview-ui/components/u-checkbox/u-checkbox","True"
"管理端","pageChain/components/courseSelect/more-priv.json","zero-loading","/components/zero-loading/zero-loading","components/zero-loading/zero-loading","True"
"管理端","pageChain/components/courseSelect/single-grcl.json","u-checkbox","/uview-ui/components/u-checkbox/u-checkbox","uview-ui/components/u-checkbox/u-checkbox","True"
"管理端","pageChain/components/courseSelect/single-grcl.json","u-icon","/uview-ui/components/u-icon/u-icon","uview-ui/components/u-icon/u-icon","True"
"管理端","pageChain/components/courseSelect/single-grcl.json","zero-loading","/components/zero-loading/zero-loading","components/zero-loading/zero-loading","True"
"管理端","pageChain/components/courseSelect/single-priv.json","u-checkbox","/uview-ui/components/u-checkbox/u-checkbox","uview-ui/components/u-checkbox/u-checkbox","True"
"管理端","pageChain/components/courseSelect/single-priv.json","u-icon","/uview-ui/components/u-icon/u-icon","uview-ui/components/u-icon/u-icon","True"
"管理端","pageChain/components/courseSelect/single-priv.json","zero-loading","/components/zero-loading/zero-loading","components/zero-loading/zero-loading","True"
"管理端","pageChain/configStaff/index.json","ff-bottom-logo","/components/ff-bottom-logo/ff-bottom-logo","components/ff-bottom-logo/ff-bottom-logo","True"
"管理端","pageChain/configStaff/index.json","navigation","/components/navigation/index","components/navigation/index","True"
"管理端","pageChain/configStaff/index.json","u-icon","/uview-ui/components/u-icon/u-icon","uview-ui/components/u-icon/u-icon","True"
"管理端","pageChain/configStaff/index.json","u-line","/uview-ui/components/u-line/u-line","uview-ui/components/u-line/u-line","True"
"管理端","pageChain/configStaff/index.json","zero-loading","/components/zero-loading/zero-loading","components/zero-loading/zero-loading","True"
"管理端","pageChain/configStaff/staff-edit.json","confirm-modal","/components/confirm-modal/confirm-modal","components/confirm-modal/confirm-modal","True"
"管理端","pageChain/configStaff/staff-edit.json","ff-bottom-logo","/components/ff-bottom-logo/ff-bottom-logo","components/ff-bottom-logo/ff-bottom-logo","True"
"管理端","pageChain/configStaff/staff-edit.json","navigation","/components/navigation/index","components/navigation/index","True"
"管理端","pageChain/configStaff/staff-edit.json","u-action-sheet","/uview-ui/components/u-action-sheet/u-action-sheet","uview-ui/components/u-action-sheet/u-action-sheet","True"
"管理端","pageChain/configStaff/staff-edit.json","u-cell-item","/uview-ui/components/u-cell-item/u-cell-item","uview-ui/components/u-cell-item/u-cell-item","True"
"管理端","pageChain/configStaff/staff-edit.json","u-form","/uview-ui/components/u-form/u-form","uview-ui/components/u-form/u-form","True"
"管理端","pageChain/configStaff/staff-edit.json","u-form-item","/uview-ui/components/u-form-item/u-form-item","uview-ui/components/u-form-item/u-form-item","True"
"管理端","pageChain/configStaff/staff-edit.json","u-input","/uview-ui/components/u-input/u-input","uview-ui/components/u-input/u-input","True"
"管理端","pageChain/configStaff/staff-edit.json","u-modal","/uview-ui/components/u-modal/u-modal","uview-ui/components/u-modal/u-modal","True"
"管理端","pageChain/configStaff/staff-edit.json","u-subsection","/uview-ui/components/u-subsection/u-subsection","uview-ui/components/u-subsection/u-subsection","True"
"管理端","pageChain/configStaff/staff-edit.json","zero-loading","/components/zero-loading/zero-loading","components/zero-loading/zero-loading","True"
"管理端","pageChain/courseStatistics/compontents/calendar-month.json","ff-popup","/components/ff-popup/ff-popup","components/ff-popup/ff-popup","True"
"管理端","pageChain/courseStatistics/compontents/calendar-month.json","u-line","/uview-ui/components/u-line/u-line","uview-ui/components/u-line/u-line","True"
"管理端","pageChain/courseStatistics/compontents/calendar-month.json","zero-loading","/components/zero-loading/zero-loading","components/zero-loading/zero-loading","True"
"管理端","pageChain/courseStatistics/detailed.json","ff-bottom-logo","/components/ff-bottom-logo/ff-bottom-logo","components/ff-bottom-logo/ff-bottom-logo","True"
"管理端","pageChain/courseStatistics/detailed.json","navigation","/components/navigation/index","components/navigation/index","True"
"管理端","pageChain/courseStatistics/detailed.json","u-divider","/uview-ui/components/u-divider/u-divider","uview-ui/components/u-divider/u-divider","True"
"管理端","pageChain/courseStatistics/detailed.json","u-line","/uview-ui/components/u-line/u-line","uview-ui/components/u-line/u-line","True"
"管理端","pageChain/courseStatistics/detailed.json","u-radio","/uview-ui/components/u-radio/u-radio","uview-ui/components/u-radio/u-radio","True"
"管理端","pageChain/courseStatistics/detailed.json","u-radio-group","/uview-ui/components/u-radio-group/u-radio-group","uview-ui/components/u-radio-group/u-radio-group","True"
"管理端","pageChain/courseStatistics/detailed.json","zero-loading","/components/zero-loading/zero-loading","components/zero-loading/zero-loading","True"
"管理端","pageChain/courseStatistics/index.json","calendar-month","/pageChain/courseStatistics/compontents/calendar-month","pageChain/courseStatistics/compontents/calendar-month","True"
"管理端","pageChain/courseStatistics/index.json","ff-bottom-logo","/components/ff-bottom-logo/ff-bottom-logo","components/ff-bottom-logo/ff-bottom-logo","True"
"管理端","pageChain/courseStatistics/index.json","navigation","/components/navigation/index","components/navigation/index","True"
"管理端","pageChain/courseStatistics/index.json","u-icon","/uview-ui/components/u-icon/u-icon","uview-ui/components/u-icon/u-icon","True"
"管理端","pageChain/courseStatistics/index.json","zero-loading","/components/zero-loading/zero-loading","components/zero-loading/zero-loading","True"
"管理端","pageChain/instructions/index.json","ff-bottom-logo","/components/ff-bottom-logo/ff-bottom-logo","components/ff-bottom-logo/ff-bottom-logo","True"
"管理端","pageChain/instructions/index.json","navigation","/components/navigation/index","components/navigation/index","True"
"管理端","pageChain/instructions/index.json","zero-loading","/components/zero-loading/zero-loading","components/zero-loading/zero-loading","True"
"管理端","pageChain/storesManagement/index.json","confirm","/components/confirm-modal/confirm-modal","components/confirm-modal/confirm-modal","True"
"管理端","pageChain/storesManagement/index.json","confirm-modal","/components/confirm-modal/confirm-modal","components/confirm-modal/confirm-modal","True"
"管理端","pageChain/storesManagement/index.json","ff-bottom-logo","/components/ff-bottom-logo/ff-bottom-logo","components/ff-bottom-logo/ff-bottom-logo","True"
"管理端","pageChain/storesManagement/index.json","ff-popup","/components/ff-popup/ff-popup","components/ff-popup/ff-popup","True"
"管理端","pageChain/storesManagement/index.json","navigation","/components/navigation/index","components/navigation/index","True"
"管理端","pageChain/storesManagement/index.json","u-button","/uview-ui/components/u-button/u-button","uview-ui/components/u-button/u-button","True"
"管理端","pageChain/storesManagement/index.json","u-icon","/uview-ui/components/u-icon/u-icon","uview-ui/components/u-icon/u-icon","True"
"管理端","pageChain/storesManagement/index.json","zero-loading","/components/zero-loading/zero-loading","components/zero-loading/zero-loading","True"
"管理端","pageConfig/appointment/index.json","ff-bottom-logo","/components/ff-bottom-logo/ff-bottom-logo","components/ff-bottom-logo/ff-bottom-logo","True"
"管理端","pageConfig/appointment/index.json","navigation","/components/navigation/index","components/navigation/index","True"
"管理端","pageConfig/appointment/index.json","zero-loading","/components/zero-loading/zero-loading","components/zero-loading/zero-loading","True"
"管理端","pageConfig/appointSetting/index.json","ff-bottom-logo","/components/ff-bottom-logo/ff-bottom-logo","components/ff-bottom-logo/ff-bottom-logo","True"
"管理端","pageConfig/appointSetting/index.json","ff-popup","/components/ff-popup/ff-popup","components/ff-popup/ff-popup","True"
"管理端","pageConfig/appointSetting/index.json","navigation","/components/navigation/index","components/navigation/index","True"
"管理端","pageConfig/appointSetting/index.json","select-time","/pageConfig/components/select-time","pageConfig/components/select-time","True"
"管理端","pageConfig/appointSetting/index.json","u-button","/uview-ui/components/u-button/u-button","uview-ui/components/u-button/u-button","True"
"管理端","pageConfig/appointSetting/index.json","u-icon","/uview-ui/components/u-icon/u-icon","uview-ui/components/u-icon/u-icon","True"
"管理端","pageConfig/appointSetting/index.json","u-input","/uview-ui/components/u-input/u-input","uview-ui/components/u-input/u-input","True"
"管理端","pageConfig/appointSetting/index.json","u-radio","/uview-ui/components/u-radio/u-radio","uview-ui/components/u-radio/u-radio","True"
"管理端","pageConfig/appointSetting/index.json","u-radio-group","/uview-ui/components/u-radio-group/u-radio-group","uview-ui/components/u-radio-group/u-radio-group","True"
"管理端","pageConfig/appointSetting/index.json","zero-loading","/components/zero-loading/zero-loading","components/zero-loading/zero-loading","True"
"管理端","pageConfig/coachLeave/coachLeave.json","ff-bottom-logo","/components/ff-bottom-logo/ff-bottom-logo","components/ff-bottom-logo/ff-bottom-logo","True"
"管理端","pageConfig/coachLeave/coachLeave.json","fixed-btn","/pageConfig/components/fixed-btn/index","pageConfig/components/fixed-btn/index","True"
"管理端","pageConfig/coachLeave/coachLeave.json","navigation","/components/navigation/index","components/navigation/index","True"
"管理端","pageConfig/coachLeave/coachLeave.json","nodata","/components/nodata/nodata","components/nodata/nodata","True"
"管理端","pageConfig/coachLeave/coachLeave.json","u-line","/uview-ui/components/u-line/u-line","uview-ui/components/u-line/u-line","True"
"管理端","pageConfig/coachLeave/coachLeave.json","zero-loading","/components/zero-loading/zero-loading","components/zero-loading/zero-loading","True"
"管理端","pageConfig/coachLeave/editLeave.json","confirm","/pageConfig/components/confirm-modal/index","pageConfig/components/confirm-modal/index","True"
"管理端","pageConfig/coachLeave/editLeave.json","ff-bottom-logo","/components/ff-bottom-logo/ff-bottom-logo","components/ff-bottom-logo/ff-bottom-logo","True"
"管理端","pageConfig/coachLeave/editLeave.json","navigation","/components/navigation/index","components/navigation/index","True"
"管理端","pageConfig/coachLeave/editLeave.json","u-divider","/uview-ui/components/u-divider/u-divider","uview-ui/components/u-divider/u-divider","True"
"管理端","pageConfig/coachLeave/editLeave.json","u-picker","/uview-ui/components/u-picker/u-picker","uview-ui/components/u-picker/u-picker","True"
"管理端","pageConfig/coachLeave/editLeave.json","u-radio","/uview-ui/components/u-radio/u-radio","uview-ui/components/u-radio/u-radio","True"
"管理端","pageConfig/coachLeave/editLeave.json","u-radio-group","/uview-ui/components/u-radio-group/u-radio-group","uview-ui/components/u-radio-group/u-radio-group","True"
"管理端","pageConfig/coachLeave/editLeave.json","zero-loading","/components/zero-loading/zero-loading","components/zero-loading/zero-loading","True"
"管理端","pageConfig/coachLeave/index.json","ff-bottom-logo","/components/ff-bottom-logo/ff-bottom-logo","components/ff-bottom-logo/ff-bottom-logo","True"
"管理端","pageConfig/coachLeave/index.json","navigation","/components/navigation/index","components/navigation/index","True"
"管理端","pageConfig/coachLeave/index.json","u-icon","/uview-ui/components/u-icon/u-icon","uview-ui/components/u-icon/u-icon","True"
"管理端","pageConfig/coachLeave/index.json","u-line","/uview-ui/components/u-line/u-line","uview-ui/components/u-line/u-line","True"
"管理端","pageConfig/coachLeave/index.json","zero-loading","/components/zero-loading/zero-loading","components/zero-loading/zero-loading","True"
"管理端","pageConfig/components/confirm-modal/index.json","u-modal","/uview-ui/components/u-modal/u-modal","uview-ui/components/u-modal/u-modal","True"
"管理端","pageConfig/components/confirm-modal/index.json","zero-loading","/components/zero-loading/zero-loading","components/zero-loading/zero-loading","True"
"管理端","pageConfig/components/fixed-btn/index.json","zero-loading","/components/zero-loading/zero-loading","components/zero-loading/zero-loading","True"
"管理端","pageConfig/components/kindReminder/personalCourse.json","u-parse","/uview-ui/components/u-parse/u-parse","uview-ui/components/u-parse/u-parse","True"
"管理端","pageConfig/components/kindReminder/personalCourse.json","zero-loading","/components/zero-loading/zero-loading","components/zero-loading/zero-loading","True"
"管理端","pageConfig/components/kindReminder/teamCourse.json","u-parse","/uview-ui/components/u-parse/u-parse","uview-ui/components/u-parse/u-parse","True"
"管理端","pageConfig/components/kindReminder/teamCourse.json","zero-loading","/components/zero-loading/zero-loading","components/zero-loading/zero-loading","True"
"管理端","pageConfig/components/select-time.json","ff-popup","/components/ff-popup/ff-popup","components/ff-popup/ff-popup","True"
"管理端","pageConfig/components/select-time.json","u-button","/uview-ui/components/u-button/u-button","uview-ui/components/u-button/u-button","True"
"管理端","pageConfig/components/select-time.json","zero-loading","/components/zero-loading/zero-loading","components/zero-loading/zero-loading","True"
"管理端","pageConfig/components/top-hint/index.json","u-icon","/uview-ui/components/u-icon/u-icon","uview-ui/components/u-icon/u-icon","True"
"管理端","pageConfig/components/top-hint/index.json","zero-loading","/components/zero-loading/zero-loading","components/zero-loading/zero-loading","True"
"管理端","pageConfig/displayHide/index.json","confirm-modal","/components/confirm-modal/confirm-modal","components/confirm-modal/confirm-modal","True"
"管理端","pageConfig/displayHide/index.json","ff-bottom-logo","/components/ff-bottom-logo/ff-bottom-logo","components/ff-bottom-logo/ff-bottom-logo","True"
"管理端","pageConfig/displayHide/index.json","navigation","/components/navigation/index","components/navigation/index","True"
"管理端","pageConfig/displayHide/index.json","u-button","/uview-ui/components/u-button/u-button","uview-ui/components/u-button/u-button","True"
"管理端","pageConfig/displayHide/index.json","u-checkbox","/uview-ui/components/u-checkbox/u-checkbox","uview-ui/components/u-checkbox/u-checkbox","True"
"管理端","pageConfig/displayHide/index.json","u-icon","/uview-ui/components/u-icon/u-icon","uview-ui/components/u-icon/u-icon","True"
"管理端","pageConfig/displayHide/index.json","u-mask","/uview-ui/components/u-mask/u-mask","uview-ui/components/u-mask/u-mask","True"
"管理端","pageConfig/displayHide/index.json","u-switch","/uview-ui/components/u-switch/u-switch","uview-ui/components/u-switch/u-switch","True"
"管理端","pageConfig/displayHide/index.json","zero-loading","/components/zero-loading/zero-loading","components/zero-loading/zero-loading","True"
"管理端","pageConfig/embershipAgreement/editAgreement.json","confirm-modal","/components/confirm-modal/confirm-modal","components/confirm-modal/confirm-modal","True"
"管理端","pageConfig/embershipAgreement/editAgreement.json","ff-bottom-logo","/components/ff-bottom-logo/ff-bottom-logo","components/ff-bottom-logo/ff-bottom-logo","True"
"管理端","pageConfig/embershipAgreement/editAgreement.json","zero-loading","/components/zero-loading/zero-loading","components/zero-loading/zero-loading","True"
"管理端","pageConfig/embershipAgreement/index.json","ff-bottom-logo","/components/ff-bottom-logo/ff-bottom-logo","components/ff-bottom-logo/ff-bottom-logo","True"
"管理端","pageConfig/embershipAgreement/index.json","navigation","/components/navigation/index","components/navigation/index","True"
"管理端","pageConfig/embershipAgreement/index.json","nodata","/components/nodata/nodata","components/nodata/nodata","True"
"管理端","pageConfig/embershipAgreement/index.json","u-icon","/uview-ui/components/u-icon/u-icon","uview-ui/components/u-icon/u-icon","True"
"管理端","pageConfig/embershipAgreement/index.json","zero-loading","/components/zero-loading/zero-loading","components/zero-loading/zero-loading","True"
"管理端","pageConfig/memberConfigCourse/index.json","ff-bottom-logo","/components/ff-bottom-logo/ff-bottom-logo","components/ff-bottom-logo/ff-bottom-logo","True"
"管理端","pageConfig/memberConfigCourse/index.json","navigation","/components/navigation/index","components/navigation/index","True"
"管理端","pageConfig/memberConfigCourse/index.json","zero-loading","/components/zero-loading/zero-loading","components/zero-loading/zero-loading","True"
"管理端","pageConfig/memberConfigKindReminder/editMemberConfigKindReminder.json","confirm-modal","/components/confirm-modal/confirm-modal","components/confirm-modal/confirm-modal","True"
"管理端","pageConfig/memberConfigKindReminder/editMemberConfigKindReminder.json","ff-bottom-logo","/components/ff-bottom-logo/ff-bottom-logo","components/ff-bottom-logo/ff-bottom-logo","True"
"管理端","pageConfig/memberConfigKindReminder/editMemberConfigKindReminder.json","navigation","/components/navigation/index","components/navigation/index","True"
"管理端","pageConfig/memberConfigKindReminder/editMemberConfigKindReminder.json","zero-loading","/components/zero-loading/zero-loading","components/zero-loading/zero-loading","True"
"管理端","pageConfig/memberConfigKindReminder/index.json","ff-bottom-logo","/components/ff-bottom-logo/ff-bottom-logo","components/ff-bottom-logo/ff-bottom-logo","True"
"管理端","pageConfig/memberConfigKindReminder/index.json","fixed-btn","/pageConfig/components/fixed-btn/index","pageConfig/components/fixed-btn/index","True"
"管理端","pageConfig/memberConfigKindReminder/index.json","hint","/pageConfig/components/top-hint/index","pageConfig/components/top-hint/index","True"
"管理端","pageConfig/memberConfigKindReminder/index.json","navigation","/components/navigation/index","components/navigation/index","True"
"管理端","pageConfig/memberConfigKindReminder/index.json","personal-course","/pageConfig/components/kindReminder/personalCourse","pageConfig/components/kindReminder/personalCourse","True"
"管理端","pageConfig/memberConfigKindReminder/index.json","team-course","/pageConfig/components/kindReminder/teamCourse","pageConfig/components/kindReminder/teamCourse","True"
"管理端","pageConfig/memberConfigKindReminder/index.json","u-tabs","/uview-ui/components/u-tabs/u-tabs","uview-ui/components/u-tabs/u-tabs","True"
"管理端","pageConfig/memberConfigKindReminder/index.json","zero-loading","/components/zero-loading/zero-loading","components/zero-loading/zero-loading","True"
"管理端","pageConfig/memberConfigShow/editMenberConfigShow.json","confirm-modal","/components/confirm-modal/confirm-modal","components/confirm-modal/confirm-modal","True"
"管理端","pageConfig/memberConfigShow/editMenberConfigShow.json","ff-bottom-logo","/components/ff-bottom-logo/ff-bottom-logo","components/ff-bottom-logo/ff-bottom-logo","True"
"管理端","pageConfig/memberConfigShow/editMenberConfigShow.json","hint","/pageConfig/components/top-hint/index","pageConfig/components/top-hint/index","True"
"管理端","pageConfig/memberConfigShow/editMenberConfigShow.json","navigation","/components/navigation/index","components/navigation/index","True"
"管理端","pageConfig/memberConfigShow/editMenberConfigShow.json","zero-loading","/components/zero-loading/zero-loading","components/zero-loading/zero-loading","True"
"管理端","pageConfig/memberConfigShow/index.json","ff-bottom-logo","/components/ff-bottom-logo/ff-bottom-logo","components/ff-bottom-logo/ff-bottom-logo","True"
"管理端","pageConfig/memberConfigShow/index.json","fixed-btn","/pageConfig/components/fixed-btn/index","pageConfig/components/fixed-btn/index","True"
"管理端","pageConfig/memberConfigShow/index.json","hint","/pageConfig/components/top-hint/index","pageConfig/components/top-hint/index","True"
"管理端","pageConfig/memberConfigShow/index.json","navigation","/components/navigation/index","components/navigation/index","True"
"管理端","pageConfig/memberConfigShow/index.json","u-swiper","/uview-ui/components/u-swiper/u-swiper","uview-ui/components/u-swiper/u-swiper","True"
"管理端","pageConfig/memberConfigShow/index.json","zero-loading","/components/zero-loading/zero-loading","components/zero-loading/zero-loading","True"
"管理端","pageConfig/membership/index.json","ff-bottom-logo","/components/ff-bottom-logo/ff-bottom-logo","components/ff-bottom-logo/ff-bottom-logo","True"
"管理端","pageConfig/membership/index.json","loading-pulse","/components/zero-loading/static/loading-pulse","components/zero-loading/static/loading-pulse","True"
"管理端","pageConfig/membership/index.json","navigation","/components/navigation/index","components/navigation/index","True"
"管理端","pageConfig/membership/index.json","u-form-item","/uview-ui/components/u-form-item/u-form-item","uview-ui/components/u-form-item/u-form-item","True"
"管理端","pageConfig/membership/index.json","u-icon","/uview-ui/components/u-icon/u-icon","uview-ui/components/u-icon/u-icon","True"
"管理端","pageConfig/membership/index.json","u-switch","/uview-ui/components/u-switch/u-switch","uview-ui/components/u-switch/u-switch","True"
"管理端","pageConfig/membership/index.json","zero-loading","/components/zero-loading/zero-loading","components/zero-loading/zero-loading","True"
"管理端","pageConfig/notificationManagement/index.json","confirm","/pageConfig/components/confirm-modal/index","pageConfig/components/confirm-modal/index","True"
"管理端","pageConfig/notificationManagement/index.json","ff-bottom-logo","/components/ff-bottom-logo/ff-bottom-logo","components/ff-bottom-logo/ff-bottom-logo","True"
"管理端","pageConfig/notificationManagement/index.json","fixed-btn","/pageConfig/components/fixed-btn/index","pageConfig/components/fixed-btn/index","True"
"管理端","pageConfig/notificationManagement/index.json","navigation","/components/navigation/index","components/navigation/index","True"
"管理端","pageConfig/notificationManagement/index.json","nodata","/components/nodata/nodata","components/nodata/nodata","True"
"管理端","pageConfig/notificationManagement/index.json","u-button","/uview-ui/components/u-button/u-button","uview-ui/components/u-button/u-button","True"
"管理端","pageConfig/notificationManagement/index.json","u-icon","/uview-ui/components/u-icon/u-icon","uview-ui/components/u-icon/u-icon","True"
"管理端","pageConfig/notificationManagement/index.json","u-line","/uview-ui/components/u-line/u-line","uview-ui/components/u-line/u-line","True"
"管理端","pageConfig/notificationManagement/index.json","u-mask","/uview-ui/components/u-mask/u-mask","uview-ui/components/u-mask/u-mask","True"
"管理端","pageConfig/notificationManagement/index.json","zero-loading","/components/zero-loading/zero-loading","components/zero-loading/zero-loading","True"
"管理端","pageConfig/notificationManagement/notification.json","confirm","/pageConfig/components/confirm-modal/index","pageConfig/components/confirm-modal/index","True"
"管理端","pageConfig/notificationManagement/notification.json","ff-bottom-logo","/components/ff-bottom-logo/ff-bottom-logo","components/ff-bottom-logo/ff-bottom-logo","True"
"管理端","pageConfig/notificationManagement/notification.json","u-input","/uview-ui/components/u-input/u-input","uview-ui/components/u-input/u-input","True"
"管理端","pageConfig/notificationManagement/notification.json","zero-loading","/components/zero-loading/zero-loading","components/zero-loading/zero-loading","True"
"管理端","pageConfig/paySetting/index.json","ff-bottom-logo","/components/ff-bottom-logo/ff-bottom-logo","components/ff-bottom-logo/ff-bottom-logo","True"
"管理端","pageConfig/paySetting/index.json","navigation","/components/navigation/index","components/navigation/index","True"
"管理端","pageConfig/paySetting/index.json","zero-loading","/components/zero-loading/zero-loading","components/zero-loading/zero-loading","True"
"管理端","pageConfig/reminderSettings/index.json","ff-bottom-logo","/components/ff-bottom-logo/ff-bottom-logo","components/ff-bottom-logo/ff-bottom-logo","True"
"管理端","pageConfig/reminderSettings/index.json","ff-popup","/components/ff-popup/ff-popup","components/ff-popup/ff-popup","True"
"管理端","pageConfig/reminderSettings/index.json","navigation","/components/navigation/index","components/navigation/index","True"
"管理端","pageConfig/reminderSettings/index.json","u-button","/uview-ui/components/u-button/u-button","uview-ui/components/u-button/u-button","True"
"管理端","pageConfig/reminderSettings/index.json","u-icon","/uview-ui/components/u-icon/u-icon","uview-ui/components/u-icon/u-icon","True"
"管理端","pageConfig/reminderSettings/index.json","u-switch","/uview-ui/components/u-switch/u-switch","uview-ui/components/u-switch/u-switch","True"
"管理端","pageConfig/reminderSettings/index.json","zero-loading","/components/zero-loading/zero-loading","components/zero-loading/zero-loading","True"
"管理端","pageConfig/shopReport/index.json","confirm-modal","/components/confirm-modal/confirm-modal","components/confirm-modal/confirm-modal","True"
"管理端","pageConfig/shopReport/index.json","ff-bottom-logo","/components/ff-bottom-logo/ff-bottom-logo","components/ff-bottom-logo/ff-bottom-logo","True"
"管理端","pageConfig/shopReport/index.json","hint","/pageConfig/components/top-hint/index","pageConfig/components/top-hint/index","True"
"管理端","pageConfig/shopReport/index.json","navigation","/components/navigation/index","components/navigation/index","True"
"管理端","pageConfig/shopReport/index.json","nodata","/components/nodata/nodata","components/nodata/nodata","True"
"管理端","pageConfig/shopReport/index.json","u-button","/uview-ui/components/u-button/u-button","uview-ui/components/u-button/u-button","True"
"管理端","pageConfig/shopReport/index.json","zero-loading","/components/zero-loading/zero-loading","components/zero-loading/zero-loading","True"
"管理端","pageConfig/stopDoing/editStopDoing.json","confirm","/pageConfig/components/confirm-modal/index","pageConfig/components/confirm-modal/index","True"
"管理端","pageConfig/stopDoing/editStopDoing.json","confirm-modal","/components/confirm-modal/confirm-modal","components/confirm-modal/confirm-modal","True"
"管理端","pageConfig/stopDoing/editStopDoing.json","ff-bottom-logo","/components/ff-bottom-logo/ff-bottom-logo","components/ff-bottom-logo/ff-bottom-logo","True"
"管理端","pageConfig/stopDoing/editStopDoing.json","navigation","/components/navigation/index","components/navigation/index","True"
"管理端","pageConfig/stopDoing/editStopDoing.json","u-checkbox","/uview-ui/components/u-checkbox/u-checkbox","uview-ui/components/u-checkbox/u-checkbox","True"
"管理端","pageConfig/stopDoing/editStopDoing.json","u-input","/uview-ui/components/u-input/u-input","uview-ui/components/u-input/u-input","True"
"管理端","pageConfig/stopDoing/editStopDoing.json","u-picker","/uview-ui/components/u-picker/u-picker","uview-ui/components/u-picker/u-picker","True"
"管理端","pageConfig/stopDoing/editStopDoing.json","u-radio","/uview-ui/components/u-radio/u-radio","uview-ui/components/u-radio/u-radio","True"
"管理端","pageConfig/stopDoing/editStopDoing.json","u-radio-group","/uview-ui/components/u-radio-group/u-radio-group","uview-ui/components/u-radio-group/u-radio-group","True"
"管理端","pageConfig/stopDoing/editStopDoing.json","u-switch","/uview-ui/components/u-switch/u-switch","uview-ui/components/u-switch/u-switch","True"
"管理端","pageConfig/stopDoing/editStopDoing.json","zero-loading","/components/zero-loading/zero-loading","components/zero-loading/zero-loading","True"
"管理端","pageConfig/stopDoing/index.json","ff-bottom-logo","/components/ff-bottom-logo/ff-bottom-logo","components/ff-bottom-logo/ff-bottom-logo","True"
"管理端","pageConfig/stopDoing/index.json","fixed-btn","/pageConfig/components/fixed-btn/index","pageConfig/components/fixed-btn/index","True"
"管理端","pageConfig/stopDoing/index.json","hint","/pageConfig/components/top-hint/index","pageConfig/components/top-hint/index","True"
"管理端","pageConfig/stopDoing/index.json","navigation","/components/navigation/index","components/navigation/index","True"
"管理端","pageConfig/stopDoing/index.json","nodata","/components/nodata/nodata","components/nodata/nodata","True"
"管理端","pageConfig/stopDoing/index.json","u-button","/uview-ui/components/u-button/u-button","uview-ui/components/u-button/u-button","True"
"管理端","pageConfig/stopDoing/index.json","u-line","/uview-ui/components/u-line/u-line","uview-ui/components/u-line/u-line","True"
"管理端","pageConfig/stopDoing/index.json","u-mask","/uview-ui/components/u-mask/u-mask","uview-ui/components/u-mask/u-mask","True"
"管理端","pageConfig/stopDoing/index.json","zero-loading","/components/zero-loading/zero-loading","components/zero-loading/zero-loading","True"
"管理端","pageMember/components/addPoint.json","ff-popup","/components/ff-popup/ff-popup","components/ff-popup/ff-popup","True"
"管理端","pageMember/components/addPoint.json","u-button","/uview-ui/components/u-button/u-button","uview-ui/components/u-button/u-button","True"
"管理端","pageMember/components/addPoint.json","u-input","/uview-ui/components/u-input/u-input","uview-ui/components/u-input/u-input","True"
"管理端","pageMember/components/addPoint.json","zero-loading","/components/zero-loading/zero-loading","components/zero-loading/zero-loading","True"
"管理端","pageMember/components/businessdata-money-popup.json","ff-popup","/components/ff-popup/ff-popup","components/ff-popup/ff-popup","True"
"管理端","pageMember/components/businessdata-money-popup.json","u-button","/uview-ui/components/u-button/u-button","uview-ui/components/u-button/u-button","True"
"管理端","pageMember/components/businessdata-money-popup.json","u-input","/uview-ui/components/u-input/u-input","uview-ui/components/u-input/u-input","True"
"管理端","pageMember/components/businessdata-money-popup.json","zero-loading","/components/zero-loading/zero-loading","components/zero-loading/zero-loading","True"
"管理端","pageMember/components/calendar-month.json","ff-popup","/components/ff-popup/ff-popup","components/ff-popup/ff-popup","True"
"管理端","pageMember/components/calendar-month.json","u-line","/uview-ui/components/u-line/u-line","uview-ui/components/u-line/u-line","True"
"管理端","pageMember/components/calendar-month.json","zero-loading","/components/zero-loading/zero-loading","components/zero-loading/zero-loading","True"
"管理端","pageMember/components/card-set.json","confirm","/components/confirm-modal/confirm-modal","components/confirm-modal/confirm-modal","True"
"管理端","pageMember/components/card-set.json","ff-popup","/components/ff-popup/ff-popup","components/ff-popup/ff-popup","True"
"管理端","pageMember/components/card-set.json","u-button","/uview-ui/components/u-button/u-button","uview-ui/components/u-button/u-button","True"
"管理端","pageMember/components/card-set.json","u-picker","/uview-ui/components/u-picker/u-picker","uview-ui/components/u-picker/u-picker","True"
"管理端","pageMember/components/card-set.json","u-radio","/uview-ui/components/u-radio/u-radio","uview-ui/components/u-radio/u-radio","True"
"管理端","pageMember/components/card-set.json","u-radio-group","/uview-ui/components/u-radio-group/u-radio-group","uview-ui/components/u-radio-group/u-radio-group","True"
"管理端","pageMember/components/card-set.json","zero-loading","/components/zero-loading/zero-loading","components/zero-loading/zero-loading","True"
"管理端","pageMember/components/choseCard.json","ff-counts-card","/components/ff-counts-card/ff-counts-card","components/ff-counts-card/ff-counts-card","True"
"管理端","pageMember/components/choseCard.json","ff-date-card","/components/ff-date-card/ff-date-card","components/ff-date-card/ff-date-card","True"
"管理端","pageMember/components/choseCard.json","ff-popup","/components/ff-popup/ff-popup","components/ff-popup/ff-popup","True"
"管理端","pageMember/components/choseCard.json","ff-value-card","/components/ff-value-card/ff-value-card","components/ff-value-card/ff-value-card","True"
"管理端","pageMember/components/choseCard.json","u-button","/uview-ui/components/u-button/u-button","uview-ui/components/u-button/u-button","True"
"管理端","pageMember/components/choseCard.json","u-icon","/uview-ui/components/u-icon/u-icon","uview-ui/components/u-icon/u-icon","True"
"管理端","pageMember/components/choseCard.json","zero-loading","/components/zero-loading/zero-loading","components/zero-loading/zero-loading","True"
"管理端","pageMember/components/editPoint.json","ff-popup","/components/ff-popup/ff-popup","components/ff-popup/ff-popup","True"
"管理端","pageMember/components/editPoint.json","u-button","/uview-ui/components/u-button/u-button","uview-ui/components/u-button/u-button","True"
"管理端","pageMember/components/editPoint.json","u-input","/uview-ui/components/u-input/u-input","uview-ui/components/u-input/u-input","True"
"管理端","pageMember/components/editPoint.json","zero-loading","/components/zero-loading/zero-loading","components/zero-loading/zero-loading","True"
"管理端","pageMember/components/immediatelyCard/card_limit.json","card-set","/pageMember/components/card-set","pageMember/components/card-set","True"
"管理端","pageMember/components/immediatelyCard/card_limit.json","confirm-card","/components/confirm-modal/confirm-modal","components/confirm-modal/confirm-modal","True"
"管理端","pageMember/components/immediatelyCard/card_limit.json","ff-counts-card","/components/ff-counts-card/ff-counts-card","components/ff-counts-card/ff-counts-card","True"
"管理端","pageMember/components/immediatelyCard/card_limit.json","ff-date-card","/components/ff-date-card/ff-date-card","components/ff-date-card/ff-date-card","True"
"管理端","pageMember/components/immediatelyCard/card_limit.json","ff-popup","/components/ff-popup/ff-popup","components/ff-popup/ff-popup","True"
"管理端","pageMember/components/immediatelyCard/card_limit.json","ff-value-card","/components/ff-value-card/ff-value-card","components/ff-value-card/ff-value-card","True"
"管理端","pageMember/components/immediatelyCard/card_limit.json","times","/pageMember/components/immediatelyCard/time","pageMember/components/immediatelyCard/time","True"
"管理端","pageMember/components/immediatelyCard/card_limit.json","u-checkbox","/uview-ui/components/u-checkbox/u-checkbox","uview-ui/components/u-checkbox/u-checkbox","True"
"管理端","pageMember/components/immediatelyCard/card_limit.json","u-icon","/uview-ui/components/u-icon/u-icon","uview-ui/components/u-icon/u-icon","True"
"管理端","pageMember/components/immediatelyCard/card_limit.json","u-input","/uview-ui/components/u-input/u-input","uview-ui/components/u-input/u-input","True"
"管理端","pageMember/components/immediatelyCard/card_limit.json","u-picker","/uview-ui/components/u-picker/u-picker","uview-ui/components/u-picker/u-picker","True"
"管理端","pageMember/components/immediatelyCard/card_limit.json","u-radio","/uview-ui/components/u-radio/u-radio","uview-ui/components/u-radio/u-radio","True"
"管理端","pageMember/components/immediatelyCard/card_limit.json","u-radio-group","/uview-ui/components/u-radio-group/u-radio-group","uview-ui/components/u-radio-group/u-radio-group","True"
"管理端","pageMember/components/immediatelyCard/card_limit.json","zero-loading","/components/zero-loading/zero-loading","components/zero-loading/zero-loading","True"
"管理端","pageMember/components/immediatelyCard/new_card.json","crad-limit","/pageMember/components/immediatelyCard/card_limit","pageMember/components/immediatelyCard/card_limit","True"
"管理端","pageMember/components/immediatelyCard/new_card.json","ff-counts-card","/components/ff-counts-card/ff-counts-card","components/ff-counts-card/ff-counts-card","True"
"管理端","pageMember/components/immediatelyCard/new_card.json","ff-date-card","/components/ff-date-card/ff-date-card","components/ff-date-card/ff-date-card","True"
"管理端","pageMember/components/immediatelyCard/new_card.json","ff-popup","/components/ff-popup/ff-popup","components/ff-popup/ff-popup","True"
"管理端","pageMember/components/immediatelyCard/new_card.json","ff-value-card","/components/ff-value-card/ff-value-card","components/ff-value-card/ff-value-card","True"
"管理端","pageMember/components/immediatelyCard/new_card.json","u-icon","/uview-ui/components/u-icon/u-icon","uview-ui/components/u-icon/u-icon","True"
"管理端","pageMember/components/immediatelyCard/new_card.json","u-search","/uview-ui/components/u-search/u-search","uview-ui/components/u-search/u-search","True"
"管理端","pageMember/components/immediatelyCard/new_card.json","zero-loading","/components/zero-loading/zero-loading","components/zero-loading/zero-loading","True"
"管理端","pageMember/components/immediatelyCard/time.json","ff-popup","/components/ff-popup/ff-popup","components/ff-popup/ff-popup","True"
"管理端","pageMember/components/immediatelyCard/time.json","u-button","/uview-ui/components/u-button/u-button","uview-ui/components/u-button/u-button","True"
"管理端","pageMember/components/immediatelyCard/time.json","zero-loading","/components/zero-loading/zero-loading","components/zero-loading/zero-loading","True"
"管理端","pageMember/components/make-over.json","confirm-modal","/components/confirm-modal/confirm-modal","components/confirm-modal/confirm-modal","True"
"管理端","pageMember/components/make-over.json","confirm-modal-fail","/components/confirm-modal/confirm-modal","components/confirm-modal/confirm-modal","True"
"管理端","pageMember/components/make-over.json","ff-popup","/components/ff-popup/ff-popup","components/ff-popup/ff-popup","True"
"管理端","pageMember/components/make-over.json","u-button","/uview-ui/components/u-button/u-button","uview-ui/components/u-button/u-button","True"
"管理端","pageMember/components/make-over.json","u-form-item","/uview-ui/components/u-form-item/u-form-item","uview-ui/components/u-form-item/u-form-item","True"
"管理端","pageMember/components/make-over.json","u-input","/uview-ui/components/u-input/u-input","uview-ui/components/u-input/u-input","True"
"管理端","pageMember/components/make-over.json","zero-loading","/components/zero-loading/zero-loading","components/zero-loading/zero-loading","True"
"管理端","pageMember/components/mark-pop.json","ff-popup","/components/ff-popup/ff-popup","components/ff-popup/ff-popup","True"
"管理端","pageMember/components/mark-pop.json","u-icon","/uview-ui/components/u-icon/u-icon","uview-ui/components/u-icon/u-icon","True"
"管理端","pageMember/components/mark-pop.json","u-radio","/uview-ui/components/u-radio/u-radio","uview-ui/components/u-radio/u-radio","True"
"管理端","pageMember/components/mark-pop.json","u-radio-group","/uview-ui/components/u-radio-group/u-radio-group","uview-ui/components/u-radio-group/u-radio-group","True"
"管理端","pageMember/components/mark-pop.json","zero-loading","/components/zero-loading/zero-loading","components/zero-loading/zero-loading","True"
"管理端","pageMember/components/membershipConsultant.json","ff-popup","/components/ff-popup/ff-popup","components/ff-popup/ff-popup","True"
"管理端","pageMember/components/membershipConsultant.json","u-icon","/uview-ui/components/u-icon/u-icon","uview-ui/components/u-icon/u-icon","True"
"管理端","pageMember/components/membershipConsultant.json","u-modal","/uview-ui/components/u-modal/u-modal","uview-ui/components/u-modal/u-modal","True"
"管理端","pageMember/components/membershipConsultant.json","zero-loading","/components/zero-loading/zero-loading","components/zero-loading/zero-loading","True"
"管理端","pageMember/components/navigation/headPhoto.json","zero-loading","/components/zero-loading/zero-loading","components/zero-loading/zero-loading","True"
"管理端","pageMember/components/operation-data.json","zero-loading","/components/zero-loading/zero-loading","components/zero-loading/zero-loading","True"
"管理端","pageMember/components/quantity.json","confirm-modal","/components/confirm-modal/confirm-modal","components/confirm-modal/confirm-modal","True"
"管理端","pageMember/components/quantity.json","ff-counts-card","/components/ff-counts-card/ff-counts-card","components/ff-counts-card/ff-counts-card","True"
"管理端","pageMember/components/quantity.json","ff-date-card","/components/ff-date-card/ff-date-card","components/ff-date-card/ff-date-card","True"
"管理端","pageMember/components/quantity.json","ff-popup","/components/ff-popup/ff-popup","components/ff-popup/ff-popup","True"
"管理端","pageMember/components/quantity.json","ff-value-card","/components/ff-value-card/ff-value-card","components/ff-value-card/ff-value-card","True"
"管理端","pageMember/components/quantity.json","u-button","/uview-ui/components/u-button/u-button","uview-ui/components/u-button/u-button","True"
"管理端","pageMember/components/quantity.json","u-checkbox","/uview-ui/components/u-checkbox/u-checkbox","uview-ui/components/u-checkbox/u-checkbox","True"
"管理端","pageMember/components/quantity.json","u-input","/uview-ui/components/u-input/u-input","uview-ui/components/u-input/u-input","True"
"管理端","pageMember/components/quantity.json","zero-loading","/components/zero-loading/zero-loading","components/zero-loading/zero-loading","True"
"管理端","pageMember/components/remarks.json","ff-popup","/components/ff-popup/ff-popup","components/ff-popup/ff-popup","True"
"管理端","pageMember/components/remarks.json","u-button","/uview-ui/components/u-button/u-button","uview-ui/components/u-button/u-button","True"
"管理端","pageMember/components/remarks.json","zero-loading","/components/zero-loading/zero-loading","components/zero-loading/zero-loading","True"
"管理端","pageMember/components/search-header/index.json","zero-loading","/components/zero-loading/zero-loading","components/zero-loading/zero-loading","True"
"管理端","pageMember/components/stopping.json","confirm-modal","/components/confirm-modal/confirm-modal","components/confirm-modal/confirm-modal","True"
"管理端","pageMember/components/stopping.json","ff-popup","/components/ff-popup/ff-popup","components/ff-popup/ff-popup","True"
"管理端","pageMember/components/stopping.json","u-checkbox","/uview-ui/components/u-checkbox/u-checkbox","uview-ui/components/u-checkbox/u-checkbox","True"
"管理端","pageMember/components/stopping.json","u-picker","/uview-ui/components/u-picker/u-picker","uview-ui/components/u-picker/u-picker","True"
"管理端","pageMember/components/stopping.json","zero-loading","/components/zero-loading/zero-loading","components/zero-loading/zero-loading","True"
"管理端","pageMember/components/userCard/amount-paid.json","ff-popup","/components/ff-popup/ff-popup","components/ff-popup/ff-popup","True"
"管理端","pageMember/components/userCard/amount-paid.json","u-button","/uview-ui/components/u-button/u-button","uview-ui/components/u-button/u-button","True"
"管理端","pageMember/components/userCard/amount-paid.json","u-input","/uview-ui/components/u-input/u-input","uview-ui/components/u-input/u-input","True"
"管理端","pageMember/components/userCard/amount-paid.json","u-line","/uview-ui/components/u-line/u-line","uview-ui/components/u-line/u-line","True"
"管理端","pageMember/components/userCard/amount-paid.json","zero-loading","/components/zero-loading/zero-loading","components/zero-loading/zero-loading","True"
"管理端","pageMember/components/userCard/card-balance.json","u-line","/uview-ui/components/u-line/u-line","uview-ui/components/u-line/u-line","True"
"管理端","pageMember/components/userCard/card-balance.json","zero-loading","/components/zero-loading/zero-loading","components/zero-loading/zero-loading","True"
"管理端","pageMember/components/userCard/card-detail.json","u-line","/uview-ui/components/u-line/u-line","uview-ui/components/u-line/u-line","True"
"管理端","pageMember/components/userCard/card-detail.json","zero-loading","/components/zero-loading/zero-loading","components/zero-loading/zero-loading","True"
"管理端","pageMember/components/userCard/card-management.json","balance","/components/cardToolbox/administer/balance","components/cardToolbox/administer/balance","True"
"管理端","pageMember/components/userCard/card-management.json","card-stopping","/components/cardToolbox/administer/card_stopping","components/cardToolbox/administer/card_stopping","True"
"管理端","pageMember/components/userCard/card-management.json","confirm","/components/confirm-modal/confirm-modal","components/confirm-modal/confirm-modal","True"
"管理端","pageMember/components/userCard/card-management.json","leave","/components/cardToolbox/administer/leave","components/cardToolbox/administer/leave","True"
"管理端","pageMember/components/userCard/card-management.json","remark-order-card-popup","/components/ff-textarea/ff-textarea","components/ff-textarea/ff-textarea","True"
"管理端","pageMember/components/userCard/card-management.json","renew","/components/cardToolbox/administer/renew","components/cardToolbox/administer/renew","True"
"管理端","pageMember/components/userCard/card-management.json","vaildity","/components/cardToolbox/administer/validity","components/cardToolbox/administer/validity","True"
"管理端","pageMember/components/userCard/card-management.json","zero-loading","/components/zero-loading/zero-loading","components/zero-loading/zero-loading","True"
"管理端","pageMember/components/userCard/change-log.json","zero-loading","/components/zero-loading/zero-loading","components/zero-loading/zero-loading","True"
"管理端","pageMember/components/userCard/funds-received.json","ff-popup","/components/ff-popup/ff-popup","components/ff-popup/ff-popup","True"
"管理端","pageMember/components/userCard/funds-received.json","u-button","/uview-ui/components/u-button/u-button","uview-ui/components/u-button/u-button","True"
"管理端","pageMember/components/userCard/funds-received.json","u-input","/uview-ui/components/u-input/u-input","uview-ui/components/u-input/u-input","True"
"管理端","pageMember/components/userCard/funds-received.json","zero-loading","/components/zero-loading/zero-loading","components/zero-loading/zero-loading","True"
"管理端","pageMember/components/userCard/penalty-record.json","zero-loading","/components/zero-loading/zero-loading","components/zero-loading/zero-loading","True"
"管理端","pageMember/components/validity.json","confirm-modal","/components/confirm-modal/confirm-modal","components/confirm-modal/confirm-modal","True"
"管理端","pageMember/components/validity.json","ff-popup","/components/ff-popup/ff-popup","components/ff-popup/ff-popup","True"
"管理端","pageMember/components/validity.json","u-button","/uview-ui/components/u-button/u-button","uview-ui/components/u-button/u-button","True"
"管理端","pageMember/components/validity.json","u-checkbox","/uview-ui/components/u-checkbox/u-checkbox","uview-ui/components/u-checkbox/u-checkbox","True"
"管理端","pageMember/components/validity.json","u-input","/uview-ui/components/u-input/u-input","uview-ui/components/u-input/u-input","True"
"管理端","pageMember/components/validity.json","zero-loading","/components/zero-loading/zero-loading","components/zero-loading/zero-loading","True"
"管理端","pageMember/del-card/del-card.json","confirm-modal","/components/confirm-modal/confirm-modal","components/confirm-modal/confirm-modal","True"
"管理端","pageMember/del-card/del-card.json","ff-bottom-logo","/components/ff-bottom-logo/ff-bottom-logo","components/ff-bottom-logo/ff-bottom-logo","True"
"管理端","pageMember/del-card/del-card.json","member-card","/components/mumber-card/index","components/mumber-card/index","True"
"管理端","pageMember/del-card/del-card.json","navigation","/components/navigation/index","components/navigation/index","True"
"管理端","pageMember/del-card/del-card.json","zero-loading","/components/zero-loading/zero-loading","components/zero-loading/zero-loading","True"
"管理端","pageMember/del-member/del-member.json","confirm-modal","/components/confirm-modal/confirm-modal","components/confirm-modal/confirm-modal","True"
"管理端","pageMember/del-member/del-member.json","ff-bottom-logo","/components/ff-bottom-logo/ff-bottom-logo","components/ff-bottom-logo/ff-bottom-logo","True"
"管理端","pageMember/del-member/del-member.json","navigation","/components/navigation/index","components/navigation/index","True"
"管理端","pageMember/del-member/del-member.json","u-line","/uview-ui/components/u-line/u-line","uview-ui/components/u-line/u-line","True"
"管理端","pageMember/del-member/del-member.json","zero-loading","/components/zero-loading/zero-loading","components/zero-loading/zero-loading","True"
"管理端","pageMember/details/card-consumption.json","amount-paid","/pageMember/components/userCard/amount-paid","pageMember/components/userCard/amount-paid","True"
"管理端","pageMember/details/card-consumption.json","balance-money","/pageMember/components/userCard/funds-received","pageMember/components/userCard/funds-received","True"
"管理端","pageMember/details/card-consumption.json","confirm-modal","/components/confirm-modal/confirm-modal","components/confirm-modal/confirm-modal","True"
"管理端","pageMember/details/card-consumption.json","ff-bottom-logo","/components/ff-bottom-logo/ff-bottom-logo","components/ff-bottom-logo/ff-bottom-logo","True"
"管理端","pageMember/details/card-consumption.json","funds-received","/pageMember/components/userCard/funds-received","pageMember/components/userCard/funds-received","True"
"管理端","pageMember/details/card-consumption.json","member-card","/components/mumber-card/index","components/mumber-card/index","True"
"管理端","pageMember/details/card-consumption.json","operation-data","/pageMember/components/operation-data","pageMember/components/operation-data","True"
"管理端","pageMember/details/card-consumption.json","u-checkbox","/uview-ui/components/u-checkbox/u-checkbox","uview-ui/components/u-checkbox/u-checkbox","True"
"管理端","pageMember/details/card-consumption.json","u-line","/uview-ui/components/u-line/u-line","uview-ui/components/u-line/u-line","True"
"管理端","pageMember/details/card-consumption.json","zero-loading","/components/zero-loading/zero-loading","components/zero-loading/zero-loading","True"
"管理端","pageMember/details/cardDetail.json","amount-paid","/pageMember/components/userCard/amount-paid","pageMember/components/userCard/amount-paid","True"
"管理端","pageMember/details/cardDetail.json","card-all-project","/components/card-all-project/index","components/card-all-project/index","True"
"管理端","pageMember/details/cardDetail.json","card-balance","/pageMember/components/userCard/card-balance","pageMember/components/userCard/card-balance","True"
"管理端","pageMember/details/cardDetail.json","card-detail","/pageMember/components/userCard/card-detail","pageMember/components/userCard/card-detail","True"
"管理端","pageMember/details/cardDetail.json","card-management","/pageMember/components/userCard/card-management","pageMember/components/userCard/card-management","True"
"管理端","pageMember/details/cardDetail.json","card-set","/pageMember/components/card-set","pageMember/components/card-set","True"
"管理端","pageMember/details/cardDetail.json","change-log","/pageMember/components/userCard/change-log","pageMember/components/userCard/change-log","True"
"管理端","pageMember/details/cardDetail.json","confirm-modal","/components/confirm-modal/confirm-modal","components/confirm-modal/confirm-modal","True"
"管理端","pageMember/details/cardDetail.json","ff-bottom-logo","/components/ff-bottom-logo/ff-bottom-logo","components/ff-bottom-logo/ff-bottom-logo","True"
"管理端","pageMember/details/cardDetail.json","loading-pulse","/components/zero-loading/static/loading-pulse","components/zero-loading/static/loading-pulse","True"
"管理端","pageMember/details/cardDetail.json","make-over","/pageMember/components/make-over","pageMember/components/make-over","True"
"管理端","pageMember/details/cardDetail.json","mark-pop","/pageMember/components/mark-pop","pageMember/components/mark-pop","True"
"管理端","pageMember/details/cardDetail.json","member-card","/components/mumber-card/index","components/mumber-card/index","True"
"管理端","pageMember/details/cardDetail.json","new-card","/pageMember/components/immediatelyCard/new_card","pageMember/components/immediatelyCard/new_card","True"
"管理端","pageMember/details/cardDetail.json","penalty-record","/pageMember/components/userCard/penalty-record","pageMember/components/userCard/penalty-record","True"
"管理端","pageMember/details/cardDetail.json","remark-order-card-popup","/components/ff-textarea/ff-textarea","components/ff-textarea/ff-textarea","True"
"管理端","pageMember/details/cardDetail.json","remark-order-popup","/components/ff-textarea/ff-textarea","components/ff-textarea/ff-textarea","True"
"管理端","pageMember/details/cardDetail.json","remarks","/pageMember/components/remarks","pageMember/components/remarks","True"
"管理端","pageMember/details/cardDetail.json","u-icon","/uview-ui/components/u-icon/u-icon","uview-ui/components/u-icon/u-icon","True"
"管理端","pageMember/details/cardDetail.json","u-line","/uview-ui/components/u-line/u-line","uview-ui/components/u-line/u-line","True"
"管理端","pageMember/details/cardDetail.json","u-tabs","/uview-ui/components/u-tabs/u-tabs","uview-ui/components/u-tabs/u-tabs","True"
"管理端","pageMember/details/cardDetail.json","zero-loading","/components/zero-loading/zero-loading","components/zero-loading/zero-loading","True"
"管理端","pageMember/details/courseDetail.json","calendar-month","/pageMember/components/calendar-month","pageMember/components/calendar-month","True"
"管理端","pageMember/details/courseDetail.json","ff-bottom-logo","/components/ff-bottom-logo/ff-bottom-logo","components/ff-bottom-logo/ff-bottom-logo","True"
"管理端","pageMember/details/courseDetail.json","navigation","/pageMember/components/navigation/headPhoto","pageMember/components/navigation/headPhoto","True"
"管理端","pageMember/details/courseDetail.json","u-gap","/uview-ui/components/u-gap/u-gap","uview-ui/components/u-gap/u-gap","True"
"管理端","pageMember/details/courseDetail.json","u-icon","/uview-ui/components/u-icon/u-icon","uview-ui/components/u-icon/u-icon","True"
"管理端","pageMember/details/courseDetail.json","u-line","/uview-ui/components/u-line/u-line","uview-ui/components/u-line/u-line","True"
"管理端","pageMember/details/courseDetail.json","zero-loading","/components/zero-loading/zero-loading","components/zero-loading/zero-loading","True"
"管理端","pageMember/details/index.json","card-all-project","/components/card-all-project/index","components/card-all-project/index","True"
"管理端","pageMember/details/index.json","confirm-modal","/components/confirm-modal/confirm-modal","components/confirm-modal/confirm-modal","True"
"管理端","pageMember/details/index.json","ff-bottom-logo","/components/ff-bottom-logo/ff-bottom-logo","components/ff-bottom-logo/ff-bottom-logo","True"
"管理端","pageMember/details/index.json","make-over","/pageMember/components/make-over","pageMember/components/make-over","True"
"管理端","pageMember/details/index.json","mark-pop","/pageMember/components/mark-pop","pageMember/components/mark-pop","True"
"管理端","pageMember/details/index.json","member-card","/components/mumber-card/index","components/mumber-card/index","True"
"管理端","pageMember/details/index.json","new-card","/pageMember/components/immediatelyCard/new_card","pageMember/components/immediatelyCard/new_card","True"
"管理端","pageMember/details/index.json","remark-order-card-popup","/components/ff-textarea/ff-textarea","components/ff-textarea/ff-textarea","True"
"管理端","pageMember/details/index.json","remark-order-popup","/components/ff-textarea/ff-textarea","components/ff-textarea/ff-textarea","True"
"管理端","pageMember/details/index.json","remarks","/pageMember/components/remarks","pageMember/components/remarks","True"
"管理端","pageMember/details/index.json","u-divider","/uview-ui/components/u-divider/u-divider","uview-ui/components/u-divider/u-divider","True"
"管理端","pageMember/details/index.json","u-icon","/uview-ui/components/u-icon/u-icon","uview-ui/components/u-icon/u-icon","True"
"管理端","pageMember/details/index.json","u-line","/uview-ui/components/u-line/u-line","uview-ui/components/u-line/u-line","True"
"管理端","pageMember/details/index.json","zero-loading","/components/zero-loading/zero-loading","components/zero-loading/zero-loading","True"
"管理端","pageMember/details/memberPoint.json","add-point","/pageMember/components/addPoint","pageMember/components/addPoint","True"
"管理端","pageMember/details/memberPoint.json","confirm-modal","/components/confirm-modal/confirm-modal","components/confirm-modal/confirm-modal","True"
"管理端","pageMember/details/memberPoint.json","edit-point","/pageMember/components/editPoint","pageMember/components/editPoint","True"
"管理端","pageMember/details/memberPoint.json","ff-bottom-logo","/components/ff-bottom-logo/ff-bottom-logo","components/ff-bottom-logo/ff-bottom-logo","True"
"管理端","pageMember/details/memberPoint.json","navigation","/pageMember/components/navigation/headPhoto","pageMember/components/navigation/headPhoto","True"
"管理端","pageMember/details/memberPoint.json","u-divider","/uview-ui/components/u-divider/u-divider","uview-ui/components/u-divider/u-divider","True"
"管理端","pageMember/details/memberPoint.json","u-line","/uview-ui/components/u-line/u-line","uview-ui/components/u-line/u-line","True"
"管理端","pageMember/details/memberPoint.json","zero-loading","/components/zero-loading/zero-loading","components/zero-loading/zero-loading","True"
"管理端","pageMember/details/rechargeAmount.json","business-popup","/pageMember/components/businessdata-money-popup","pageMember/components/businessdata-money-popup","True"
"管理端","pageMember/details/rechargeAmount.json","confirm-modal","/components/confirm-modal/confirm-modal","components/confirm-modal/confirm-modal","True"
"管理端","pageMember/details/rechargeAmount.json","ff-bottom-logo","/components/ff-bottom-logo/ff-bottom-logo","components/ff-bottom-logo/ff-bottom-logo","True"
"管理端","pageMember/details/rechargeAmount.json","navigation","/pageMember/components/navigation/headPhoto","pageMember/components/navigation/headPhoto","True"
"管理端","pageMember/details/rechargeAmount.json","remark-order-popup","/components/ff-textarea/ff-textarea","components/ff-textarea/ff-textarea","True"
"管理端","pageMember/details/rechargeAmount.json","zero-loading","/components/zero-loading/zero-loading","components/zero-loading/zero-loading","True"
"管理端","pageMember/details/recordDetails.json","ff-bottom-logo","/components/ff-bottom-logo/ff-bottom-logo","components/ff-bottom-logo/ff-bottom-logo","True"
"管理端","pageMember/details/recordDetails.json","u-line","/uview-ui/components/u-line/u-line","uview-ui/components/u-line/u-line","True"
"管理端","pageMember/details/recordDetails.json","u-loadmore","/uview-ui/components/u-loadmore/u-loadmore","uview-ui/components/u-loadmore/u-loadmore","True"
"管理端","pageMember/details/recordDetails.json","zero-loading","/components/zero-loading/zero-loading","components/zero-loading/zero-loading","True"
"管理端","pageMember/index.json","u-popup","/uview-ui/components/u-popup/u-popup","uview-ui/components/u-popup/u-popup","True"
"管理端","pageMember/index.json","zero-loading","/components/zero-loading/zero-loading","components/zero-loading/zero-loading","True"
"管理端","pageMember/information/index.json","confirm","/components/confirm-modal/confirm-modal","components/confirm-modal/confirm-modal","True"
"管理端","pageMember/information/index.json","ff-bottom-logo","/components/ff-bottom-logo/ff-bottom-logo","components/ff-bottom-logo/ff-bottom-logo","True"
"管理端","pageMember/information/index.json","membership-consultant","/pageMember/components/membershipConsultant","pageMember/components/membershipConsultant","True"
"管理端","pageMember/information/index.json","navigation","/components/navigation/index","components/navigation/index","True"
"管理端","pageMember/information/index.json","remarks","/pageMember/components/remarks","pageMember/components/remarks","True"
"管理端","pageMember/information/index.json","u-icon","/uview-ui/components/u-icon/u-icon","uview-ui/components/u-icon/u-icon","True"
"管理端","pageMember/information/index.json","u-input","/uview-ui/components/u-input/u-input","uview-ui/components/u-input/u-input","True"
"管理端","pageMember/information/index.json","u-picker","/uview-ui/components/u-picker/u-picker","uview-ui/components/u-picker/u-picker","True"
"管理端","pageMember/information/index.json","u-popup","/uview-ui/components/u-popup/u-popup","uview-ui/components/u-popup/u-popup","True"
"管理端","pageMember/information/index.json","u-switch","/uview-ui/components/u-switch/u-switch","uview-ui/components/u-switch/u-switch","True"
"管理端","pageMember/information/index.json","zero-loading","/components/zero-loading/zero-loading","components/zero-loading/zero-loading","True"
"管理端","pageMember/screen.json","card-index","/components/cardToolbox/member-details","components/cardToolbox/member-details","True"
"管理端","pageMember/screen.json","chose-card","/pageMember/components/choseCard","pageMember/components/choseCard","True"
"管理端","pageMember/screen.json","confirm-stop-card","/components/confirm-modal/confirm-modal","components/confirm-modal/confirm-modal","True"
"管理端","pageMember/screen.json","ff-counts-card","/components/ff-counts-card/ff-counts-card","components/ff-counts-card/ff-counts-card","True"
"管理端","pageMember/screen.json","ff-date-card","/components/ff-date-card/ff-date-card","components/ff-date-card/ff-date-card","True"
"管理端","pageMember/screen.json","ff-popup","/components/ff-popup/ff-popup","components/ff-popup/ff-popup","True"
"管理端","pageMember/screen.json","ff-value-card","/components/ff-value-card/ff-value-card","components/ff-value-card/ff-value-card","True"
"管理端","pageMember/screen.json","filter-confirm","/pageMember/index","pageMember/index","True"
"管理端","pageMember/screen.json","loading-pulse","/components/zero-loading/static/loading-pulse","components/zero-loading/static/loading-pulse","True"
"管理端","pageMember/screen.json","modify-confirm","/pageMember/index","pageMember/index","True"
"管理端","pageMember/screen.json","navigation","/components/navigation/index","components/navigation/index","True"
"管理端","pageMember/screen.json","new-card","/pageMember/components/immediatelyCard/new_card","pageMember/components/immediatelyCard/new_card","True"
"管理端","pageMember/screen.json","quantity","/pageMember/components/quantity","pageMember/components/quantity","True"
"管理端","pageMember/screen.json","search-header","/pageMember/components/search-header/index","pageMember/components/search-header/index","True"
"管理端","pageMember/screen.json","stopping","/pageMember/components/stopping","pageMember/components/stopping","True"
"管理端","pageMember/screen.json","u-button","/uview-ui/components/u-button/u-button","uview-ui/components/u-button/u-button","True"
"管理端","pageMember/screen.json","u-checkbox","/uview-ui/components/u-checkbox/u-checkbox","uview-ui/components/u-checkbox/u-checkbox","True"
"管理端","pageMember/screen.json","u-checkbox-group","/uview-ui/components/u-checkbox-group/u-checkbox-group","uview-ui/components/u-checkbox-group/u-checkbox-group","True"
"管理端","pageMember/screen.json","u-icon","/uview-ui/components/u-icon/u-icon","uview-ui/components/u-icon/u-icon","True"
"管理端","pageMember/screen.json","u-line","/uview-ui/components/u-line/u-line","uview-ui/components/u-line/u-line","True"
"管理端","pageMember/screen.json","u-picker","/uview-ui/components/u-picker/u-picker","uview-ui/components/u-picker/u-picker","True"
"管理端","pageMember/screen.json","validity","/pageMember/components/validity","pageMember/components/validity","True"
"管理端","pageMember/screen.json","zero-loading","/components/zero-loading/zero-loading","components/zero-loading/zero-loading","True"
"管理端","pageMember/search.json","card-index","/components/cardToolbox/member-details","components/cardToolbox/member-details","True"
"管理端","pageMember/search.json","ff-bottom-logo","/components/ff-bottom-logo/ff-bottom-logo","components/ff-bottom-logo/ff-bottom-logo","True"
"管理端","pageMember/search.json","navigation","/components/navigation/index","components/navigation/index","True"
"管理端","pageMember/search.json","u-field","/uview-ui/components/u-field/u-field","uview-ui/components/u-field/u-field","True"
"管理端","pageMember/search.json","zero-loading","/components/zero-loading/zero-loading","components/zero-loading/zero-loading","True"
"管理端","pageReport/coach/classStatistics.json","ff-bottom-logo","/components/ff-bottom-logo/ff-bottom-logo","components/ff-bottom-logo/ff-bottom-logo","True"
"管理端","pageReport/coach/classStatistics.json","u-divider","/uview-ui/components/u-divider/u-divider","uview-ui/components/u-divider/u-divider","True"
"管理端","pageReport/coach/classStatistics.json","zero-loading","/components/zero-loading/zero-loading","components/zero-loading/zero-loading","True"
"管理端","pageReport/coach/detailed.json","ff-bottom-logo","/components/ff-bottom-logo/ff-bottom-logo","components/ff-bottom-logo/ff-bottom-logo","True"
"管理端","pageReport/coach/detailed.json","navigation","/components/navigation/index","components/navigation/index","True"
"管理端","pageReport/coach/detailed.json","u-divider","/uview-ui/components/u-divider/u-divider","uview-ui/components/u-divider/u-divider","True"
"管理端","pageReport/coach/detailed.json","u-line","/uview-ui/components/u-line/u-line","uview-ui/components/u-line/u-line","True"
"管理端","pageReport/coach/detailed.json","u-radio","/uview-ui/components/u-radio/u-radio","uview-ui/components/u-radio/u-radio","True"
"管理端","pageReport/coach/detailed.json","u-radio-group","/uview-ui/components/u-radio-group/u-radio-group","uview-ui/components/u-radio-group/u-radio-group","True"
"管理端","pageReport/coach/detailed.json","zero-loading","/components/zero-loading/zero-loading","components/zero-loading/zero-loading","True"
"管理端","pageReport/component/calendar-month.json","ff-popup","/components/ff-popup/ff-popup","components/ff-popup/ff-popup","True"
"管理端","pageReport/component/calendar-month.json","u-line","/uview-ui/components/u-line/u-line","uview-ui/components/u-line/u-line","True"
"管理端","pageReport/component/calendar-month.json","zero-loading","/components/zero-loading/zero-loading","components/zero-loading/zero-loading","True"
"管理端","pageReport/component/calendar-year.json","ff-popup","/components/ff-popup/ff-popup","components/ff-popup/ff-popup","True"
"管理端","pageReport/component/calendar-year.json","zero-loading","/components/zero-loading/zero-loading","components/zero-loading/zero-loading","True"
"管理端","pageReport/component/head-hint/head-hint.json","confirm","/components/confirm-modal/confirm-modal","components/confirm-modal/confirm-modal","True"
"管理端","pageReport/component/head-hint/head-hint.json","confirm-modal","/components/confirm-modal/confirm-modal","components/confirm-modal/confirm-modal","True"
"管理端","pageReport/component/head-hint/head-hint.json","zero-loading","/components/zero-loading/zero-loading","components/zero-loading/zero-loading","True"
"管理端","pageReport/component/navigationReport/index.json","zero-loading","/components/zero-loading/zero-loading","components/zero-loading/zero-loading","True"
"管理端","pageReport/component/popupTop.json","u-popup","/uview-ui/components/u-popup/u-popup","uview-ui/components/u-popup/u-popup","True"
"管理端","pageReport/component/popupTop.json","zero-loading","/components/zero-loading/zero-loading","components/zero-loading/zero-loading","True"
"管理端","pageReport/component/quickfill.json","ff-popup","/components/ff-popup/ff-popup","components/ff-popup/ff-popup","True"
"管理端","pageReport/component/quickfill.json","u-button","/uview-ui/components/u-button/u-button","uview-ui/components/u-button/u-button","True"
"管理端","pageReport/component/quickfill.json","zero-loading","/components/zero-loading/zero-loading","components/zero-loading/zero-loading","True"
"管理端","pageReport/component/quickfillCourseAmount.json","ff-popup","/components/ff-popup/ff-popup","components/ff-popup/ff-popup","True"
"管理端","pageReport/component/quickfillCourseAmount.json","u-button","/uview-ui/components/u-button/u-button","uview-ui/components/u-button/u-button","True"
"管理端","pageReport/component/quickfillCourseAmount.json","u-icon","/uview-ui/components/u-icon/u-icon","uview-ui/components/u-icon/u-icon","True"
"管理端","pageReport/component/quickfillCourseAmount.json","zero-loading","/components/zero-loading/zero-loading","components/zero-loading/zero-loading","True"
"管理端","pageReport/component/quickfillPersonTime.json","ff-popup","/components/ff-popup/ff-popup","components/ff-popup/ff-popup","True"
"管理端","pageReport/component/quickfillPersonTime.json","u-button","/uview-ui/components/u-button/u-button","uview-ui/components/u-button/u-button","True"
"管理端","pageReport/component/quickfillPersonTime.json","u-icon","/uview-ui/components/u-icon/u-icon","uview-ui/components/u-icon/u-icon","True"
"管理端","pageReport/component/quickfillPersonTime.json","zero-loading","/components/zero-loading/zero-loading","components/zero-loading/zero-loading","True"
"管理端","pageReport/course/courseReportForm.json","ff-bottom-logo","/components/ff-bottom-logo/ff-bottom-logo","components/ff-bottom-logo/ff-bottom-logo","True"
"管理端","pageReport/course/courseReportForm.json","hint","/pageReport/component/head-hint/head-hint","pageReport/component/head-hint/head-hint","True"
"管理端","pageReport/course/courseReportForm.json","navigation","/components/navigation/index","components/navigation/index","True"
"管理端","pageReport/course/courseReportForm.json","u-divider","/uview-ui/components/u-divider/u-divider","uview-ui/components/u-divider/u-divider","True"
"管理端","pageReport/course/courseReportForm.json","u-icon","/uview-ui/components/u-icon/u-icon","uview-ui/components/u-icon/u-icon","True"
"管理端","pageReport/course/courseReportForm.json","u-line","/uview-ui/components/u-line/u-line","uview-ui/components/u-line/u-line","True"
"管理端","pageReport/course/courseReportForm.json","zero-loading","/components/zero-loading/zero-loading","components/zero-loading/zero-loading","True"
"管理端","pageReport/course/courseReportFormDay.json","appoint-item","/pages/home/components/appoint-item","pages/home/components/appoint-item","True"
"管理端","pageReport/course/courseReportFormDay.json","ff-bottom-logo","/components/ff-bottom-logo/ff-bottom-logo","components/ff-bottom-logo/ff-bottom-logo","True"
"管理端","pageReport/course/courseReportFormDay.json","hint","/pageReport/component/head-hint/head-hint","pageReport/component/head-hint/head-hint","True"
"管理端","pageReport/course/courseReportFormDay.json","navigation","/components/navigation/index","components/navigation/index","True"
"管理端","pageReport/course/courseReportFormDay.json","u-divider","/uview-ui/components/u-divider/u-divider","uview-ui/components/u-divider/u-divider","True"
"管理端","pageReport/course/courseReportFormDay.json","u-line","/uview-ui/components/u-line/u-line","uview-ui/components/u-line/u-line","True"
"管理端","pageReport/course/courseReportFormDay.json","zero-loading","/components/zero-loading/zero-loading","components/zero-loading/zero-loading","True"
"管理端","pageReport/course/courseReportFormMonth.json","ff-bottom-logo","/components/ff-bottom-logo/ff-bottom-logo","components/ff-bottom-logo/ff-bottom-logo","True"
"管理端","pageReport/course/courseReportFormMonth.json","hint","/pageReport/component/head-hint/head-hint","pageReport/component/head-hint/head-hint","True"
"管理端","pageReport/course/courseReportFormMonth.json","navigation","/components/navigation/index","components/navigation/index","True"
"管理端","pageReport/course/courseReportFormMonth.json","u-divider","/uview-ui/components/u-divider/u-divider","uview-ui/components/u-divider/u-divider","True"
"管理端","pageReport/course/courseReportFormMonth.json","u-icon","/uview-ui/components/u-icon/u-icon","uview-ui/components/u-icon/u-icon","True"
"管理端","pageReport/course/courseReportFormMonth.json","u-line","/uview-ui/components/u-line/u-line","uview-ui/components/u-line/u-line","True"
"管理端","pageReport/course/courseReportFormMonth.json","zero-loading","/components/zero-loading/zero-loading","components/zero-loading/zero-loading","True"
"管理端","pageReport/courseAnalyze/privateCourseDetailRank.json","appoint-item","/pages/home/components/appoint-item","pages/home/components/appoint-item","True"
"管理端","pageReport/courseAnalyze/privateCourseDetailRank.json","ff-bottom-logo","/components/ff-bottom-logo/ff-bottom-logo","components/ff-bottom-logo/ff-bottom-logo","True"
"管理端","pageReport/courseAnalyze/privateCourseDetailRank.json","navigation","/components/navigation/index","components/navigation/index","True"
"管理端","pageReport/courseAnalyze/privateCourseDetailRank.json","u-divider","/uview-ui/components/u-divider/u-divider","uview-ui/components/u-divider/u-divider","True"
"管理端","pageReport/courseAnalyze/privateCourseDetailRank.json","u-line","/uview-ui/components/u-line/u-line","uview-ui/components/u-line/u-line","True"
"管理端","pageReport/courseAnalyze/privateCourseDetailRank.json","zero-loading","/components/zero-loading/zero-loading","components/zero-loading/zero-loading","True"
"管理端","pageReport/courseAnalyze/privateCourseRank.json","calendar-month","/pageReport/component/calendar-month","pageReport/component/calendar-month","True"
"管理端","pageReport/courseAnalyze/privateCourseRank.json","calendar-year","/pageReport/component/calendar-year","pageReport/component/calendar-year","True"
"管理端","pageReport/courseAnalyze/privateCourseRank.json","ff-bottom-logo","/components/ff-bottom-logo/ff-bottom-logo","components/ff-bottom-logo/ff-bottom-logo","True"
"管理端","pageReport/courseAnalyze/privateCourseRank.json","hint","/pageReport/component/head-hint/head-hint","pageReport/component/head-hint/head-hint","True"
"管理端","pageReport/courseAnalyze/privateCourseRank.json","navigation","/components/navigation/index","components/navigation/index","True"
"管理端","pageReport/courseAnalyze/privateCourseRank.json","u-divider","/uview-ui/components/u-divider/u-divider","uview-ui/components/u-divider/u-divider","True"
"管理端","pageReport/courseAnalyze/privateCourseRank.json","u-icon","/uview-ui/components/u-icon/u-icon","uview-ui/components/u-icon/u-icon","True"
"管理端","pageReport/courseAnalyze/privateCourseRank.json","u-line","/uview-ui/components/u-line/u-line","uview-ui/components/u-line/u-line","True"
"管理端","pageReport/courseAnalyze/privateCourseRank.json","u-picker","/uview-ui/components/u-picker/u-picker","uview-ui/components/u-picker/u-picker","True"
"管理端","pageReport/courseAnalyze/privateCourseRank.json","zero-loading","/components/zero-loading/zero-loading","components/zero-loading/zero-loading","True"
"管理端","pageReport/courseAnalyze/teamCourseDetailRank.json","appoint-item","/pages/home/components/appoint-item","pages/home/components/appoint-item","True"
"管理端","pageReport/courseAnalyze/teamCourseDetailRank.json","ff-bottom-logo","/components/ff-bottom-logo/ff-bottom-logo","components/ff-bottom-logo/ff-bottom-logo","True"
"管理端","pageReport/courseAnalyze/teamCourseDetailRank.json","navigation","/components/navigation/index","components/navigation/index","True"
"管理端","pageReport/courseAnalyze/teamCourseDetailRank.json","u-divider","/uview-ui/components/u-divider/u-divider","uview-ui/components/u-divider/u-divider","True"
"管理端","pageReport/courseAnalyze/teamCourseDetailRank.json","u-line","/uview-ui/components/u-line/u-line","uview-ui/components/u-line/u-line","True"
"管理端","pageReport/courseAnalyze/teamCourseDetailRank.json","zero-loading","/components/zero-loading/zero-loading","components/zero-loading/zero-loading","True"
"管理端","pageReport/courseAnalyze/teamCourseRank.json","calendar-month","/pageReport/component/calendar-month","pageReport/component/calendar-month","True"
"管理端","pageReport/courseAnalyze/teamCourseRank.json","calendar-year","/pageReport/component/calendar-year","pageReport/component/calendar-year","True"
"管理端","pageReport/courseAnalyze/teamCourseRank.json","ff-bottom-logo","/components/ff-bottom-logo/ff-bottom-logo","components/ff-bottom-logo/ff-bottom-logo","True"
"管理端","pageReport/courseAnalyze/teamCourseRank.json","hint","/pageReport/component/head-hint/head-hint","pageReport/component/head-hint/head-hint","True"
"管理端","pageReport/courseAnalyze/teamCourseRank.json","navigation","/components/navigation/index","components/navigation/index","True"
"管理端","pageReport/courseAnalyze/teamCourseRank.json","u-divider","/uview-ui/components/u-divider/u-divider","uview-ui/components/u-divider/u-divider","True"
"管理端","pageReport/courseAnalyze/teamCourseRank.json","u-icon","/uview-ui/components/u-icon/u-icon","uview-ui/components/u-icon/u-icon","True"
"管理端","pageReport/courseAnalyze/teamCourseRank.json","u-line","/uview-ui/components/u-line/u-line","uview-ui/components/u-line/u-line","True"
"管理端","pageReport/courseAnalyze/teamCourseRank.json","u-picker","/uview-ui/components/u-picker/u-picker","uview-ui/components/u-picker/u-picker","True"
"管理端","pageReport/courseAnalyze/teamCourseRank.json","zero-loading","/components/zero-loading/zero-loading","components/zero-loading/zero-loading","True"
"管理端","pageReport/income/businessData.json","ff-bottom-logo","/components/ff-bottom-logo/ff-bottom-logo","components/ff-bottom-logo/ff-bottom-logo","True"
"管理端","pageReport/income/businessData.json","hint","/pageReport/component/head-hint/head-hint","pageReport/component/head-hint/head-hint","True"
"管理端","pageReport/income/businessData.json","navigation","/components/navigation/index","components/navigation/index","True"
"管理端","pageReport/income/businessData.json","u-divider","/uview-ui/components/u-divider/u-divider","uview-ui/components/u-divider/u-divider","True"
"管理端","pageReport/income/businessData.json","u-icon","/uview-ui/components/u-icon/u-icon","uview-ui/components/u-icon/u-icon","True"
"管理端","pageReport/income/businessData.json","u-line","/uview-ui/components/u-line/u-line","uview-ui/components/u-line/u-line","True"
"管理端","pageReport/income/businessData.json","zero-loading","/components/zero-loading/zero-loading","components/zero-loading/zero-loading","True"
"管理端","pageReport/income/businessDataDetail.json","ff-bottom-logo","/components/ff-bottom-logo/ff-bottom-logo","components/ff-bottom-logo/ff-bottom-logo","True"
"管理端","pageReport/income/businessDataDetail.json","hint","/pageReport/component/head-hint/head-hint","pageReport/component/head-hint/head-hint","True"
"管理端","pageReport/income/businessDataDetail.json","navigation","/components/navigation/index","components/navigation/index","True"
"管理端","pageReport/income/businessDataDetail.json","u-divider","/uview-ui/components/u-divider/u-divider","uview-ui/components/u-divider/u-divider","True"
"管理端","pageReport/income/businessDataDetail.json","u-gap","/uview-ui/components/u-gap/u-gap","uview-ui/components/u-gap/u-gap","True"
"管理端","pageReport/income/businessDataDetail.json","u-line","/uview-ui/components/u-line/u-line","uview-ui/components/u-line/u-line","True"
"管理端","pageReport/income/businessDataDetail.json","zero-loading","/components/zero-loading/zero-loading","components/zero-loading/zero-loading","True"
"管理端","pageReport/income/businessReportForm.json","ff-bottom-logo","/components/ff-bottom-logo/ff-bottom-logo","components/ff-bottom-logo/ff-bottom-logo","True"
"管理端","pageReport/income/businessReportForm.json","hint","/pageReport/component/head-hint/head-hint","pageReport/component/head-hint/head-hint","True"
"管理端","pageReport/income/businessReportForm.json","navigation","/components/navigation/index","components/navigation/index","True"
"管理端","pageReport/income/businessReportForm.json","u-divider","/uview-ui/components/u-divider/u-divider","uview-ui/components/u-divider/u-divider","True"
"管理端","pageReport/income/businessReportForm.json","u-icon","/uview-ui/components/u-icon/u-icon","uview-ui/components/u-icon/u-icon","True"
"管理端","pageReport/income/businessReportForm.json","u-line","/uview-ui/components/u-line/u-line","uview-ui/components/u-line/u-line","True"
"管理端","pageReport/income/businessReportForm.json","zero-loading","/components/zero-loading/zero-loading","components/zero-loading/zero-loading","True"
"管理端","pageReport/league/details.json","ff-bottom-logo","/components/ff-bottom-logo/ff-bottom-logo","components/ff-bottom-logo/ff-bottom-logo","True"
"管理端","pageReport/league/details.json","navigation","/components/navigation/index","components/navigation/index","True"
"管理端","pageReport/league/details.json","u-divider","/uview-ui/components/u-divider/u-divider","uview-ui/components/u-divider/u-divider","True"
"管理端","pageReport/league/details.json","u-line","/uview-ui/components/u-line/u-line","uview-ui/components/u-line/u-line","True"
"管理端","pageReport/league/details.json","zero-loading","/components/zero-loading/zero-loading","components/zero-loading/zero-loading","True"
"管理端","pageReport/league/statistics.json","ff-bottom-logo","/components/ff-bottom-logo/ff-bottom-logo","components/ff-bottom-logo/ff-bottom-logo","True"
"管理端","pageReport/league/statistics.json","u-divider","/uview-ui/components/u-divider/u-divider","uview-ui/components/u-divider/u-divider","True"
"管理端","pageReport/league/statistics.json","zero-loading","/components/zero-loading/zero-loading","components/zero-loading/zero-loading","True"
"管理端","pageReport/memberAnalyze/allMember.json","ff-bottom-logo","/components/ff-bottom-logo/ff-bottom-logo","components/ff-bottom-logo/ff-bottom-logo","True"
"管理端","pageReport/memberAnalyze/allMember.json","hint","/pageReport/component/head-hint/head-hint","pageReport/component/head-hint/head-hint","True"
"管理端","pageReport/memberAnalyze/allMember.json","member-card","/components/mumber-card/index","components/mumber-card/index","True"
"管理端","pageReport/memberAnalyze/allMember.json","navigation","/components/navigation/index","components/navigation/index","True"
"管理端","pageReport/memberAnalyze/allMember.json","u-divider","/uview-ui/components/u-divider/u-divider","uview-ui/components/u-divider/u-divider","True"
"管理端","pageReport/memberAnalyze/allMember.json","u-icon","/uview-ui/components/u-icon/u-icon","uview-ui/components/u-icon/u-icon","True"
"管理端","pageReport/memberAnalyze/allMember.json","u-line","/uview-ui/components/u-line/u-line","uview-ui/components/u-line/u-line","True"
"管理端","pageReport/memberAnalyze/allMember.json","zero-loading","/components/zero-loading/zero-loading","components/zero-loading/zero-loading","True"
"管理端","pageReport/rank/courseRank.json","calendar-month","/pageReport/component/calendar-month","pageReport/component/calendar-month","True"
"管理端","pageReport/rank/courseRank.json","calendar-year","/pageReport/component/calendar-year","pageReport/component/calendar-year","True"
"管理端","pageReport/rank/courseRank.json","ff-bottom-logo","/components/ff-bottom-logo/ff-bottom-logo","components/ff-bottom-logo/ff-bottom-logo","True"
"管理端","pageReport/rank/courseRank.json","hint","/pageReport/component/head-hint/head-hint","pageReport/component/head-hint/head-hint","True"
"管理端","pageReport/rank/courseRank.json","navigation","/components/navigation/index","components/navigation/index","True"
"管理端","pageReport/rank/courseRank.json","u-divider","/uview-ui/components/u-divider/u-divider","uview-ui/components/u-divider/u-divider","True"
"管理端","pageReport/rank/courseRank.json","u-icon","/uview-ui/components/u-icon/u-icon","uview-ui/components/u-icon/u-icon","True"
"管理端","pageReport/rank/courseRank.json","u-line","/uview-ui/components/u-line/u-line","uview-ui/components/u-line/u-line","True"
"管理端","pageReport/rank/courseRank.json","u-picker","/uview-ui/components/u-picker/u-picker","uview-ui/components/u-picker/u-picker","True"
"管理端","pageReport/rank/courseRank.json","zero-loading","/components/zero-loading/zero-loading","components/zero-loading/zero-loading","True"
"管理端","pageReport/rank/memberCard.json","ff-bottom-logo","/components/ff-bottom-logo/ff-bottom-logo","components/ff-bottom-logo/ff-bottom-logo","True"
"管理端","pageReport/rank/memberCard.json","hint","/pageReport/component/head-hint/head-hint","pageReport/component/head-hint/head-hint","True"
"管理端","pageReport/rank/memberCard.json","member-card","/components/mumber-card/index","components/mumber-card/index","True"
"管理端","pageReport/rank/memberCard.json","navigation","/components/navigation/index","components/navigation/index","True"
"管理端","pageReport/rank/memberCard.json","u-divider","/uview-ui/components/u-divider/u-divider","uview-ui/components/u-divider/u-divider","True"
"管理端","pageReport/rank/memberCard.json","u-icon","/uview-ui/components/u-icon/u-icon","uview-ui/components/u-icon/u-icon","True"
"管理端","pageReport/rank/memberCard.json","u-line","/uview-ui/components/u-line/u-line","uview-ui/components/u-line/u-line","True"
"管理端","pageReport/rank/memberCard.json","zero-loading","/components/zero-loading/zero-loading","components/zero-loading/zero-loading","True"
"管理端","pageReport/rank/memberCardAnalyze.json","ff-bottom-logo","/components/ff-bottom-logo/ff-bottom-logo","components/ff-bottom-logo/ff-bottom-logo","True"
"管理端","pageReport/rank/memberCardAnalyze.json","ff-counts-card","/components/ff-counts-card/ff-counts-card","components/ff-counts-card/ff-counts-card","True"
"管理端","pageReport/rank/memberCardAnalyze.json","ff-date-card","/components/ff-date-card/ff-date-card","components/ff-date-card/ff-date-card","True"
"管理端","pageReport/rank/memberCardAnalyze.json","ff-value-card","/components/ff-value-card/ff-value-card","components/ff-value-card/ff-value-card","True"
"管理端","pageReport/rank/memberCardAnalyze.json","hint","/pageReport/component/head-hint/head-hint","pageReport/component/head-hint/head-hint","True"
"管理端","pageReport/rank/memberCardAnalyze.json","navigation","/components/navigation/index","components/navigation/index","True"
"管理端","pageReport/rank/memberCardAnalyze.json","u-gap","/uview-ui/components/u-gap/u-gap","uview-ui/components/u-gap/u-gap","True"
"管理端","pageReport/rank/memberCardAnalyze.json","u-icon","/uview-ui/components/u-icon/u-icon","uview-ui/components/u-icon/u-icon","True"
"管理端","pageReport/rank/memberCardAnalyze.json","u-line","/uview-ui/components/u-line/u-line","uview-ui/components/u-line/u-line","True"
"管理端","pageReport/rank/memberCardAnalyze.json","zero-loading","/components/zero-loading/zero-loading","components/zero-loading/zero-loading","True"
"管理端","pageReport/rank/memberConsumptionCardRank.json","calendar-month","/pageReport/component/calendar-month","pageReport/component/calendar-month","True"
"管理端","pageReport/rank/memberConsumptionCardRank.json","calendar-year","/pageReport/component/calendar-year","pageReport/component/calendar-year","True"
"管理端","pageReport/rank/memberConsumptionCardRank.json","ff-bottom-logo","/components/ff-bottom-logo/ff-bottom-logo","components/ff-bottom-logo/ff-bottom-logo","True"
"管理端","pageReport/rank/memberConsumptionCardRank.json","hint","/pageReport/component/head-hint/head-hint","pageReport/component/head-hint/head-hint","True"
"管理端","pageReport/rank/memberConsumptionCardRank.json","navigation","/components/navigation/index","components/navigation/index","True"
"管理端","pageReport/rank/memberConsumptionCardRank.json","u-divider","/uview-ui/components/u-divider/u-divider","uview-ui/components/u-divider/u-divider","True"
"管理端","pageReport/rank/memberConsumptionCardRank.json","u-icon","/uview-ui/components/u-icon/u-icon","uview-ui/components/u-icon/u-icon","True"
"管理端","pageReport/rank/memberConsumptionCardRank.json","u-line","/uview-ui/components/u-line/u-line","uview-ui/components/u-line/u-line","True"
"管理端","pageReport/rank/memberConsumptionCardRank.json","u-picker","/uview-ui/components/u-picker/u-picker","uview-ui/components/u-picker/u-picker","True"
"管理端","pageReport/rank/memberConsumptionCardRank.json","zero-loading","/components/zero-loading/zero-loading","components/zero-loading/zero-loading","True"
"管理端","pageReport/rank/memberPointConfig.json","confirm-modal","/components/confirm-modal/confirm-modal","components/confirm-modal/confirm-modal","True"
"管理端","pageReport/rank/memberPointConfig.json","ff-bottom-logo","/components/ff-bottom-logo/ff-bottom-logo","components/ff-bottom-logo/ff-bottom-logo","True"
"管理端","pageReport/rank/memberPointConfig.json","navigation","/components/navigation/index","components/navigation/index","True"
"管理端","pageReport/rank/memberPointConfig.json","u-checkbox","/uview-ui/components/u-checkbox/u-checkbox","uview-ui/components/u-checkbox/u-checkbox","True"
"管理端","pageReport/rank/memberPointConfig.json","u-radio","/uview-ui/components/u-radio/u-radio","uview-ui/components/u-radio/u-radio","True"
"管理端","pageReport/rank/memberPointConfig.json","u-radio-group","/uview-ui/components/u-radio-group/u-radio-group","uview-ui/components/u-radio-group/u-radio-group","True"
"管理端","pageReport/rank/memberPointConfig.json","u-switch","/uview-ui/components/u-switch/u-switch","uview-ui/components/u-switch/u-switch","True"
"管理端","pageReport/rank/memberPointConfig.json","zero-loading","/components/zero-loading/zero-loading","components/zero-loading/zero-loading","True"
"管理端","pageReport/rank/memberPointRank.json","calendar-month","/pageReport/component/calendar-month","pageReport/component/calendar-month","True"
"管理端","pageReport/rank/memberPointRank.json","calendar-year","/pageReport/component/calendar-year","pageReport/component/calendar-year","True"
"管理端","pageReport/rank/memberPointRank.json","ff-bottom-logo","/components/ff-bottom-logo/ff-bottom-logo","components/ff-bottom-logo/ff-bottom-logo","True"
"管理端","pageReport/rank/memberPointRank.json","hint","/pageReport/component/head-hint/head-hint","pageReport/component/head-hint/head-hint","True"
"管理端","pageReport/rank/memberPointRank.json","navigation","/components/navigation/index","components/navigation/index","True"
"管理端","pageReport/rank/memberPointRank.json","u-divider","/uview-ui/components/u-divider/u-divider","uview-ui/components/u-divider/u-divider","True"
"管理端","pageReport/rank/memberPointRank.json","u-icon","/uview-ui/components/u-icon/u-icon","uview-ui/components/u-icon/u-icon","True"
"管理端","pageReport/rank/memberPointRank.json","u-line","/uview-ui/components/u-line/u-line","uview-ui/components/u-line/u-line","True"
"管理端","pageReport/rank/memberPointRank.json","u-picker","/uview-ui/components/u-picker/u-picker","uview-ui/components/u-picker/u-picker","True"
"管理端","pageReport/rank/memberPointRank.json","zero-loading","/components/zero-loading/zero-loading","components/zero-loading/zero-loading","True"
"管理端","pageReport/rank/membershipDetailRank.json","ff-bottom-logo","/components/ff-bottom-logo/ff-bottom-logo","components/ff-bottom-logo/ff-bottom-logo","True"
"管理端","pageReport/rank/membershipDetailRank.json","navigation","/components/navigation/index","components/navigation/index","True"
"管理端","pageReport/rank/membershipDetailRank.json","u-divider","/uview-ui/components/u-divider/u-divider","uview-ui/components/u-divider/u-divider","True"
"管理端","pageReport/rank/membershipDetailRank.json","u-icon","/uview-ui/components/u-icon/u-icon","uview-ui/components/u-icon/u-icon","True"
"管理端","pageReport/rank/membershipDetailRank.json","u-line","/uview-ui/components/u-line/u-line","uview-ui/components/u-line/u-line","True"
"管理端","pageReport/rank/membershipDetailRank.json","zero-loading","/components/zero-loading/zero-loading","components/zero-loading/zero-loading","True"
"管理端","pageReport/rank/membershipRank.json","ff-bottom-logo","/components/ff-bottom-logo/ff-bottom-logo","components/ff-bottom-logo/ff-bottom-logo","True"
"管理端","pageReport/rank/membershipRank.json","navigation","/components/navigation/index","components/navigation/index","True"
"管理端","pageReport/rank/membershipRank.json","zero-loading","/components/zero-loading/zero-loading","components/zero-loading/zero-loading","True"
"管理端","pageReport/rank/rankTop.json","calendar-month","/pageReport/component/calendar-month","pageReport/component/calendar-month","True"
"管理端","pageReport/rank/rankTop.json","calendar-year","/pageReport/component/calendar-year","pageReport/component/calendar-year","True"
"管理端","pageReport/rank/rankTop.json","ff-bottom-logo","/components/ff-bottom-logo/ff-bottom-logo","components/ff-bottom-logo/ff-bottom-logo","True"
"管理端","pageReport/rank/rankTop.json","hint","/pageReport/component/head-hint/head-hint","pageReport/component/head-hint/head-hint","True"
"管理端","pageReport/rank/rankTop.json","navigation","/components/navigation/index","components/navigation/index","True"
"管理端","pageReport/rank/rankTop.json","u-divider","/uview-ui/components/u-divider/u-divider","uview-ui/components/u-divider/u-divider","True"
"管理端","pageReport/rank/rankTop.json","u-icon","/uview-ui/components/u-icon/u-icon","uview-ui/components/u-icon/u-icon","True"
"管理端","pageReport/rank/rankTop.json","u-line","/uview-ui/components/u-line/u-line","uview-ui/components/u-line/u-line","True"
"管理端","pageReport/rank/rankTop.json","u-picker","/uview-ui/components/u-picker/u-picker","uview-ui/components/u-picker/u-picker","True"
"管理端","pageReport/rank/rankTop.json","zero-loading","/components/zero-loading/zero-loading","components/zero-loading/zero-loading","True"
"管理端","pageReport/rank/siteModifyLog.json","ff-bottom-logo","/components/ff-bottom-logo/ff-bottom-logo","components/ff-bottom-logo/ff-bottom-logo","True"
"管理端","pageReport/rank/siteModifyLog.json","navigation-report","/pageReport/component/navigationReport/index","pageReport/component/navigationReport/index","True"
"管理端","pageReport/rank/siteModifyLog.json","popup-top","/pageReport/component/popupTop","pageReport/component/popupTop","True"
"管理端","pageReport/rank/siteModifyLog.json","u-divider","/uview-ui/components/u-divider/u-divider","uview-ui/components/u-divider/u-divider","True"
"管理端","pageReport/rank/siteModifyLog.json","u-icon","/uview-ui/components/u-icon/u-icon","uview-ui/components/u-icon/u-icon","True"
"管理端","pageReport/rank/siteModifyLog.json","u-picker","/uview-ui/components/u-picker/u-picker","uview-ui/components/u-picker/u-picker","True"
"管理端","pageReport/rank/siteModifyLog.json","zero-loading","/components/zero-loading/zero-loading","components/zero-loading/zero-loading","True"
"管理端","pageReport/remind/birthdayRemind.json","ff-bottom-logo","/components/ff-bottom-logo/ff-bottom-logo","components/ff-bottom-logo/ff-bottom-logo","True"
"管理端","pageReport/remind/birthdayRemind.json","hint","/pageReport/component/head-hint/head-hint","pageReport/component/head-hint/head-hint","True"
"管理端","pageReport/remind/birthdayRemind.json","navigation","/components/navigation/index","components/navigation/index","True"
"管理端","pageReport/remind/birthdayRemind.json","u-divider","/uview-ui/components/u-divider/u-divider","uview-ui/components/u-divider/u-divider","True"
"管理端","pageReport/remind/birthdayRemind.json","u-icon","/uview-ui/components/u-icon/u-icon","uview-ui/components/u-icon/u-icon","True"
"管理端","pageReport/remind/birthdayRemind.json","u-line","/uview-ui/components/u-line/u-line","uview-ui/components/u-line/u-line","True"
"管理端","pageReport/remind/birthdayRemind.json","zero-loading","/components/zero-loading/zero-loading","components/zero-loading/zero-loading","True"
"管理端","pageReport/remind/cardExpires.json","ff-bottom-logo","/components/ff-bottom-logo/ff-bottom-logo","components/ff-bottom-logo/ff-bottom-logo","True"
"管理端","pageReport/remind/cardExpires.json","hint","/pageReport/component/head-hint/head-hint","pageReport/component/head-hint/head-hint","True"
"管理端","pageReport/remind/cardExpires.json","member-card","/components/mumber-card/index","components/mumber-card/index","True"
"管理端","pageReport/remind/cardExpires.json","navigation","/components/navigation/index","components/navigation/index","True"
"管理端","pageReport/remind/cardExpires.json","u-divider","/uview-ui/components/u-divider/u-divider","uview-ui/components/u-divider/u-divider","True"
"管理端","pageReport/remind/cardExpires.json","u-icon","/uview-ui/components/u-icon/u-icon","uview-ui/components/u-icon/u-icon","True"
"管理端","pageReport/remind/cardExpires.json","u-line","/uview-ui/components/u-line/u-line","uview-ui/components/u-line/u-line","True"
"管理端","pageReport/remind/cardExpires.json","zero-loading","/components/zero-loading/zero-loading","components/zero-loading/zero-loading","True"
"管理端","pageReport/remind/cardWill.json","ff-bottom-logo","/components/ff-bottom-logo/ff-bottom-logo","components/ff-bottom-logo/ff-bottom-logo","True"
"管理端","pageReport/remind/cardWill.json","hint","/pageReport/component/head-hint/head-hint","pageReport/component/head-hint/head-hint","True"
"管理端","pageReport/remind/cardWill.json","member-card","/components/mumber-card/index","components/mumber-card/index","True"
"管理端","pageReport/remind/cardWill.json","navigation","/components/navigation/index","components/navigation/index","True"
"管理端","pageReport/remind/cardWill.json","u-divider","/uview-ui/components/u-divider/u-divider","uview-ui/components/u-divider/u-divider","True"
"管理端","pageReport/remind/cardWill.json","u-icon","/uview-ui/components/u-icon/u-icon","uview-ui/components/u-icon/u-icon","True"
"管理端","pageReport/remind/cardWill.json","u-line","/uview-ui/components/u-line/u-line","uview-ui/components/u-line/u-line","True"
"管理端","pageReport/remind/cardWill.json","zero-loading","/components/zero-loading/zero-loading","components/zero-loading/zero-loading","True"
"管理端","pageReport/remind/component/cardExpiresSetting.json","ff-bottom-logo","/components/ff-bottom-logo/ff-bottom-logo","components/ff-bottom-logo/ff-bottom-logo","True"
"管理端","pageReport/remind/component/cardExpiresSetting.json","navigation","/components/navigation/index","components/navigation/index","True"
"管理端","pageReport/remind/component/cardExpiresSetting.json","u-input","/uview-ui/components/u-input/u-input","uview-ui/components/u-input/u-input","True"
"管理端","pageReport/remind/component/cardExpiresSetting.json","zero-loading","/components/zero-loading/zero-loading","components/zero-loading/zero-loading","True"
"管理端","pageReport/remind/component/findBalaceZeroSetting.json","ff-bottom-logo","/components/ff-bottom-logo/ff-bottom-logo","components/ff-bottom-logo/ff-bottom-logo","True"
"管理端","pageReport/remind/component/findBalaceZeroSetting.json","navigation","/components/navigation/index","components/navigation/index","True"
"管理端","pageReport/remind/component/findBalaceZeroSetting.json","u-input","/uview-ui/components/u-input/u-input","uview-ui/components/u-input/u-input","True"
"管理端","pageReport/remind/component/findBalaceZeroSetting.json","zero-loading","/components/zero-loading/zero-loading","components/zero-loading/zero-loading","True"
"管理端","pageReport/remind/findBalaceZeroCard.json","ff-bottom-logo","/components/ff-bottom-logo/ff-bottom-logo","components/ff-bottom-logo/ff-bottom-logo","True"
"管理端","pageReport/remind/findBalaceZeroCard.json","hint","/pageReport/component/head-hint/head-hint","pageReport/component/head-hint/head-hint","True"
"管理端","pageReport/remind/findBalaceZeroCard.json","member-card","/components/mumber-card/index","components/mumber-card/index","True"
"管理端","pageReport/remind/findBalaceZeroCard.json","navigation","/components/navigation/index","components/navigation/index","True"
"管理端","pageReport/remind/findBalaceZeroCard.json","u-divider","/uview-ui/components/u-divider/u-divider","uview-ui/components/u-divider/u-divider","True"
"管理端","pageReport/remind/findBalaceZeroCard.json","u-icon","/uview-ui/components/u-icon/u-icon","uview-ui/components/u-icon/u-icon","True"
"管理端","pageReport/remind/findBalaceZeroCard.json","u-line","/uview-ui/components/u-line/u-line","uview-ui/components/u-line/u-line","True"
"管理端","pageReport/remind/findBalaceZeroCard.json","zero-loading","/components/zero-loading/zero-loading","components/zero-loading/zero-loading","True"
"管理端","pageReport/remind/initiationDay.json","ff-bottom-logo","/components/ff-bottom-logo/ff-bottom-logo","components/ff-bottom-logo/ff-bottom-logo","True"
"管理端","pageReport/remind/initiationDay.json","hint","/pageReport/component/head-hint/head-hint","pageReport/component/head-hint/head-hint","True"
"管理端","pageReport/remind/initiationDay.json","navigation","/components/navigation/index","components/navigation/index","True"
"管理端","pageReport/remind/initiationDay.json","u-divider","/uview-ui/components/u-divider/u-divider","uview-ui/components/u-divider/u-divider","True"
"管理端","pageReport/remind/initiationDay.json","u-icon","/uview-ui/components/u-icon/u-icon","uview-ui/components/u-icon/u-icon","True"
"管理端","pageReport/remind/initiationDay.json","u-line","/uview-ui/components/u-line/u-line","uview-ui/components/u-line/u-line","True"
"管理端","pageReport/remind/initiationDay.json","zero-loading","/components/zero-loading/zero-loading","components/zero-loading/zero-loading","True"
"管理端","pageReport/remind/leavedDue.json","ff-bottom-logo","/components/ff-bottom-logo/ff-bottom-logo","components/ff-bottom-logo/ff-bottom-logo","True"
"管理端","pageReport/remind/leavedDue.json","hint","/pageReport/component/head-hint/head-hint","pageReport/component/head-hint/head-hint","True"
"管理端","pageReport/remind/leavedDue.json","member-card","/components/mumber-card/index","components/mumber-card/index","True"
"管理端","pageReport/remind/leavedDue.json","navigation","/components/navigation/index","components/navigation/index","True"
"管理端","pageReport/remind/leavedDue.json","u-divider","/uview-ui/components/u-divider/u-divider","uview-ui/components/u-divider/u-divider","True"
"管理端","pageReport/remind/leavedDue.json","u-icon","/uview-ui/components/u-icon/u-icon","uview-ui/components/u-icon/u-icon","True"
"管理端","pageReport/remind/leavedDue.json","u-line","/uview-ui/components/u-line/u-line","uview-ui/components/u-line/u-line","True"
"管理端","pageReport/remind/leavedDue.json","zero-loading","/components/zero-loading/zero-loading","components/zero-loading/zero-loading","True"
"管理端","pageReport/remind/missClassRemind.json","ff-bottom-logo","/components/ff-bottom-logo/ff-bottom-logo","components/ff-bottom-logo/ff-bottom-logo","True"
"管理端","pageReport/remind/missClassRemind.json","hint","/pageReport/component/head-hint/head-hint","pageReport/component/head-hint/head-hint","True"
"管理端","pageReport/remind/missClassRemind.json","navigation","/components/navigation/index","components/navigation/index","True"
"管理端","pageReport/remind/missClassRemind.json","u-divider","/uview-ui/components/u-divider/u-divider","uview-ui/components/u-divider/u-divider","True"
"管理端","pageReport/remind/missClassRemind.json","u-icon","/uview-ui/components/u-icon/u-icon","uview-ui/components/u-icon/u-icon","True"
"管理端","pageReport/remind/missClassRemind.json","u-line","/uview-ui/components/u-line/u-line","uview-ui/components/u-line/u-line","True"
"管理端","pageReport/remind/missClassRemind.json","zero-loading","/components/zero-loading/zero-loading","components/zero-loading/zero-loading","True"
"管理端","pageReport/remind/penalizeCard.json","ff-bottom-logo","/components/ff-bottom-logo/ff-bottom-logo","components/ff-bottom-logo/ff-bottom-logo","True"
"管理端","pageReport/remind/penalizeCard.json","hint","/pageReport/component/head-hint/head-hint","pageReport/component/head-hint/head-hint","True"
"管理端","pageReport/remind/penalizeCard.json","member-card","/components/mumber-card/index","components/mumber-card/index","True"
"管理端","pageReport/remind/penalizeCard.json","navigation","/components/navigation/index","components/navigation/index","True"
"管理端","pageReport/remind/penalizeCard.json","u-divider","/uview-ui/components/u-divider/u-divider","uview-ui/components/u-divider/u-divider","True"
"管理端","pageReport/remind/penalizeCard.json","u-icon","/uview-ui/components/u-icon/u-icon","uview-ui/components/u-icon/u-icon","True"
"管理端","pageReport/remind/penalizeCard.json","u-line","/uview-ui/components/u-line/u-line","uview-ui/components/u-line/u-line","True"
"管理端","pageReport/remind/penalizeCard.json","zero-loading","/components/zero-loading/zero-loading","components/zero-loading/zero-loading","True"
"管理端","pageReport/remind/visitorRemind.json","ff-bottom-logo","/components/ff-bottom-logo/ff-bottom-logo","components/ff-bottom-logo/ff-bottom-logo","True"
"管理端","pageReport/remind/visitorRemind.json","hint","/pageReport/component/head-hint/head-hint","pageReport/component/head-hint/head-hint","True"
"管理端","pageReport/remind/visitorRemind.json","navigation","/components/navigation/index","components/navigation/index","True"
"管理端","pageReport/remind/visitorRemind.json","u-divider","/uview-ui/components/u-divider/u-divider","uview-ui/components/u-divider/u-divider","True"
"管理端","pageReport/remind/visitorRemind.json","u-icon","/uview-ui/components/u-icon/u-icon","uview-ui/components/u-icon/u-icon","True"
"管理端","pageReport/remind/visitorRemind.json","u-line","/uview-ui/components/u-line/u-line","uview-ui/components/u-line/u-line","True"
"管理端","pageReport/remind/visitorRemind.json","zero-loading","/components/zero-loading/zero-loading","components/zero-loading/zero-loading","True"
"管理端","pageReport/teacherMembership/detailed.json","ff-bottom-logo","/components/ff-bottom-logo/ff-bottom-logo","components/ff-bottom-logo/ff-bottom-logo","True"
"管理端","pageReport/teacherMembership/detailed.json","navigation","/components/navigation/index","components/navigation/index","True"
"管理端","pageReport/teacherMembership/detailed.json","u-divider","/uview-ui/components/u-divider/u-divider","uview-ui/components/u-divider/u-divider","True"
"管理端","pageReport/teacherMembership/detailed.json","u-line","/uview-ui/components/u-line/u-line","uview-ui/components/u-line/u-line","True"
"管理端","pageReport/teacherMembership/detailed.json","u-radio","/uview-ui/components/u-radio/u-radio","uview-ui/components/u-radio/u-radio","True"
"管理端","pageReport/teacherMembership/detailed.json","u-radio-group","/uview-ui/components/u-radio-group/u-radio-group","uview-ui/components/u-radio-group/u-radio-group","True"
"管理端","pageReport/teacherMembership/detailed.json","zero-loading","/components/zero-loading/zero-loading","components/zero-loading/zero-loading","True"
"管理端","pageReport/teacherMembership/memberSalaryType.json","confirm-modal","/components/confirm-modal/confirm-modal","components/confirm-modal/confirm-modal","True"
"管理端","pageReport/teacherMembership/memberSalaryType.json","ff-bottom-logo","/components/ff-bottom-logo/ff-bottom-logo","components/ff-bottom-logo/ff-bottom-logo","True"
"管理端","pageReport/teacherMembership/memberSalaryType.json","navigation","/components/navigation/index","components/navigation/index","True"
"管理端","pageReport/teacherMembership/memberSalaryType.json","u-checkbox","/uview-ui/components/u-checkbox/u-checkbox","uview-ui/components/u-checkbox/u-checkbox","True"
"管理端","pageReport/teacherMembership/memberSalaryType.json","u-icon","/uview-ui/components/u-icon/u-icon","uview-ui/components/u-icon/u-icon","True"
"管理端","pageReport/teacherMembership/memberSalaryType.json","u-switch","/uview-ui/components/u-switch/u-switch","uview-ui/components/u-switch/u-switch","True"
"管理端","pageReport/teacherMembership/memberSalaryType.json","zero-loading","/components/zero-loading/zero-loading","components/zero-loading/zero-loading","True"
"管理端","pageReport/teacherMembership/memberShipSalary.json","calendar-month","/pageReport/component/calendar-month","pageReport/component/calendar-month","True"
"管理端","pageReport/teacherMembership/memberShipSalary.json","calendar-year","/pageReport/component/calendar-year","pageReport/component/calendar-year","True"
"管理端","pageReport/teacherMembership/memberShipSalary.json","ff-bottom-logo","/components/ff-bottom-logo/ff-bottom-logo","components/ff-bottom-logo/ff-bottom-logo","True"
"管理端","pageReport/teacherMembership/memberShipSalary.json","hint","/pageReport/component/head-hint/head-hint","pageReport/component/head-hint/head-hint","True"
"管理端","pageReport/teacherMembership/memberShipSalary.json","navigation","/components/navigation/index","components/navigation/index","True"
"管理端","pageReport/teacherMembership/memberShipSalary.json","u-divider","/uview-ui/components/u-divider/u-divider","uview-ui/components/u-divider/u-divider","True"
"管理端","pageReport/teacherMembership/memberShipSalary.json","u-icon","/uview-ui/components/u-icon/u-icon","uview-ui/components/u-icon/u-icon","True"
"管理端","pageReport/teacherMembership/memberShipSalary.json","u-line","/uview-ui/components/u-line/u-line","uview-ui/components/u-line/u-line","True"
"管理端","pageReport/teacherMembership/memberShipSalary.json","u-picker","/uview-ui/components/u-picker/u-picker","uview-ui/components/u-picker/u-picker","True"
"管理端","pageReport/teacherMembership/memberShipSalary.json","zero-loading","/components/zero-loading/zero-loading","components/zero-loading/zero-loading","True"
"管理端","pageReport/teacherMembership/memberShipSalaryDetail.json","appoint-item","/pages/home/components/appoint-item","pages/home/components/appoint-item","True"
"管理端","pageReport/teacherMembership/memberShipSalaryDetail.json","ff-bottom-logo","/components/ff-bottom-logo/ff-bottom-logo","components/ff-bottom-logo/ff-bottom-logo","True"
"管理端","pageReport/teacherMembership/memberShipSalaryDetail.json","ff-counts-card","/components/ff-counts-card/ff-counts-card","components/ff-counts-card/ff-counts-card","True"
"管理端","pageReport/teacherMembership/memberShipSalaryDetail.json","ff-date-card","/components/ff-date-card/ff-date-card","components/ff-date-card/ff-date-card","True"
"管理端","pageReport/teacherMembership/memberShipSalaryDetail.json","ff-value-card","/components/ff-value-card/ff-value-card","components/ff-value-card/ff-value-card","True"
"管理端","pageReport/teacherMembership/memberShipSalaryDetail.json","member-card","/components/mumber-card/index","components/mumber-card/index","True"
"管理端","pageReport/teacherMembership/memberShipSalaryDetail.json","navigation","/components/navigation/index","components/navigation/index","True"
"管理端","pageReport/teacherMembership/memberShipSalaryDetail.json","u-divider","/uview-ui/components/u-divider/u-divider","uview-ui/components/u-divider/u-divider","True"
"管理端","pageReport/teacherMembership/memberShipSalaryDetail.json","u-icon","/uview-ui/components/u-icon/u-icon","uview-ui/components/u-icon/u-icon","True"
"管理端","pageReport/teacherMembership/memberShipSalaryDetail.json","u-line","/uview-ui/components/u-line/u-line","uview-ui/components/u-line/u-line","True"
"管理端","pageReport/teacherMembership/memberShipSalaryDetail.json","zero-loading","/components/zero-loading/zero-loading","components/zero-loading/zero-loading","True"
"管理端","pageReport/teacherMembership/personalSalary.json","calendar-month","/pageReport/component/calendar-month","pageReport/component/calendar-month","True"
"管理端","pageReport/teacherMembership/personalSalary.json","calendar-year","/pageReport/component/calendar-year","pageReport/component/calendar-year","True"
"管理端","pageReport/teacherMembership/personalSalary.json","ff-bottom-logo","/components/ff-bottom-logo/ff-bottom-logo","components/ff-bottom-logo/ff-bottom-logo","True"
"管理端","pageReport/teacherMembership/personalSalary.json","hint","/pageReport/component/head-hint/head-hint","pageReport/component/head-hint/head-hint","True"
"管理端","pageReport/teacherMembership/personalSalary.json","navigation","/components/navigation/index","components/navigation/index","True"
"管理端","pageReport/teacherMembership/personalSalary.json","u-divider","/uview-ui/components/u-divider/u-divider","uview-ui/components/u-divider/u-divider","True"
"管理端","pageReport/teacherMembership/personalSalary.json","u-icon","/uview-ui/components/u-icon/u-icon","uview-ui/components/u-icon/u-icon","True"
"管理端","pageReport/teacherMembership/personalSalary.json","u-line","/uview-ui/components/u-line/u-line","uview-ui/components/u-line/u-line","True"
"管理端","pageReport/teacherMembership/personalSalary.json","u-picker","/uview-ui/components/u-picker/u-picker","uview-ui/components/u-picker/u-picker","True"
"管理端","pageReport/teacherMembership/personalSalary.json","zero-loading","/components/zero-loading/zero-loading","components/zero-loading/zero-loading","True"
"管理端","pageReport/teacherMembership/personalSalaryDetail.json","appoint-item","/pages/home/components/appoint-item","pages/home/components/appoint-item","True"
"管理端","pageReport/teacherMembership/personalSalaryDetail.json","ff-bottom-logo","/components/ff-bottom-logo/ff-bottom-logo","components/ff-bottom-logo/ff-bottom-logo","True"
"管理端","pageReport/teacherMembership/personalSalaryDetail.json","navigation","/components/navigation/index","components/navigation/index","True"
"管理端","pageReport/teacherMembership/personalSalaryDetail.json","u-divider","/uview-ui/components/u-divider/u-divider","uview-ui/components/u-divider/u-divider","True"
"管理端","pageReport/teacherMembership/personalSalaryDetail.json","u-line","/uview-ui/components/u-line/u-line","uview-ui/components/u-line/u-line","True"
"管理端","pageReport/teacherMembership/personalSalaryDetail.json","zero-loading","/components/zero-loading/zero-loading","components/zero-loading/zero-loading","True"
"管理端","pageReport/teacherMembership/personalSalaryFixedClassHours.json","ff-bottom-logo","/components/ff-bottom-logo/ff-bottom-logo","components/ff-bottom-logo/ff-bottom-logo","True"
"管理端","pageReport/teacherMembership/personalSalaryFixedClassHours.json","navigation","/components/navigation/index","components/navigation/index","True"
"管理端","pageReport/teacherMembership/personalSalaryFixedClassHours.json","quickfill","/pageReport/component/quickfill","pageReport/component/quickfill","True"
"管理端","pageReport/teacherMembership/personalSalaryFixedClassHours.json","u-button","/uview-ui/components/u-button/u-button","uview-ui/components/u-button/u-button","True"
"管理端","pageReport/teacherMembership/personalSalaryFixedClassHours.json","zero-loading","/components/zero-loading/zero-loading","components/zero-loading/zero-loading","True"
"管理端","pageReport/teacherMembership/personalSalaryFixedCourseAmount.json","ff-bottom-logo","/components/ff-bottom-logo/ff-bottom-logo","components/ff-bottom-logo/ff-bottom-logo","True"
"管理端","pageReport/teacherMembership/personalSalaryFixedCourseAmount.json","navigation","/components/navigation/index","components/navigation/index","True"
"管理端","pageReport/teacherMembership/personalSalaryFixedCourseAmount.json","quickfill","/pageReport/component/quickfillCourseAmount","pageReport/component/quickfillCourseAmount","True"
"管理端","pageReport/teacherMembership/personalSalaryFixedCourseAmount.json","u-button","/uview-ui/components/u-button/u-button","uview-ui/components/u-button/u-button","True"
"管理端","pageReport/teacherMembership/personalSalaryFixedCourseAmount.json","zero-loading","/components/zero-loading/zero-loading","components/zero-loading/zero-loading","True"
"管理端","pageReport/teacherMembership/personalSalaryFixedPersonTime.json","ff-bottom-logo","/components/ff-bottom-logo/ff-bottom-logo","components/ff-bottom-logo/ff-bottom-logo","True"
"管理端","pageReport/teacherMembership/personalSalaryFixedPersonTime.json","navigation","/components/navigation/index","components/navigation/index","True"
"管理端","pageReport/teacherMembership/personalSalaryFixedPersonTime.json","quickfill","/pageReport/component/quickfillPersonTime","pageReport/component/quickfillPersonTime","True"
"管理端","pageReport/teacherMembership/personalSalaryFixedPersonTime.json","u-button","/uview-ui/components/u-button/u-button","uview-ui/components/u-button/u-button","True"
"管理端","pageReport/teacherMembership/personalSalaryFixedPersonTime.json","zero-loading","/components/zero-loading/zero-loading","components/zero-loading/zero-loading","True"
"管理端","pageReport/teacherMembership/personalSalarySetting.json","ff-bottom-logo","/components/ff-bottom-logo/ff-bottom-logo","components/ff-bottom-logo/ff-bottom-logo","True"
"管理端","pageReport/teacherMembership/personalSalarySetting.json","navigation","/components/navigation/index","components/navigation/index","True"
"管理端","pageReport/teacherMembership/personalSalarySetting.json","u-divider","/uview-ui/components/u-divider/u-divider","uview-ui/components/u-divider/u-divider","True"
"管理端","pageReport/teacherMembership/personalSalarySetting.json","u-icon","/uview-ui/components/u-icon/u-icon","uview-ui/components/u-icon/u-icon","True"
"管理端","pageReport/teacherMembership/personalSalarySetting.json","u-line","/uview-ui/components/u-line/u-line","uview-ui/components/u-line/u-line","True"
"管理端","pageReport/teacherMembership/personalSalarySetting.json","zero-loading","/components/zero-loading/zero-loading","components/zero-loading/zero-loading","True"
"管理端","pageReport/teacherMembership/personalSalaryType.json","confirm-modal","/components/confirm-modal/confirm-modal","components/confirm-modal/confirm-modal","True"
"管理端","pageReport/teacherMembership/personalSalaryType.json","ff-bottom-logo","/components/ff-bottom-logo/ff-bottom-logo","components/ff-bottom-logo/ff-bottom-logo","True"
"管理端","pageReport/teacherMembership/personalSalaryType.json","navigation","/components/navigation/index","components/navigation/index","True"
"管理端","pageReport/teacherMembership/personalSalaryType.json","u-checkbox","/uview-ui/components/u-checkbox/u-checkbox","uview-ui/components/u-checkbox/u-checkbox","True"
"管理端","pageReport/teacherMembership/personalSalaryType.json","u-radio","/uview-ui/components/u-radio/u-radio","uview-ui/components/u-radio/u-radio","True"
"管理端","pageReport/teacherMembership/personalSalaryType.json","u-radio-group","/uview-ui/components/u-radio-group/u-radio-group","uview-ui/components/u-radio-group/u-radio-group","True"
"管理端","pageReport/teacherMembership/personalSalaryType.json","u-switch","/uview-ui/components/u-switch/u-switch","uview-ui/components/u-switch/u-switch","True"
"管理端","pageReport/teacherMembership/personalSalaryType.json","zero-loading","/components/zero-loading/zero-loading","components/zero-loading/zero-loading","True"
"管理端","pageReport/teacherMembership/staffCourse.json","calendar-month","/pageReport/component/calendar-month","pageReport/component/calendar-month","True"
"管理端","pageReport/teacherMembership/staffCourse.json","calendar-year","/pageReport/component/calendar-year","pageReport/component/calendar-year","True"
"管理端","pageReport/teacherMembership/staffCourse.json","ff-bottom-logo","/components/ff-bottom-logo/ff-bottom-logo","components/ff-bottom-logo/ff-bottom-logo","True"
"管理端","pageReport/teacherMembership/staffCourse.json","hint","/pageReport/component/head-hint/head-hint","pageReport/component/head-hint/head-hint","True"
"管理端","pageReport/teacherMembership/staffCourse.json","navigation","/components/navigation/index","components/navigation/index","True"
"管理端","pageReport/teacherMembership/staffCourse.json","u-divider","/uview-ui/components/u-divider/u-divider","uview-ui/components/u-divider/u-divider","True"
"管理端","pageReport/teacherMembership/staffCourse.json","u-icon","/uview-ui/components/u-icon/u-icon","uview-ui/components/u-icon/u-icon","True"
"管理端","pageReport/teacherMembership/staffCourse.json","u-line","/uview-ui/components/u-line/u-line","uview-ui/components/u-line/u-line","True"
"管理端","pageReport/teacherMembership/staffCourse.json","u-picker","/uview-ui/components/u-picker/u-picker","uview-ui/components/u-picker/u-picker","True"
"管理端","pageReport/teacherMembership/staffCourse.json","zero-loading","/components/zero-loading/zero-loading","components/zero-loading/zero-loading","True"
"管理端","pageReport/userCost/userCost.json","ff-bottom-logo","/components/ff-bottom-logo/ff-bottom-logo","components/ff-bottom-logo/ff-bottom-logo","True"
"管理端","pageReport/userCost/userCost.json","hint","/pageReport/component/head-hint/head-hint","pageReport/component/head-hint/head-hint","True"
"管理端","pageReport/userCost/userCost.json","navigation","/components/navigation/index","components/navigation/index","True"
"管理端","pageReport/userCost/userCost.json","u-divider","/uview-ui/components/u-divider/u-divider","uview-ui/components/u-divider/u-divider","True"
"管理端","pageReport/userCost/userCost.json","u-icon","/uview-ui/components/u-icon/u-icon","uview-ui/components/u-icon/u-icon","True"
"管理端","pageReport/userCost/userCost.json","u-line","/uview-ui/components/u-line/u-line","uview-ui/components/u-line/u-line","True"
"管理端","pageReport/userCost/userCost.json","zero-loading","/components/zero-loading/zero-loading","components/zero-loading/zero-loading","True"
"管理端","pages/course/components/custom-navigation.json","zero-loading","/components/zero-loading/zero-loading","components/zero-loading/zero-loading","True"
"管理端","pages/course/components/week-calendar/week-calendar.json","zero-loading","/components/zero-loading/zero-loading","components/zero-loading/zero-loading","True"
"管理端","pages/course/course.json","custom-navigation","/pages/course/components/custom-navigation","pages/course/components/custom-navigation","True"
"管理端","pages/course/course.json","expired-alert","/components/expiredAlert/expiredAlert","components/expiredAlert/expiredAlert","True"
"管理端","pages/course/course.json","ff-bottom-logo","/components/ff-bottom-logo/ff-bottom-logo","components/ff-bottom-logo/ff-bottom-logo","True"
"管理端","pages/course/course.json","loading-pulse","/components/zero-loading/static/loading-pulse","components/zero-loading/static/loading-pulse","True"
"管理端","pages/course/course.json","nodata","/components/nodata/nodata","components/nodata/nodata","True"
"管理端","pages/course/course.json","u-button","/uview-ui/components/u-button/u-button","uview-ui/components/u-button/u-button","True"
"管理端","pages/course/course.json","u-calendar","/uview-ui/components/u-calendar/u-calendar","uview-ui/components/u-calendar/u-calendar","True"
"管理端","pages/course/course.json","u-icon","/uview-ui/components/u-icon/u-icon","uview-ui/components/u-icon/u-icon","True"
"管理端","pages/course/course.json","u-line","/uview-ui/components/u-line/u-line","uview-ui/components/u-line/u-line","True"
"管理端","pages/course/course.json","week-calendar","/pages/course/components/week-calendar/week-calendar","pages/course/components/week-calendar/week-calendar","True"
"管理端","pages/course/course.json","zero-loading","/components/zero-loading/zero-loading","components/zero-loading/zero-loading","True"
"管理端","pages/home/components/appoint-item.json","confirm-modal","/components/confirm-modal/confirm-modal","components/confirm-modal/confirm-modal","True"
"管理端","pages/home/components/appoint-item.json","remark-order-popup","/components/ff-textarea/ff-textarea","components/ff-textarea/ff-textarea","True"
"管理端","pages/home/components/appoint-item.json","u-line","/uview-ui/components/u-line/u-line","uview-ui/components/u-line/u-line","True"
"管理端","pages/home/components/appoint-item.json","zero-loading","/components/zero-loading/zero-loading","components/zero-loading/zero-loading","True"
"管理端","pages/home/home.json","appoint-item","/pages/home/components/appoint-item","pages/home/components/appoint-item","True"
"管理端","pages/home/home.json","confirm-modal","/components/confirm-modal/confirm-modal","components/confirm-modal/confirm-modal","True"
"管理端","pages/home/home.json","expired-alert","/components/expiredAlert/expiredAlert","components/expiredAlert/expiredAlert","True"
"管理端","pages/home/home.json","ff-bottom-logo","/components/ff-bottom-logo/ff-bottom-logo","components/ff-bottom-logo/ff-bottom-logo","True"
"管理端","pages/home/home.json","loading-pulse","/components/zero-loading/static/loading-pulse","components/zero-loading/static/loading-pulse","True"
"管理端","pages/home/home.json","nodata","/components/nodata/nodata","components/nodata/nodata","True"
"管理端","pages/home/home.json","privacy","/components/privacy/privacy","components/privacy/privacy","True"
"管理端","pages/home/home.json","remark-order-popup","/components/ff-textarea/ff-textarea","components/ff-textarea/ff-textarea","True"
"管理端","pages/home/home.json","u-divider","/uview-ui/components/u-divider/u-divider","uview-ui/components/u-divider/u-divider","True"
"管理端","pages/home/home.json","u-gap","/uview-ui/components/u-gap/u-gap","uview-ui/components/u-gap/u-gap","True"
"管理端","pages/home/home.json","u-line","/uview-ui/components/u-line/u-line","uview-ui/components/u-line/u-line","True"
"管理端","pages/home/home.json","zero-loading","/components/zero-loading/zero-loading","components/zero-loading/zero-loading","True"
"管理端","pages/login/components/mp-weixin.json","u-button","/uview-ui/components/u-button/u-button","uview-ui/components/u-button/u-button","True"
"管理端","pages/login/components/mp-weixin.json","zero-loading","/components/zero-loading/zero-loading","components/zero-loading/zero-loading","True"
"管理端","pages/login/login.json","mpweixin","/pages/login/components/mp-weixin","pages/login/components/mp-weixin","True"
"管理端","pages/login/login.json","zero-loading","/components/zero-loading/zero-loading","components/zero-loading/zero-loading","True"
"管理端","pages/member/components/fixed-btn/index.json","zero-loading","/components/zero-loading/zero-loading","components/zero-loading/zero-loading","True"
"管理端","pages/member/member.json","expired-alert","/components/expiredAlert/expiredAlert","components/expiredAlert/expiredAlert","True"
"管理端","pages/member/member.json","ff-bottom-logo","/components/ff-bottom-logo/ff-bottom-logo","components/ff-bottom-logo/ff-bottom-logo","True"
"管理端","pages/member/member.json","fixed-btn","/pages/member/components/fixed-btn/index","pages/member/components/fixed-btn/index","True"
"管理端","pages/member/member.json","loading-pulse","/components/zero-loading/static/loading-pulse","components/zero-loading/static/loading-pulse","True"
"管理端","pages/member/member.json","member-details","/components/cardToolbox/member-details","components/cardToolbox/member-details","True"
"管理端","pages/member/member.json","u-checkbox","/uview-ui/components/u-checkbox/u-checkbox","uview-ui/components/u-checkbox/u-checkbox","True"
"管理端","pages/member/member.json","u-checkbox-group","/uview-ui/components/u-checkbox-group/u-checkbox-group","uview-ui/components/u-checkbox-group/u-checkbox-group","True"
"管理端","pages/member/member.json","u-gap","/uview-ui/components/u-gap/u-gap","uview-ui/components/u-gap/u-gap","True"
"管理端","pages/member/member.json","u-icon","/uview-ui/components/u-icon/u-icon","uview-ui/components/u-icon/u-icon","True"
"管理端","pages/member/member.json","u-index-anchor","/uview-ui/components/u-index-anchor/u-index-anchor","uview-ui/components/u-index-anchor/u-index-anchor","True"
"管理端","pages/member/member.json","u-index-list","/uview-ui/components/u-index-list/u-index-list","uview-ui/components/u-index-list/u-index-list","True"
"管理端","pages/member/member.json","u-line","/uview-ui/components/u-line/u-line","uview-ui/components/u-line/u-line","True"
"管理端","pages/member/member.json","u-modal","/uview-ui/components/u-modal/u-modal","uview-ui/components/u-modal/u-modal","True"
"管理端","pages/member/member.json","zero-loading","/components/zero-loading/zero-loading","components/zero-loading/zero-loading","True"
"管理端","pages/report/report.json","confirm","/components/confirm-modal/confirm-modal","components/confirm-modal/confirm-modal","True"
"管理端","pages/report/report.json","confirm-modal","/components/confirm-modal/confirm-modal","components/confirm-modal/confirm-modal","True"
"管理端","pages/report/report.json","custom-navigation","/pages/course/components/custom-navigation","pages/course/components/custom-navigation","True"
"管理端","pages/report/report.json","expired-alert","/components/expiredAlert/expiredAlert","components/expiredAlert/expiredAlert","True"
"管理端","pages/report/report.json","ff-bottom-logo","/components/ff-bottom-logo/ff-bottom-logo","components/ff-bottom-logo/ff-bottom-logo","True"
"管理端","pages/report/report.json","nodata","/components/nodata/nodata","components/nodata/nodata","True"
"管理端","pages/report/report.json","u-button","/uview-ui/components/u-button/u-button","uview-ui/components/u-button/u-button","True"
"管理端","pages/report/report.json","u-gap","/uview-ui/components/u-gap/u-gap","uview-ui/components/u-gap/u-gap","True"
"管理端","pages/report/report.json","zero-loading","/components/zero-loading/zero-loading","components/zero-loading/zero-loading","True"
"管理端","pages/shop/authorizationPage/info/index.json","privacy","/components/privacy/privacy","components/privacy/privacy","True"
"管理端","pages/shop/authorizationPage/info/index.json","u-icon","/uview-ui/components/u-icon/u-icon","uview-ui/components/u-icon/u-icon","True"
"管理端","pages/shop/authorizationPage/info/index.json","zero-loading","/components/zero-loading/zero-loading","components/zero-loading/zero-loading","True"
"管理端","pages/shop/authorizationPage/phone/index.json","zero-loading","/components/zero-loading/zero-loading","components/zero-loading/zero-loading","True"
"管理端","pages/shop/shop.json","confirm-modal","/components/confirm-modal/confirm-modal","components/confirm-modal/confirm-modal","True"
"管理端","pages/shop/shop.json","expired-alert","/components/expiredAlert/expiredAlert","components/expiredAlert/expiredAlert","True"
"管理端","pages/shop/shop.json","loading-pulse","/components/zero-loading/static/loading-pulse","components/zero-loading/static/loading-pulse","True"
"管理端","pages/shop/shop.json","nodata","/components/nodata/nodata","components/nodata/nodata","True"
"管理端","pages/shop/shop.json","u-icon","/uview-ui/components/u-icon/u-icon","uview-ui/components/u-icon/u-icon","True"
"管理端","pages/shop/shop.json","zero-loading","/components/zero-loading/zero-loading","components/zero-loading/zero-loading","True"
"管理端","pages/shopOrder/index.json","ff-bottom-logo","/components/ff-bottom-logo/ff-bottom-logo","components/ff-bottom-logo/ff-bottom-logo","True"
"管理端","pages/shopOrder/index.json","navigation","/components/navigation/index","components/navigation/index","True"
"管理端","pages/shopOrder/index.json","zero-loading","/components/zero-loading/zero-loading","components/zero-loading/zero-loading","True"
"管理端","pages/start/index.json","zero-loading","/components/zero-loading/zero-loading","components/zero-loading/zero-loading","True"
"管理端","pagesCourse/components/chosecard.json","ff-popup","/components/ff-popup/ff-popup","components/ff-popup/ff-popup","True"
"管理端","pagesCourse/components/chosecard.json","member-card","/components/mumber-card/index","components/mumber-card/index","True"
"管理端","pagesCourse/components/chosecard.json","u-icon","/uview-ui/components/u-icon/u-icon","uview-ui/components/u-icon/u-icon","True"
"管理端","pagesCourse/components/chosecard.json","u-line","/uview-ui/components/u-line/u-line","uview-ui/components/u-line/u-line","True"
"管理端","pagesCourse/components/chosecard.json","zero-loading","/components/zero-loading/zero-loading","components/zero-loading/zero-loading","True"
"管理端","pagesCourse/components/edit-course.json","ff-popup","/components/ff-popup/ff-popup","components/ff-popup/ff-popup","True"
"管理端","pagesCourse/components/edit-course.json","loading-pulse","/components/zero-loading/static/loading-pulse","components/zero-loading/static/loading-pulse","True"
"管理端","pagesCourse/components/edit-course.json","select-member-card","/pagesCourse/components/select-member-card","pagesCourse/components/select-member-card","True"
"管理端","pagesCourse/components/edit-course.json","u-button","/uview-ui/components/u-button/u-button","uview-ui/components/u-button/u-button","True"
"管理端","pagesCourse/components/edit-course.json","u-calendar","/uview-ui/components/u-calendar/u-calendar","uview-ui/components/u-calendar/u-calendar","True"
"管理端","pagesCourse/components/edit-course.json","week-calendar","/pages/course/components/week-calendar/week-calendar","pages/course/components/week-calendar/week-calendar","True"
"管理端","pagesCourse/components/edit-course.json","zero-loading","/components/zero-loading/zero-loading","components/zero-loading/zero-loading","True"
"管理端","pagesCourse/components/member-search.json","ff-popup","/components/ff-popup/ff-popup","components/ff-popup/ff-popup","True"
"管理端","pagesCourse/components/member-search.json","loading-pulse","/components/zero-loading/static/loading-pulse","components/zero-loading/static/loading-pulse","True"
"管理端","pagesCourse/components/member-search.json","select-member-card","/pagesCourse/components/select-member-card","pagesCourse/components/select-member-card","True"
"管理端","pagesCourse/components/member-search.json","select-time","/pagesCourse/components/select-time","pagesCourse/components/select-time","True"
"管理端","pagesCourse/components/member-search.json","u-icon","/uview-ui/components/u-icon/u-icon","uview-ui/components/u-icon/u-icon","True"
"管理端","pagesCourse/components/member-search.json","u-input","/uview-ui/components/u-input/u-input","uview-ui/components/u-input/u-input","True"
"管理端","pagesCourse/components/member-search.json","zero-loading","/components/zero-loading/zero-loading","components/zero-loading/zero-loading","True"
"管理端","pagesCourse/components/select-member-card.json","chosecard","/pagesCourse/components/chosecard","pagesCourse/components/chosecard","True"
"管理端","pagesCourse/components/select-member-card.json","ff-popup","/components/ff-popup/ff-popup","components/ff-popup/ff-popup","True"
"管理端","pagesCourse/components/select-member-card.json","member-card","/components/mumber-card/index","components/mumber-card/index","True"
"管理端","pagesCourse/components/select-member-card.json","success-modal","/pagesCourse/components/success","pagesCourse/components/success","True"
"管理端","pagesCourse/components/select-member-card.json","u-button","/uview-ui/components/u-button/u-button","uview-ui/components/u-button/u-button","True"
"管理端","pagesCourse/components/select-member-card.json","u-icon","/uview-ui/components/u-icon/u-icon","uview-ui/components/u-icon/u-icon","True"
"管理端","pagesCourse/components/select-member-card.json","u-line","/uview-ui/components/u-line/u-line","uview-ui/components/u-line/u-line","True"
"管理端","pagesCourse/components/select-member-card.json","zero-loading","/components/zero-loading/zero-loading","components/zero-loading/zero-loading","True"
"管理端","pagesCourse/components/select-time.json","ff-popup","/components/ff-popup/ff-popup","components/ff-popup/ff-popup","True"
"管理端","pagesCourse/components/select-time.json","loading-pulse","/components/zero-loading/static/loading-pulse","components/zero-loading/static/loading-pulse","True"
"管理端","pagesCourse/components/select-time.json","select-member-card","/pagesCourse/components/select-member-card","pagesCourse/components/select-member-card","True"
"管理端","pagesCourse/components/select-time.json","u-button","/uview-ui/components/u-button/u-button","uview-ui/components/u-button/u-button","True"
"管理端","pagesCourse/components/select-time.json","u-calendar","/uview-ui/components/u-calendar/u-calendar","uview-ui/components/u-calendar/u-calendar","True"
"管理端","pagesCourse/components/select-time.json","week-calendar","/pages/course/components/week-calendar/week-calendar","pages/course/components/week-calendar/week-calendar","True"
"管理端","pagesCourse/components/select-time.json","zero-loading","/components/zero-loading/zero-loading","components/zero-loading/zero-loading","True"
"管理端","pagesCourse/components/success.json","ff-popup","/components/ff-popup/ff-popup","components/ff-popup/ff-popup","True"
"管理端","pagesCourse/components/success.json","zero-loading","/components/zero-loading/zero-loading","components/zero-loading/zero-loading","True"
"管理端","pagesCourse/components/top-hint/index.json","u-icon","/uview-ui/components/u-icon/u-icon","uview-ui/components/u-icon/u-icon","True"
"管理端","pagesCourse/components/top-hint/index.json","zero-loading","/components/zero-loading/zero-loading","components/zero-loading/zero-loading","True"
"管理端","pagesCourse/home/venue.json","ff-bottom-logo","/components/ff-bottom-logo/ff-bottom-logo","components/ff-bottom-logo/ff-bottom-logo","True"
"管理端","pagesCourse/home/venue.json","navigation","/components/navigation/index","components/navigation/index","True"
"管理端","pagesCourse/home/venue.json","zero-loading","/components/zero-loading/zero-loading","components/zero-loading/zero-loading","True"
"管理端","pagesCourse/index/all-course.json","empty-data","/pagesCourse/index/components/empty-data","pagesCourse/index/components/empty-data","True"
"管理端","pagesCourse/index/all-course.json","ff-bottom-logo","/components/ff-bottom-logo/ff-bottom-logo","components/ff-bottom-logo/ff-bottom-logo","True"
"管理端","pagesCourse/index/all-course.json","navigation","/components/navigation/index","components/navigation/index","True"
"管理端","pagesCourse/index/all-course.json","no-more","/pagesCourse/index/components/no-more","pagesCourse/index/components/no-more","True"
"管理端","pagesCourse/index/all-course.json","subject-card","/pagesCourse/index/components/subject-card","pagesCourse/index/components/subject-card","True"
"管理端","pagesCourse/index/all-course.json","u-icon","/uview-ui/components/u-icon/u-icon","uview-ui/components/u-icon/u-icon","True"
"管理端","pagesCourse/index/all-course.json","u-search","/uview-ui/components/u-search/u-search","uview-ui/components/u-search/u-search","True"
"管理端","pagesCourse/index/all-course.json","zero-loading","/components/zero-loading/zero-loading","components/zero-loading/zero-loading","True"
"管理端","pagesCourse/index/components/clear-timetable.json","confirm-modal","/components/confirm-modal/confirm-modal","components/confirm-modal/confirm-modal","True"
"管理端","pagesCourse/index/components/clear-timetable.json","ff-popup","/components/ff-popup/ff-popup","components/ff-popup/ff-popup","True"
"管理端","pagesCourse/index/components/clear-timetable.json","u-button","/uview-ui/components/u-button/u-button","uview-ui/components/u-button/u-button","True"
"管理端","pagesCourse/index/components/clear-timetable.json","u-calendar","/uview-ui/components/u-calendar/u-calendar","uview-ui/components/u-calendar/u-calendar","True"
"管理端","pagesCourse/index/components/clear-timetable.json","u-checkbox","/uview-ui/components/u-checkbox/u-checkbox","uview-ui/components/u-checkbox/u-checkbox","True"
"管理端","pagesCourse/index/components/clear-timetable.json","zero-loading","/components/zero-loading/zero-loading","components/zero-loading/zero-loading","True"
"管理端","pagesCourse/index/components/copy-timetable.json","confirm-modal","/components/confirm-modal/confirm-modal","components/confirm-modal/confirm-modal","True"
"管理端","pagesCourse/index/components/copy-timetable.json","ff-popup","/components/ff-popup/ff-popup","components/ff-popup/ff-popup","True"
"管理端","pagesCourse/index/components/copy-timetable.json","u-button","/uview-ui/components/u-button/u-button","uview-ui/components/u-button/u-button","True"
"管理端","pagesCourse/index/components/copy-timetable.json","u-calendar","/uview-ui/components/u-calendar/u-calendar","uview-ui/components/u-calendar/u-calendar","True"
"管理端","pagesCourse/index/components/copy-timetable.json","u-checkbox","/uview-ui/components/u-checkbox/u-checkbox","uview-ui/components/u-checkbox/u-checkbox","True"
"管理端","pagesCourse/index/components/copy-timetable.json","zero-loading","/components/zero-loading/zero-loading","components/zero-loading/zero-loading","True"
"管理端","pagesCourse/index/components/course-box.json","zero-loading","/components/zero-loading/zero-loading","components/zero-loading/zero-loading","True"
"管理端","pagesCourse/index/components/course-management.json","confirm-modal","/components/confirm-modal/confirm-modal","components/confirm-modal/confirm-modal","True"
"管理端","pagesCourse/index/components/course-management.json","ff-popup","/components/ff-popup/ff-popup","components/ff-popup/ff-popup","True"
"管理端","pagesCourse/index/components/course-management.json","select-background-color","/pagesCourse/index/components/select-backgroundcolor","pagesCourse/index/components/select-backgroundcolor","True"
"管理端","pagesCourse/index/components/course-management.json","select-courses","/pagesCourse/index/components/select-courses","pagesCourse/index/components/select-courses","True"
"管理端","pagesCourse/index/components/course-management.json","select-time","/pagesCourse/index/components/select-time","pagesCourse/index/components/select-time","True"
"管理端","pagesCourse/index/components/course-management.json","subject-card","/pagesCourse/index/components/subject-card","pagesCourse/index/components/subject-card","True"
"管理端","pagesCourse/index/components/course-management.json","subject-trainer","/pagesCourse/subject/subject-compontent/subject-trainer","pagesCourse/subject/subject-compontent/subject-trainer","True"
"管理端","pagesCourse/index/components/course-management.json","u-col","/uview-ui/components/u-col/u-col","uview-ui/components/u-col/u-col","True"
"管理端","pagesCourse/index/components/course-management.json","u-row","/uview-ui/components/u-row/u-row","uview-ui/components/u-row/u-row","True"
"管理端","pagesCourse/index/components/course-management.json","zero-loading","/components/zero-loading/zero-loading","components/zero-loading/zero-loading","True"
"管理端","pagesCourse/index/components/course-scroll.json","course-box","/pagesCourse/index/components/course-box","pagesCourse/index/components/course-box","True"
"管理端","pagesCourse/index/components/course-scroll.json","u-icon","/uview-ui/components/u-icon/u-icon","uview-ui/components/u-icon/u-icon","True"
"管理端","pagesCourse/index/components/course-scroll.json","zero-loading","/components/zero-loading/zero-loading","components/zero-loading/zero-loading","True"
"管理端","pagesCourse/index/components/download-timetable.json","ff-popup","/components/ff-popup/ff-popup","components/ff-popup/ff-popup","True"
"管理端","pagesCourse/index/components/download-timetable.json","u-button","/uview-ui/components/u-button/u-button","uview-ui/components/u-button/u-button","True"
"管理端","pagesCourse/index/components/download-timetable.json","u-calendar","/uview-ui/components/u-calendar/u-calendar","uview-ui/components/u-calendar/u-calendar","True"
"管理端","pagesCourse/index/components/download-timetable.json","u-line","/uview-ui/components/u-line/u-line","uview-ui/components/u-line/u-line","True"
"管理端","pagesCourse/index/components/download-timetable.json","zero-loading","/components/zero-loading/zero-loading","components/zero-loading/zero-loading","True"
"管理端","pagesCourse/index/components/empty-data.json","zero-loading","/components/zero-loading/zero-loading","components/zero-loading/zero-loading","True"
"管理端","pagesCourse/index/components/no-more.json","u-divider","/uview-ui/components/u-divider/u-divider","uview-ui/components/u-divider/u-divider","True"
"管理端","pagesCourse/index/components/no-more.json","zero-loading","/components/zero-loading/zero-loading","components/zero-loading/zero-loading","True"
"管理端","pagesCourse/index/components/select-backgroundcolor.json","empty-data","/pagesCourse/index/components/empty-data","pagesCourse/index/components/empty-data","True"
"管理端","pagesCourse/index/components/select-backgroundcolor.json","ff-popup","/components/ff-popup/ff-popup","components/ff-popup/ff-popup","True"
"管理端","pagesCourse/index/components/select-backgroundcolor.json","subject-card","/pagesCourse/index/components/subject-card","pagesCourse/index/components/subject-card","True"
"管理端","pagesCourse/index/components/select-backgroundcolor.json","u-button","/uview-ui/components/u-button/u-button","uview-ui/components/u-button/u-button","True"
"管理端","pagesCourse/index/components/select-backgroundcolor.json","u-icon","/uview-ui/components/u-icon/u-icon","uview-ui/components/u-icon/u-icon","True"
"管理端","pagesCourse/index/components/select-backgroundcolor.json","u-radio","/uview-ui/components/u-radio/u-radio","uview-ui/components/u-radio/u-radio","True"
"管理端","pagesCourse/index/components/select-backgroundcolor.json","u-radio-group","/uview-ui/components/u-radio-group/u-radio-group","uview-ui/components/u-radio-group/u-radio-group","True"
"管理端","pagesCourse/index/components/select-backgroundcolor.json","zero-loading","/components/zero-loading/zero-loading","components/zero-loading/zero-loading","True"
"管理端","pagesCourse/index/components/select-courses.json","empty-data","/pagesCourse/index/components/empty-data","pagesCourse/index/components/empty-data","True"
"管理端","pagesCourse/index/components/select-courses.json","ff-popup","/components/ff-popup/ff-popup","components/ff-popup/ff-popup","True"
"管理端","pagesCourse/index/components/select-courses.json","subject-card","/pagesCourse/index/components/subject-card","pagesCourse/index/components/subject-card","True"
"管理端","pagesCourse/index/components/select-courses.json","u-search","/uview-ui/components/u-search/u-search","uview-ui/components/u-search/u-search","True"
"管理端","pagesCourse/index/components/select-courses.json","zero-loading","/components/zero-loading/zero-loading","components/zero-loading/zero-loading","True"
"管理端","pagesCourse/index/components/select-time.json","ff-popup","/components/ff-popup/ff-popup","components/ff-popup/ff-popup","True"
"管理端","pagesCourse/index/components/select-time.json","u-button","/uview-ui/components/u-button/u-button","uview-ui/components/u-button/u-button","True"
"管理端","pagesCourse/index/components/select-time.json","zero-loading","/components/zero-loading/zero-loading","components/zero-loading/zero-loading","True"
"管理端","pagesCourse/index/components/subject-card.json","u-rate","/uview-ui/components/u-rate/u-rate","uview-ui/components/u-rate/u-rate","True"
"管理端","pagesCourse/index/components/subject-card.json","zero-loading","/components/zero-loading/zero-loading","components/zero-loading/zero-loading","True"
"管理端","pagesCourse/index/course-option.json","ff-bottom-logo","/components/ff-bottom-logo/ff-bottom-logo","components/ff-bottom-logo/ff-bottom-logo","True"
"管理端","pagesCourse/index/course-option.json","hint","/pagesCourse/components/top-hint/index","pagesCourse/components/top-hint/index","True"
"管理端","pagesCourse/index/course-option.json","navigation","/components/navigation/index","components/navigation/index","True"
"管理端","pagesCourse/index/course-option.json","u-button","/uview-ui/components/u-button/u-button","uview-ui/components/u-button/u-button","True"
"管理端","pagesCourse/index/course-option.json","u-checkbox","/uview-ui/components/u-checkbox/u-checkbox","uview-ui/components/u-checkbox/u-checkbox","True"
"管理端","pagesCourse/index/course-option.json","u-checkbox-group","/uview-ui/components/u-checkbox-group/u-checkbox-group","uview-ui/components/u-checkbox-group/u-checkbox-group","True"
"管理端","pagesCourse/index/course-option.json","u-mask","/uview-ui/components/u-mask/u-mask","uview-ui/components/u-mask/u-mask","True"
"管理端","pagesCourse/index/course-option.json","u-radio","/uview-ui/components/u-radio/u-radio","uview-ui/components/u-radio/u-radio","True"
"管理端","pagesCourse/index/course-option.json","u-radio-group","/uview-ui/components/u-radio-group/u-radio-group","uview-ui/components/u-radio-group/u-radio-group","True"
"管理端","pagesCourse/index/course-option.json","zero-loading","/components/zero-loading/zero-loading","components/zero-loading/zero-loading","True"
"管理端","pagesCourse/index/course-title.json","ff-bottom-logo","/components/ff-bottom-logo/ff-bottom-logo","components/ff-bottom-logo/ff-bottom-logo","True"
"管理端","pagesCourse/index/course-title.json","hint","/pagesCourse/components/top-hint/index","pagesCourse/components/top-hint/index","True"
"管理端","pagesCourse/index/course-title.json","navigation","/components/navigation/index","components/navigation/index","True"
"管理端","pagesCourse/index/course-title.json","zero-loading","/components/zero-loading/zero-loading","components/zero-loading/zero-loading","True"
"管理端","pagesCourse/index/index.json","clear-timetable","/pagesCourse/index/components/clear-timetable","pagesCourse/index/components/clear-timetable","True"
"管理端","pagesCourse/index/index.json","copy-timetable","/pagesCourse/index/components/copy-timetable","pagesCourse/index/components/copy-timetable","True"
"管理端","pagesCourse/index/index.json","course-management","/pagesCourse/index/components/course-management","pagesCourse/index/components/course-management","True"
"管理端","pagesCourse/index/index.json","course-scroll","/pagesCourse/index/components/course-scroll","pagesCourse/index/components/course-scroll","True"
"管理端","pagesCourse/index/index.json","download-timetable","/pagesCourse/index/components/download-timetable","pagesCourse/index/components/download-timetable","True"
"管理端","pagesCourse/index/index.json","ff-bottom-logo","/components/ff-bottom-logo/ff-bottom-logo","components/ff-bottom-logo/ff-bottom-logo","True"
"管理端","pagesCourse/index/index.json","navigation","/components/navigation/index","components/navigation/index","True"
"管理端","pagesCourse/index/index.json","select-courses","/pagesCourse/index/components/select-courses","pagesCourse/index/components/select-courses","True"
"管理端","pagesCourse/index/index.json","select-time","/pagesCourse/index/components/select-time","pagesCourse/index/components/select-time","True"
"管理端","pagesCourse/index/index.json","zero-loading","/components/zero-loading/zero-loading","components/zero-loading/zero-loading","True"
"管理端","pagesCourse/index/kind-reminder.json","confirm-modal","/components/confirm-modal/confirm-modal","components/confirm-modal/confirm-modal","True"
"管理端","pagesCourse/index/kind-reminder.json","ff-bottom-logo","/components/ff-bottom-logo/ff-bottom-logo","components/ff-bottom-logo/ff-bottom-logo","True"
"管理端","pagesCourse/index/kind-reminder.json","navigation","/components/navigation/index","components/navigation/index","True"
"管理端","pagesCourse/index/kind-reminder.json","zero-loading","/components/zero-loading/zero-loading","components/zero-loading/zero-loading","True"
"管理端","pagesCourse/index/management-schedule.json","confirm-modal","/components/confirm-modal/confirm-modal","components/confirm-modal/confirm-modal","True"
"管理端","pagesCourse/index/management-schedule.json","ff-bottom-logo","/components/ff-bottom-logo/ff-bottom-logo","components/ff-bottom-logo/ff-bottom-logo","True"
"管理端","pagesCourse/index/management-schedule.json","navigation","/components/navigation/index","components/navigation/index","True"
"管理端","pagesCourse/index/management-schedule.json","no-more","/pagesCourse/index/components/no-more","pagesCourse/index/components/no-more","True"
"管理端","pagesCourse/index/management-schedule.json","nodata","/components/nodata/nodata","components/nodata/nodata","True"
"管理端","pagesCourse/index/management-schedule.json","select-courses","/pagesCourse/index/components/select-courses","pagesCourse/index/components/select-courses","True"
"管理端","pagesCourse/index/management-schedule.json","subject-card","/pagesCourse/index/components/subject-card","pagesCourse/index/components/subject-card","True"
"管理端","pagesCourse/index/management-schedule.json","zero-loading","/components/zero-loading/zero-loading","components/zero-loading/zero-loading","True"
"管理端","pagesCourse/leagueClassDetails/index.json","confirm-modal","/pagesCourse/personalTrainerDetails/components/confirm-modal","pagesCourse/personalTrainerDetails/components/confirm-modal","True"
"管理端","pagesCourse/leagueClassDetails/index.json","course-management","/pagesCourse/index/components/course-management","pagesCourse/index/components/course-management","True"
"管理端","pagesCourse/leagueClassDetails/index.json","ff-bottom-logo","/components/ff-bottom-logo/ff-bottom-logo","components/ff-bottom-logo/ff-bottom-logo","True"
"管理端","pagesCourse/leagueClassDetails/index.json","loading-pulse","/components/zero-loading/static/loading-pulse","components/zero-loading/static/loading-pulse","True"
"管理端","pagesCourse/leagueClassDetails/index.json","member-search","/pagesCourse/components/member-search","pagesCourse/components/member-search","True"
"管理端","pagesCourse/leagueClassDetails/index.json","remark-order-popup","/components/ff-textarea/ff-textarea","components/ff-textarea/ff-textarea","True"
"管理端","pagesCourse/leagueClassDetails/index.json","u-button","/uview-ui/components/u-button/u-button","uview-ui/components/u-button/u-button","True"
"管理端","pagesCourse/leagueClassDetails/index.json","u-gap","/uview-ui/components/u-gap/u-gap","uview-ui/components/u-gap/u-gap","True"
"管理端","pagesCourse/leagueClassDetails/index.json","u-icon","/uview-ui/components/u-icon/u-icon","uview-ui/components/u-icon/u-icon","True"
"管理端","pagesCourse/leagueClassDetails/index.json","u-line","/uview-ui/components/u-line/u-line","uview-ui/components/u-line/u-line","True"
"管理端","pagesCourse/leagueClassDetails/index.json","zero-loading","/components/zero-loading/zero-loading","components/zero-loading/zero-loading","True"
"管理端","pagesCourse/personalTrainerDetails/components/confirm-modal.json","u-modal","/uview-ui/components/u-modal/u-modal","uview-ui/components/u-modal/u-modal","True"
"管理端","pagesCourse/personalTrainerDetails/components/confirm-modal.json","zero-loading","/components/zero-loading/zero-loading","components/zero-loading/zero-loading","True"
"管理端","pagesCourse/personalTrainerDetails/index.json","confirm-modal","/pagesCourse/personalTrainerDetails/components/confirm-modal","pagesCourse/personalTrainerDetails/components/confirm-modal","True"
"管理端","pagesCourse/personalTrainerDetails/index.json","course-management","/pagesCourse/index/components/course-management","pagesCourse/index/components/course-management","True"
"管理端","pagesCourse/personalTrainerDetails/index.json","edit-course","/pagesCourse/components/edit-course","pagesCourse/components/edit-course","True"
"管理端","pagesCourse/personalTrainerDetails/index.json","ff-bottom-logo","/components/ff-bottom-logo/ff-bottom-logo","components/ff-bottom-logo/ff-bottom-logo","True"
"管理端","pagesCourse/personalTrainerDetails/index.json","loading-pulse","/components/zero-loading/static/loading-pulse","components/zero-loading/static/loading-pulse","True"
"管理端","pagesCourse/personalTrainerDetails/index.json","member-search","/pagesCourse/components/member-search","pagesCourse/components/member-search","True"
"管理端","pagesCourse/personalTrainerDetails/index.json","remark-order-popup","/components/ff-textarea/ff-textarea","components/ff-textarea/ff-textarea","True"
"管理端","pagesCourse/personalTrainerDetails/index.json","u-divider","/uview-ui/components/u-divider/u-divider","uview-ui/components/u-divider/u-divider","True"
"管理端","pagesCourse/personalTrainerDetails/index.json","u-icon","/uview-ui/components/u-icon/u-icon","uview-ui/components/u-icon/u-icon","True"
"管理端","pagesCourse/personalTrainerDetails/index.json","u-line","/uview-ui/components/u-line/u-line","uview-ui/components/u-line/u-line","True"
"管理端","pagesCourse/personalTrainerDetails/index.json","zero-loading","/components/zero-loading/zero-loading","components/zero-loading/zero-loading","True"
"管理端","pagesCourse/subject/subject-compontent/subject-card.json","u-rate","/uview-ui/components/u-rate/u-rate","uview-ui/components/u-rate/u-rate","True"
"管理端","pagesCourse/subject/subject-compontent/subject-card.json","zero-loading","/components/zero-loading/zero-loading","components/zero-loading/zero-loading","True"
"管理端","pagesCourse/subject/subject-compontent/subject-openrule.json","ff-popup","/components/ff-popup/ff-popup","components/ff-popup/ff-popup","True"
"管理端","pagesCourse/subject/subject-compontent/subject-openrule.json","u-button","/uview-ui/components/u-button/u-button","uview-ui/components/u-button/u-button","True"
"管理端","pagesCourse/subject/subject-compontent/subject-openrule.json","u-radio","/uview-ui/components/u-radio/u-radio","uview-ui/components/u-radio/u-radio","True"
"管理端","pagesCourse/subject/subject-compontent/subject-openrule.json","u-radio-group","/uview-ui/components/u-radio-group/u-radio-group","uview-ui/components/u-radio-group/u-radio-group","True"
"管理端","pagesCourse/subject/subject-compontent/subject-openrule.json","zero-loading","/components/zero-loading/zero-loading","components/zero-loading/zero-loading","True"
"管理端","pagesCourse/subject/subject-compontent/subject-trainer.json","ff-popup","/components/ff-popup/ff-popup","components/ff-popup/ff-popup","True"
"管理端","pagesCourse/subject/subject-compontent/subject-trainer.json","u-icon","/uview-ui/components/u-icon/u-icon","uview-ui/components/u-icon/u-icon","True"
"管理端","pagesCourse/subject/subject-compontent/subject-trainer.json","u-modal","/uview-ui/components/u-modal/u-modal","uview-ui/components/u-modal/u-modal","True"
"管理端","pagesCourse/subject/subject-compontent/subject-trainer.json","zero-loading","/components/zero-loading/zero-loading","components/zero-loading/zero-loading","True"
"管理端","pagesCourse/subject/subject-compontent/suject-choice-card.json","ff-counts-card","/components/ff-counts-card/ff-counts-card","components/ff-counts-card/ff-counts-card","True"
"管理端","pagesCourse/subject/subject-compontent/suject-choice-card.json","ff-date-card","/components/ff-date-card/ff-date-card","components/ff-date-card/ff-date-card","True"
"管理端","pagesCourse/subject/subject-compontent/suject-choice-card.json","ff-popup","/components/ff-popup/ff-popup","components/ff-popup/ff-popup","True"
"管理端","pagesCourse/subject/subject-compontent/suject-choice-card.json","ff-value-card","/components/ff-value-card/ff-value-card","components/ff-value-card/ff-value-card","True"
"管理端","pagesCourse/subject/subject-compontent/suject-choice-card.json","u-button","/uview-ui/components/u-button/u-button","uview-ui/components/u-button/u-button","True"
"管理端","pagesCourse/subject/subject-compontent/suject-choice-card.json","u-checkbox","/uview-ui/components/u-checkbox/u-checkbox","uview-ui/components/u-checkbox/u-checkbox","True"
"管理端","pagesCourse/subject/subject-compontent/suject-choice-card.json","u-icon","/uview-ui/components/u-icon/u-icon","uview-ui/components/u-icon/u-icon","True"
"管理端","pagesCourse/subject/subject-compontent/suject-choice-card.json","u-line","/uview-ui/components/u-line/u-line","uview-ui/components/u-line/u-line","True"
"管理端","pagesCourse/subject/subject-compontent/suject-choice-card.json","u-modal","/uview-ui/components/u-modal/u-modal","uview-ui/components/u-modal/u-modal","True"
"管理端","pagesCourse/subject/subject-compontent/suject-choice-card.json","u-radio","/uview-ui/components/u-radio/u-radio","uview-ui/components/u-radio/u-radio","True"
"管理端","pagesCourse/subject/subject-compontent/suject-choice-card.json","u-radio-group","/uview-ui/components/u-radio-group/u-radio-group","uview-ui/components/u-radio-group/u-radio-group","True"
"管理端","pagesCourse/subject/subject-compontent/suject-choice-card.json","u-row","/uview-ui/components/u-row/u-row","uview-ui/components/u-row/u-row","True"
"管理端","pagesCourse/subject/subject-compontent/suject-choice-card.json","u-switch","/uview-ui/components/u-switch/u-switch","uview-ui/components/u-switch/u-switch","True"
"管理端","pagesCourse/subject/subject-compontent/suject-choice-card.json","zero-loading","/components/zero-loading/zero-loading","components/zero-loading/zero-loading","True"
"管理端","pagesCourse/subject/subject-compontent/suject-classroom.json","ff-popup","/components/ff-popup/ff-popup","components/ff-popup/ff-popup","True"
"管理端","pagesCourse/subject/subject-compontent/suject-classroom.json","u-icon","/uview-ui/components/u-icon/u-icon","uview-ui/components/u-icon/u-icon","True"
"管理端","pagesCourse/subject/subject-compontent/suject-classroom.json","u-input","/uview-ui/components/u-input/u-input","uview-ui/components/u-input/u-input","True"
"管理端","pagesCourse/subject/subject-compontent/suject-classroom.json","zero-loading","/components/zero-loading/zero-loading","components/zero-loading/zero-loading","True"
"管理端","pagesCourse/subject/subject-compontent/tag-popup.json","ff-popup","/components/ff-popup/ff-popup","components/ff-popup/ff-popup","True"
"管理端","pagesCourse/subject/subject-compontent/tag-popup.json","u-icon","/uview-ui/components/u-icon/u-icon","uview-ui/components/u-icon/u-icon","True"
"管理端","pagesCourse/subject/subject-compontent/tag-popup.json","u-input","/uview-ui/components/u-input/u-input","uview-ui/components/u-input/u-input","True"
"管理端","pagesCourse/subject/subject-compontent/tag-popup.json","zero-loading","/components/zero-loading/zero-loading","components/zero-loading/zero-loading","True"
"管理端","pagesCourse/subject/subject-edit.json","confirm-modal","/components/confirm-modal/confirm-modal","components/confirm-modal/confirm-modal","True"
"管理端","pagesCourse/subject/subject-edit.json","ff-bottom-logo","/components/ff-bottom-logo/ff-bottom-logo","components/ff-bottom-logo/ff-bottom-logo","True"
"管理端","pagesCourse/subject/subject-edit.json","navigation","/components/navigation/index","components/navigation/index","True"
"管理端","pagesCourse/subject/subject-edit.json","subject-card","/pagesCourse/subject/subject-compontent/subject-card","pagesCourse/subject/subject-compontent/subject-card","True"
"管理端","pagesCourse/subject/subject-edit.json","subject-openrule","/pagesCourse/subject/subject-compontent/subject-openrule","pagesCourse/subject/subject-compontent/subject-openrule","True"
"管理端","pagesCourse/subject/subject-edit.json","subject-trainer","/pagesCourse/subject/subject-compontent/subject-trainer","pagesCourse/subject/subject-compontent/subject-trainer","True"
"管理端","pagesCourse/subject/subject-edit.json","suject-choice-card","/pagesCourse/subject/subject-compontent/suject-choice-card","pagesCourse/subject/subject-compontent/suject-choice-card","True"
"管理端","pagesCourse/subject/subject-edit.json","suject-classroom","/pagesCourse/subject/subject-compontent/suject-classroom","pagesCourse/subject/subject-compontent/suject-classroom","True"
"管理端","pagesCourse/subject/subject-edit.json","tag-popup","/pagesCourse/subject/subject-compontent/tag-popup","pagesCourse/subject/subject-compontent/tag-popup","True"
"管理端","pagesCourse/subject/subject-edit.json","u-cell-item","/uview-ui/components/u-cell-item/u-cell-item","uview-ui/components/u-cell-item/u-cell-item","True"
"管理端","pagesCourse/subject/subject-edit.json","u-form","/uview-ui/components/u-form/u-form","uview-ui/components/u-form/u-form","True"
"管理端","pagesCourse/subject/subject-edit.json","u-form-item","/uview-ui/components/u-form-item/u-form-item","uview-ui/components/u-form-item/u-form-item","True"
"管理端","pagesCourse/subject/subject-edit.json","u-input","/uview-ui/components/u-input/u-input","uview-ui/components/u-input/u-input","True"
"管理端","pagesCourse/subject/subject-edit.json","u-radio","/uview-ui/components/u-radio/u-radio","uview-ui/components/u-radio/u-radio","True"
"管理端","pagesCourse/subject/subject-edit.json","u-radio-group","/uview-ui/components/u-radio-group/u-radio-group","uview-ui/components/u-radio-group/u-radio-group","True"
"管理端","pagesCourse/subject/subject-edit.json","u-rate","/uview-ui/components/u-rate/u-rate","uview-ui/components/u-rate/u-rate","True"
"管理端","pagesCourse/subject/subject-edit.json","zero-loading","/components/zero-loading/zero-loading","components/zero-loading/zero-loading","True"
"管理端","pageServer/components/info.json","u-button","/uview-ui/components/u-button/u-button","uview-ui/components/u-button/u-button","True"
"管理端","pageServer/components/info.json","zero-loading","/components/zero-loading/zero-loading","components/zero-loading/zero-loading","True"
"管理端","pageServer/components/service-bottom-logo.json","zero-loading","/components/zero-loading/zero-loading","components/zero-loading/zero-loading","True"
"管理端","pageServer/components/service.json","zero-loading","/components/zero-loading/zero-loading","components/zero-loading/zero-loading","True"
"管理端","pageServer/index.json","confirm-modal","/components/confirm-modal/confirm-modal","components/confirm-modal/confirm-modal","True"
"管理端","pageServer/index.json","info","/pageServer/components/info","pageServer/components/info","True"
"管理端","pageServer/index.json","navigation","/components/navigation/index","components/navigation/index","True"
"管理端","pageServer/index.json","service","/pageServer/components/service","pageServer/components/service","True"
"管理端","pageServer/index.json","service-bottom-logo","/pageServer/components/service-bottom-logo","pageServer/components/service-bottom-logo","True"
"管理端","pageServer/index.json","zero-loading","/components/zero-loading/zero-loading","components/zero-loading/zero-loading","True"
"管理端","pageServer/order.json","ff-bottom-logo","/components/ff-bottom-logo/ff-bottom-logo","components/ff-bottom-logo/ff-bottom-logo","True"
"管理端","pageServer/order.json","ff-popup","/components/ff-popup/ff-popup","components/ff-popup/ff-popup","True"
"管理端","pageServer/order.json","info","/pageServer/components/info","pageServer/components/info","True"
"管理端","pageServer/order.json","navigation","/components/navigation/index","components/navigation/index","True"
"管理端","pageServer/order.json","u-button","/uview-ui/components/u-button/u-button","uview-ui/components/u-button/u-button","True"
"管理端","pageServer/order.json","zero-loading","/components/zero-loading/zero-loading","components/zero-loading/zero-loading","True"
"管理端","pageServer/serve-agreement.json","zero-loading","/components/zero-loading/zero-loading","components/zero-loading/zero-loading","True"
"管理端","pageServer/videoHelp/videoHelp.json","ff-bottom-logo","/components/ff-bottom-logo/ff-bottom-logo","components/ff-bottom-logo/ff-bottom-logo","True"
"管理端","pageServer/videoHelp/videoHelp.json","u-icon","/uview-ui/components/u-icon/u-icon","uview-ui/components/u-icon/u-icon","True"
"管理端","pageServer/videoHelp/videoHelp.json","zero-loading","/components/zero-loading/zero-loading","components/zero-loading/zero-loading","True"
"管理端","pagesImp/authorization/components/bottom-img/index.json","u-line","/uview-ui/components/u-line/u-line","uview-ui/components/u-line/u-line","True"
"管理端","pagesImp/authorization/components/bottom-img/index.json","zero-loading","/components/zero-loading/zero-loading","components/zero-loading/zero-loading","True"
"管理端","pagesImp/authorization/error/index.json","bottom-img","/pagesImp/authorization/components/bottom-img/index","pagesImp/authorization/components/bottom-img/index","True"
"管理端","pagesImp/authorization/error/index.json","u-icon","/uview-ui/components/u-icon/u-icon","uview-ui/components/u-icon/u-icon","True"
"管理端","pagesImp/authorization/error/index.json","zero-loading","/components/zero-loading/zero-loading","components/zero-loading/zero-loading","True"
"管理端","pagesImp/authorization/info/index.json","privacy","/components/privacy/privacy","components/privacy/privacy","True"
"管理端","pagesImp/authorization/info/index.json","u-icon","/uview-ui/components/u-icon/u-icon","uview-ui/components/u-icon/u-icon","True"
"管理端","pagesImp/authorization/info/index.json","zero-loading","/components/zero-loading/zero-loading","components/zero-loading/zero-loading","True"
"管理端","pagesImp/authorization/phone/index.json","zero-loading","/components/zero-loading/zero-loading","components/zero-loading/zero-loading","True"
"管理端","pagesImp/authorization/success/index.json","bottom-img","/pagesImp/authorization/components/bottom-img/index","pagesImp/authorization/components/bottom-img/index","True"
"管理端","pagesImp/authorization/success/index.json","u-icon","/uview-ui/components/u-icon/u-icon","uview-ui/components/u-icon/u-icon","True"
"管理端","pagesImp/authorization/success/index.json","zero-loading","/components/zero-loading/zero-loading","components/zero-loading/zero-loading","True"
"管理端","pagesImp/card/card-subject/index.json","card-all-project","/components/card-all-project/index","components/card-all-project/index","True"
"管理端","pagesImp/card/card-subject/index.json","ff-bottom-logo","/components/ff-bottom-logo/ff-bottom-logo","components/ff-bottom-logo/ff-bottom-logo","True"
"管理端","pagesImp/card/card-subject/index.json","ff-counts-card","/components/ff-counts-card/ff-counts-card","components/ff-counts-card/ff-counts-card","True"
"管理端","pagesImp/card/card-subject/index.json","ff-date-card","/components/ff-date-card/ff-date-card","components/ff-date-card/ff-date-card","True"
"管理端","pagesImp/card/card-subject/index.json","ff-value-card","/components/ff-value-card/ff-value-card","components/ff-value-card/ff-value-card","True"
"管理端","pagesImp/card/card-subject/index.json","navigation","/components/navigation/index","components/navigation/index","True"
"管理端","pagesImp/card/card-subject/index.json","u-icon","/uview-ui/components/u-icon/u-icon","uview-ui/components/u-icon/u-icon","True"
"管理端","pagesImp/card/card-subject/index.json","zero-loading","/components/zero-loading/zero-loading","components/zero-loading/zero-loading","True"
"管理端","pagesImp/card/components/absentpunishInfo.json","ff-popup","/components/ff-popup/ff-popup","components/ff-popup/ff-popup","True"
"管理端","pagesImp/card/components/absentpunishInfo.json","u-button","/uview-ui/components/u-button/u-button","uview-ui/components/u-button/u-button","True"
"管理端","pagesImp/card/components/absentpunishInfo.json","u-input","/uview-ui/components/u-input/u-input","uview-ui/components/u-input/u-input","True"
"管理端","pagesImp/card/components/absentpunishInfo.json","u-line","/uview-ui/components/u-line/u-line","uview-ui/components/u-line/u-line","True"
"管理端","pagesImp/card/components/absentpunishInfo.json","u-radio","/uview-ui/components/u-radio/u-radio","uview-ui/components/u-radio/u-radio","True"
"管理端","pagesImp/card/components/absentpunishInfo.json","u-radio-group","/uview-ui/components/u-radio-group/u-radio-group","uview-ui/components/u-radio-group/u-radio-group","True"
"管理端","pagesImp/card/components/absentpunishInfo.json","u-switch","/uview-ui/components/u-switch/u-switch","uview-ui/components/u-switch/u-switch","True"
"管理端","pagesImp/card/components/absentpunishInfo.json","zero-loading","/components/zero-loading/zero-loading","components/zero-loading/zero-loading","True"
"管理端","pagesImp/card/components/activation.json","ff-popup","/components/ff-popup/ff-popup","components/ff-popup/ff-popup","True"
"管理端","pagesImp/card/components/activation.json","u-button","/uview-ui/components/u-button/u-button","uview-ui/components/u-button/u-button","True"
"管理端","pagesImp/card/components/activation.json","u-input","/uview-ui/components/u-input/u-input","uview-ui/components/u-input/u-input","True"
"管理端","pagesImp/card/components/activation.json","u-radio","/uview-ui/components/u-radio/u-radio","uview-ui/components/u-radio/u-radio","True"
"管理端","pagesImp/card/components/activation.json","u-radio-group","/uview-ui/components/u-radio-group/u-radio-group","uview-ui/components/u-radio-group/u-radio-group","True"
"管理端","pagesImp/card/components/activation.json","zero-loading","/components/zero-loading/zero-loading","components/zero-loading/zero-loading","True"
"管理端","pagesImp/card/components/appointment.json","ff-popup","/components/ff-popup/ff-popup","components/ff-popup/ff-popup","True"
"管理端","pagesImp/card/components/appointment.json","u-button","/uview-ui/components/u-button/u-button","uview-ui/components/u-button/u-button","True"
"管理端","pagesImp/card/components/appointment.json","u-input","/uview-ui/components/u-input/u-input","uview-ui/components/u-input/u-input","True"
"管理端","pagesImp/card/components/appointment.json","u-radio","/uview-ui/components/u-radio/u-radio","uview-ui/components/u-radio/u-radio","True"
"管理端","pagesImp/card/components/appointment.json","u-radio-group","/uview-ui/components/u-radio-group/u-radio-group","uview-ui/components/u-radio-group/u-radio-group","True"
"管理端","pagesImp/card/components/appointment.json","zero-loading","/components/zero-loading/zero-loading","components/zero-loading/zero-loading","True"
"管理端","pagesImp/card/components/cancelappointInfo.json","ff-popup","/components/ff-popup/ff-popup","components/ff-popup/ff-popup","True"
"管理端","pagesImp/card/components/cancelappointInfo.json","u-button","/uview-ui/components/u-button/u-button","uview-ui/components/u-button/u-button","True"
"管理端","pagesImp/card/components/cancelappointInfo.json","u-input","/uview-ui/components/u-input/u-input","uview-ui/components/u-input/u-input","True"
"管理端","pagesImp/card/components/cancelappointInfo.json","u-line","/uview-ui/components/u-line/u-line","uview-ui/components/u-line/u-line","True"
"管理端","pagesImp/card/components/cancelappointInfo.json","u-radio","/uview-ui/components/u-radio/u-radio","uview-ui/components/u-radio/u-radio","True"
"管理端","pagesImp/card/components/cancelappointInfo.json","u-radio-group","/uview-ui/components/u-radio-group/u-radio-group","uview-ui/components/u-radio-group/u-radio-group","True"
"管理端","pagesImp/card/components/cancelappointInfo.json","u-switch","/uview-ui/components/u-switch/u-switch","uview-ui/components/u-switch/u-switch","True"
"管理端","pagesImp/card/components/cancelappointInfo.json","zero-loading","/components/zero-loading/zero-loading","components/zero-loading/zero-loading","True"
"管理端","pagesImp/card/components/cardFace.json","ff-popup","/components/ff-popup/ff-popup","components/ff-popup/ff-popup","True"
"管理端","pagesImp/card/components/cardFace.json","zero-loading","/components/zero-loading/zero-loading","components/zero-loading/zero-loading","True"
"管理端","pagesImp/card/components/courseSelect/deductionDays.json","ff-popup","/components/ff-popup/ff-popup","components/ff-popup/ff-popup","True"
"管理端","pagesImp/card/components/courseSelect/deductionDays.json","u-button","/uview-ui/components/u-button/u-button","uview-ui/components/u-button/u-button","True"
"管理端","pagesImp/card/components/courseSelect/deductionDays.json","u-input","/uview-ui/components/u-input/u-input","uview-ui/components/u-input/u-input","True"
"管理端","pagesImp/card/components/courseSelect/deductionDays.json","u-radio","/uview-ui/components/u-radio/u-radio","uview-ui/components/u-radio/u-radio","True"
"管理端","pagesImp/card/components/courseSelect/deductionDays.json","u-radio-group","/uview-ui/components/u-radio-group/u-radio-group","uview-ui/components/u-radio-group/u-radio-group","True"
"管理端","pagesImp/card/components/courseSelect/deductionDays.json","zero-loading","/components/zero-loading/zero-loading","components/zero-loading/zero-loading","True"
"管理端","pagesImp/card/components/courseSelect/more-grcl.json","u-checkbox","/uview-ui/components/u-checkbox/u-checkbox","uview-ui/components/u-checkbox/u-checkbox","True"
"管理端","pagesImp/card/components/courseSelect/more-grcl.json","zero-loading","/components/zero-loading/zero-loading","components/zero-loading/zero-loading","True"
"管理端","pagesImp/card/components/courseSelect/more-priv.json","u-checkbox","/uview-ui/components/u-checkbox/u-checkbox","uview-ui/components/u-checkbox/u-checkbox","True"
"管理端","pagesImp/card/components/courseSelect/more-priv.json","zero-loading","/components/zero-loading/zero-loading","components/zero-loading/zero-loading","True"
"管理端","pagesImp/card/components/courseSelect/single-grcl.json","u-checkbox","/uview-ui/components/u-checkbox/u-checkbox","uview-ui/components/u-checkbox/u-checkbox","True"
"管理端","pagesImp/card/components/courseSelect/single-grcl.json","u-icon","/uview-ui/components/u-icon/u-icon","uview-ui/components/u-icon/u-icon","True"
"管理端","pagesImp/card/components/courseSelect/single-grcl.json","zero-loading","/components/zero-loading/zero-loading","components/zero-loading/zero-loading","True"
"管理端","pagesImp/card/components/courseSelect/single-priv.json","u-checkbox","/uview-ui/components/u-checkbox/u-checkbox","uview-ui/components/u-checkbox/u-checkbox","True"
"管理端","pagesImp/card/components/courseSelect/single-priv.json","u-icon","/uview-ui/components/u-icon/u-icon","uview-ui/components/u-icon/u-icon","True"
"管理端","pagesImp/card/components/courseSelect/single-priv.json","zero-loading","/components/zero-loading/zero-loading","components/zero-loading/zero-loading","True"
"管理端","pagesImp/card/components/efftime.json","ff-popup","/components/ff-popup/ff-popup","components/ff-popup/ff-popup","True"
"管理端","pagesImp/card/components/efftime.json","u-button","/uview-ui/components/u-button/u-button","uview-ui/components/u-button/u-button","True"
"管理端","pagesImp/card/components/efftime.json","u-icon","/uview-ui/components/u-icon/u-icon","uview-ui/components/u-icon/u-icon","True"
"管理端","pagesImp/card/components/efftime.json","zero-loading","/components/zero-loading/zero-loading","components/zero-loading/zero-loading","True"
"管理端","pagesImp/card/components/HM-dragSorts/HM-dragSorts.json","ff-counts-card","/components/ff-counts-card/ff-counts-card","components/ff-counts-card/ff-counts-card","True"
"管理端","pagesImp/card/components/HM-dragSorts/HM-dragSorts.json","ff-date-card","/components/ff-date-card/ff-date-card","components/ff-date-card/ff-date-card","True"
"管理端","pagesImp/card/components/HM-dragSorts/HM-dragSorts.json","ff-value-card","/components/ff-value-card/ff-value-card","components/ff-value-card/ff-value-card","True"
"管理端","pagesImp/card/components/HM-dragSorts/HM-dragSorts.json","zero-loading","/components/zero-loading/zero-loading","components/zero-loading/zero-loading","True"
"管理端","pagesImp/card/components/manyAppointInfo.json","ff-popup","/components/ff-popup/ff-popup","components/ff-popup/ff-popup","True"
"管理端","pagesImp/card/components/manyAppointInfo.json","u-button","/uview-ui/components/u-button/u-button","uview-ui/components/u-button/u-button","True"
"管理端","pagesImp/card/components/manyAppointInfo.json","u-icon","/uview-ui/components/u-icon/u-icon","uview-ui/components/u-icon/u-icon","True"
"管理端","pagesImp/card/components/manyAppointInfo.json","u-input","/uview-ui/components/u-input/u-input","uview-ui/components/u-input/u-input","True"
"管理端","pagesImp/card/components/manyAppointInfo.json","u-radio","/uview-ui/components/u-radio/u-radio","uview-ui/components/u-radio/u-radio","True"
"管理端","pagesImp/card/components/manyAppointInfo.json","u-radio-group","/uview-ui/components/u-radio-group/u-radio-group","uview-ui/components/u-radio-group/u-radio-group","True"
"管理端","pagesImp/card/components/manyAppointInfo.json","zero-loading","/components/zero-loading/zero-loading","components/zero-loading/zero-loading","True"
"管理端","pagesImp/card/components/period/index.json","ff-popup","/components/ff-popup/ff-popup","components/ff-popup/ff-popup","True"
"管理端","pagesImp/card/components/period/index.json","time-popup","/components/time-popup/time-popup","components/time-popup/time-popup","True"
"管理端","pagesImp/card/components/period/index.json","u-button","/uview-ui/components/u-button/u-button","uview-ui/components/u-button/u-button","True"
"管理端","pagesImp/card/components/period/index.json","u-icon","/uview-ui/components/u-icon/u-icon","uview-ui/components/u-icon/u-icon","True"
"管理端","pagesImp/card/components/period/index.json","u-radio","/uview-ui/components/u-radio/u-radio","uview-ui/components/u-radio/u-radio","True"
"管理端","pagesImp/card/components/period/index.json","u-radio-group","/uview-ui/components/u-radio-group/u-radio-group","uview-ui/components/u-radio-group/u-radio-group","True"
"管理端","pagesImp/card/components/period/index.json","zero-loading","/components/zero-loading/zero-loading","components/zero-loading/zero-loading","True"
"管理端","pagesImp/card/components/quantity.json","ff-popup","/components/ff-popup/ff-popup","components/ff-popup/ff-popup","True"
"管理端","pagesImp/card/components/quantity.json","u-button","/uview-ui/components/u-button/u-button","uview-ui/components/u-button/u-button","True"
"管理端","pagesImp/card/components/quantity.json","u-input","/uview-ui/components/u-input/u-input","uview-ui/components/u-input/u-input","True"
"管理端","pagesImp/card/components/quantity.json","u-radio","/uview-ui/components/u-radio/u-radio","uview-ui/components/u-radio/u-radio","True"
"管理端","pagesImp/card/components/quantity.json","u-radio-group","/uview-ui/components/u-radio-group/u-radio-group","uview-ui/components/u-radio-group/u-radio-group","True"
"管理端","pagesImp/card/components/quantity.json","u-switch","/uview-ui/components/u-switch/u-switch","uview-ui/components/u-switch/u-switch","True"
"管理端","pagesImp/card/components/quantity.json","zero-loading","/components/zero-loading/zero-loading","components/zero-loading/zero-loading","True"
"管理端","pagesImp/card/components/quota.json","ff-popup","/components/ff-popup/ff-popup","components/ff-popup/ff-popup","True"
"管理端","pagesImp/card/components/quota.json","u-button","/uview-ui/components/u-button/u-button","uview-ui/components/u-button/u-button","True"
"管理端","pagesImp/card/components/quota.json","u-icon","/uview-ui/components/u-icon/u-icon","uview-ui/components/u-icon/u-icon","True"
"管理端","pagesImp/card/components/quota.json","u-input","/uview-ui/components/u-input/u-input","uview-ui/components/u-input/u-input","True"
"管理端","pagesImp/card/components/quota.json","u-switch","/uview-ui/components/u-switch/u-switch","uview-ui/components/u-switch/u-switch","True"
"管理端","pagesImp/card/components/quota.json","zero-loading","/components/zero-loading/zero-loading","components/zero-loading/zero-loading","True"
"管理端","pagesImp/card/components/timeQuota.json","efftime","/pagesImp/card/components/efftime","pagesImp/card/components/efftime","True"
"管理端","pagesImp/card/components/timeQuota.json","ff-popup","/components/ff-popup/ff-popup","components/ff-popup/ff-popup","True"
"管理端","pagesImp/card/components/timeQuota.json","u-button","/uview-ui/components/u-button/u-button","uview-ui/components/u-button/u-button","True"
"管理端","pagesImp/card/components/timeQuota.json","u-switch","/uview-ui/components/u-switch/u-switch","uview-ui/components/u-switch/u-switch","True"
"管理端","pagesImp/card/components/timeQuota.json","zero-loading","/components/zero-loading/zero-loading","components/zero-loading/zero-loading","True"
"管理端","pagesImp/card/components/usePer.json","ff-popup","/components/ff-popup/ff-popup","components/ff-popup/ff-popup","True"
"管理端","pagesImp/card/components/usePer.json","u-button","/uview-ui/components/u-button/u-button","uview-ui/components/u-button/u-button","True"
"管理端","pagesImp/card/components/usePer.json","u-icon","/uview-ui/components/u-icon/u-icon","uview-ui/components/u-icon/u-icon","True"
"管理端","pagesImp/card/components/usePer.json","u-input","/uview-ui/components/u-input/u-input","uview-ui/components/u-input/u-input","True"
"管理端","pagesImp/card/components/usePer.json","u-radio","/uview-ui/components/u-radio/u-radio","uview-ui/components/u-radio/u-radio","True"
"管理端","pagesImp/card/components/usePer.json","u-radio-group","/uview-ui/components/u-radio-group/u-radio-group","uview-ui/components/u-radio-group/u-radio-group","True"
"管理端","pagesImp/card/components/usePer.json","zero-loading","/components/zero-loading/zero-loading","components/zero-loading/zero-loading","True"
"管理端","pagesImp/card/components/valueQuota/add.json","ff-popup","/components/ff-popup/ff-popup","components/ff-popup/ff-popup","True"
"管理端","pagesImp/card/components/valueQuota/add.json","u-button","/uview-ui/components/u-button/u-button","uview-ui/components/u-button/u-button","True"
"管理端","pagesImp/card/components/valueQuota/add.json","zero-loading","/components/zero-loading/zero-loading","components/zero-loading/zero-loading","True"
"管理端","pagesImp/card/components/valueQuota/index.json","add","/pagesImp/card/components/valueQuota/add","pagesImp/card/components/valueQuota/add","True"
"管理端","pagesImp/card/components/valueQuota/index.json","ff-popup","/components/ff-popup/ff-popup","components/ff-popup/ff-popup","True"
"管理端","pagesImp/card/components/valueQuota/index.json","u-button","/uview-ui/components/u-button/u-button","uview-ui/components/u-button/u-button","True"
"管理端","pagesImp/card/components/valueQuota/index.json","u-input","/uview-ui/components/u-input/u-input","uview-ui/components/u-input/u-input","True"
"管理端","pagesImp/card/components/valueQuota/index.json","u-switch","/uview-ui/components/u-switch/u-switch","uview-ui/components/u-switch/u-switch","True"
"管理端","pagesImp/card/components/valueQuota/index.json","zero-loading","/components/zero-loading/zero-loading","components/zero-loading/zero-loading","True"
"管理端","pagesImp/card/create/create.json","ff-bottom-logo","/components/ff-bottom-logo/ff-bottom-logo","components/ff-bottom-logo/ff-bottom-logo","True"
"管理端","pagesImp/card/create/create.json","zero-loading","/components/zero-loading/zero-loading","components/zero-loading/zero-loading","True"
"管理端","pagesImp/card/home/del-card-tp.json","card-all-project","/components/card-all-project/index","components/card-all-project/index","True"
"管理端","pagesImp/card/home/del-card-tp.json","confirm-modal","/components/confirm-modal/confirm-modal","components/confirm-modal/confirm-modal","True"
"管理端","pagesImp/card/home/del-card-tp.json","ff-bottom-logo","/components/ff-bottom-logo/ff-bottom-logo","components/ff-bottom-logo/ff-bottom-logo","True"
"管理端","pagesImp/card/home/del-card-tp.json","ff-counts-card","/components/ff-counts-card/ff-counts-card","components/ff-counts-card/ff-counts-card","True"
"管理端","pagesImp/card/home/del-card-tp.json","ff-date-card","/components/ff-date-card/ff-date-card","components/ff-date-card/ff-date-card","True"
"管理端","pagesImp/card/home/del-card-tp.json","ff-value-card","/components/ff-value-card/ff-value-card","components/ff-value-card/ff-value-card","True"
"管理端","pagesImp/card/home/del-card-tp.json","navigation","/components/navigation/index","components/navigation/index","True"
"管理端","pagesImp/card/home/del-card-tp.json","zero-loading","/components/zero-loading/zero-loading","components/zero-loading/zero-loading","True"
"管理端","pagesImp/card/home/del-card.json","card-all-project","/components/card-all-project/index","components/card-all-project/index","True"
"管理端","pagesImp/card/home/del-card.json","confirm-modal","/components/confirm-modal/confirm-modal","components/confirm-modal/confirm-modal","True"
"管理端","pagesImp/card/home/del-card.json","ff-bottom-logo","/components/ff-bottom-logo/ff-bottom-logo","components/ff-bottom-logo/ff-bottom-logo","True"
"管理端","pagesImp/card/home/del-card.json","ff-counts-card","/components/ff-counts-card/ff-counts-card","components/ff-counts-card/ff-counts-card","True"
"管理端","pagesImp/card/home/del-card.json","ff-date-card","/components/ff-date-card/ff-date-card","components/ff-date-card/ff-date-card","True"
"管理端","pagesImp/card/home/del-card.json","ff-value-card","/components/ff-value-card/ff-value-card","components/ff-value-card/ff-value-card","True"
"管理端","pagesImp/card/home/del-card.json","navigation","/components/navigation/index","components/navigation/index","True"
"管理端","pagesImp/card/home/del-card.json","zero-loading","/components/zero-loading/zero-loading","components/zero-loading/zero-loading","True"
"管理端","pagesImp/card/home/home.json","card-all-project","/components/card-all-project/index","components/card-all-project/index","True"
"管理端","pagesImp/card/home/home.json","ff-bottom-logo","/components/ff-bottom-logo/ff-bottom-logo","components/ff-bottom-logo/ff-bottom-logo","True"
"管理端","pagesImp/card/home/home.json","ff-counts-card","/components/ff-counts-card/ff-counts-card","components/ff-counts-card/ff-counts-card","True"
"管理端","pagesImp/card/home/home.json","ff-date-card","/components/ff-date-card/ff-date-card","components/ff-date-card/ff-date-card","True"
"管理端","pagesImp/card/home/home.json","ff-value-card","/components/ff-value-card/ff-value-card","components/ff-value-card/ff-value-card","True"
"管理端","pagesImp/card/home/home.json","h-m-drag-sorts","/pagesImp/card/components/HM-dragSorts/HM-dragSorts","pagesImp/card/components/HM-dragSorts/HM-dragSorts","True"
"管理端","pagesImp/card/home/home.json","navigation","/components/navigation/index","components/navigation/index","True"
"管理端","pagesImp/card/home/home.json","u-search","/uview-ui/components/u-search/u-search","uview-ui/components/u-search/u-search","True"
"管理端","pagesImp/card/home/home.json","u-tabs","/uview-ui/components/u-tabs/u-tabs","uview-ui/components/u-tabs/u-tabs","True"
"管理端","pagesImp/card/home/home.json","zero-loading","/components/zero-loading/zero-loading","components/zero-loading/zero-loading","True"
"管理端","pagesImp/card/member-card/index-tp.json","activation","/pagesImp/card/components/activation","pagesImp/card/components/activation","True"
"管理端","pagesImp/card/member-card/index-tp.json","card-all-project","/components/card-all-project/index","components/card-all-project/index","True"
"管理端","pagesImp/card/member-card/index-tp.json","card-face","/pagesImp/card/components/cardFace","pagesImp/card/components/cardFace","True"
"管理端","pagesImp/card/member-card/index-tp.json","confirm-modal","/components/confirm-modal/confirm-modal","components/confirm-modal/confirm-modal","True"
"管理端","pagesImp/card/member-card/index-tp.json","efftime","/pagesImp/card/components/efftime","pagesImp/card/components/efftime","True"
"管理端","pagesImp/card/member-card/index-tp.json","ff-bottom-logo","/components/ff-bottom-logo/ff-bottom-logo","components/ff-bottom-logo/ff-bottom-logo","True"
"管理端","pagesImp/card/member-card/index-tp.json","ff-counts-card","/components/ff-counts-card/ff-counts-card","components/ff-counts-card/ff-counts-card","True"
"管理端","pagesImp/card/member-card/index-tp.json","ff-date-card","/components/ff-date-card/ff-date-card","components/ff-date-card/ff-date-card","True"
"管理端","pagesImp/card/member-card/index-tp.json","ff-value-card","/components/ff-value-card/ff-value-card","components/ff-value-card/ff-value-card","True"
"管理端","pagesImp/card/member-card/index-tp.json","navigation","/components/navigation/index","components/navigation/index","True"
"管理端","pagesImp/card/member-card/index-tp.json","period","/pagesImp/card/components/period/index","pagesImp/card/components/period/index","True"
"管理端","pagesImp/card/member-card/index-tp.json","quantity","/pagesImp/card/components/quantity","pagesImp/card/components/quantity","True"
"管理端","pagesImp/card/member-card/index-tp.json","quota","/pagesImp/card/components/quota","pagesImp/card/components/quota","True"
"管理端","pagesImp/card/member-card/index-tp.json","time-quota","/pagesImp/card/components/timeQuota","pagesImp/card/components/timeQuota","True"
"管理端","pagesImp/card/member-card/index-tp.json","u-cell-group","/uview-ui/components/u-cell-group/u-cell-group","uview-ui/components/u-cell-group/u-cell-group","True"
"管理端","pagesImp/card/member-card/index-tp.json","u-cell-item","/uview-ui/components/u-cell-item/u-cell-item","uview-ui/components/u-cell-item/u-cell-item","True"
"管理端","pagesImp/card/member-card/index-tp.json","u-form","/uview-ui/components/u-form/u-form","uview-ui/components/u-form/u-form","True"
"管理端","pagesImp/card/member-card/index-tp.json","u-form-item","/uview-ui/components/u-form-item/u-form-item","uview-ui/components/u-form-item/u-form-item","True"
"管理端","pagesImp/card/member-card/index-tp.json","u-icon","/uview-ui/components/u-icon/u-icon","uview-ui/components/u-icon/u-icon","True"
"管理端","pagesImp/card/member-card/index-tp.json","u-input","/uview-ui/components/u-input/u-input","uview-ui/components/u-input/u-input","True"
"管理端","pagesImp/card/member-card/index-tp.json","u-tag","/uview-ui/components/u-tag/u-tag","uview-ui/components/u-tag/u-tag","True"
"管理端","pagesImp/card/member-card/index-tp.json","use-per","/pagesImp/card/components/usePer","pagesImp/card/components/usePer","True"
"管理端","pagesImp/card/member-card/index-tp.json","value-quota","/pagesImp/card/components/valueQuota/index","pagesImp/card/components/valueQuota/index","True"
"管理端","pagesImp/card/member-card/index-tp.json","zero-loading","/components/zero-loading/zero-loading","components/zero-loading/zero-loading","True"
"管理端","pagesImp/card/member-card/index.json","absentpunish-info","/pagesImp/card/components/absentpunishInfo","pagesImp/card/components/absentpunishInfo","True"
"管理端","pagesImp/card/member-card/index.json","activation","/pagesImp/card/components/activation","pagesImp/card/components/activation","True"
"管理端","pagesImp/card/member-card/index.json","appointment","/pagesImp/card/components/appointment","pagesImp/card/components/appointment","True"
"管理端","pagesImp/card/member-card/index.json","cancelappoint-info","/pagesImp/card/components/cancelappointInfo","pagesImp/card/components/cancelappointInfo","True"
"管理端","pagesImp/card/member-card/index.json","card-all-project","/components/card-all-project/index","components/card-all-project/index","True"
"管理端","pagesImp/card/member-card/index.json","card-face","/pagesImp/card/components/cardFace","pagesImp/card/components/cardFace","True"
"管理端","pagesImp/card/member-card/index.json","confirm-modal","/components/confirm-modal/confirm-modal","components/confirm-modal/confirm-modal","True"
"管理端","pagesImp/card/member-card/index.json","efftime","/pagesImp/card/components/efftime","pagesImp/card/components/efftime","True"
"管理端","pagesImp/card/member-card/index.json","ff-bottom-logo","/components/ff-bottom-logo/ff-bottom-logo","components/ff-bottom-logo/ff-bottom-logo","True"
"管理端","pagesImp/card/member-card/index.json","ff-counts-card","/components/ff-counts-card/ff-counts-card","components/ff-counts-card/ff-counts-card","True"
"管理端","pagesImp/card/member-card/index.json","ff-date-card","/components/ff-date-card/ff-date-card","components/ff-date-card/ff-date-card","True"
"管理端","pagesImp/card/member-card/index.json","ff-value-card","/components/ff-value-card/ff-value-card","components/ff-value-card/ff-value-card","True"
"管理端","pagesImp/card/member-card/index.json","legal","/pagesImp/components/ff-editor/ff-editor","pagesImp/components/ff-editor/ff-editor","True"
"管理端","pagesImp/card/member-card/index.json","many-appoint-info","/pagesImp/card/components/manyAppointInfo","pagesImp/card/components/manyAppointInfo","True"
"管理端","pagesImp/card/member-card/index.json","navigation","/components/navigation/index","components/navigation/index","True"
"管理端","pagesImp/card/member-card/index.json","period","/pagesImp/card/components/period/index","pagesImp/card/components/period/index","True"
"管理端","pagesImp/card/member-card/index.json","quantity","/pagesImp/card/components/quantity","pagesImp/card/components/quantity","True"
"管理端","pagesImp/card/member-card/index.json","quota","/pagesImp/card/components/quota","pagesImp/card/components/quota","True"
"管理端","pagesImp/card/member-card/index.json","time-quota","/pagesImp/card/components/timeQuota","pagesImp/card/components/timeQuota","True"
"管理端","pagesImp/card/member-card/index.json","u-cell-group","/uview-ui/components/u-cell-group/u-cell-group","uview-ui/components/u-cell-group/u-cell-group","True"
"管理端","pagesImp/card/member-card/index.json","u-cell-item","/uview-ui/components/u-cell-item/u-cell-item","uview-ui/components/u-cell-item/u-cell-item","True"
"管理端","pagesImp/card/member-card/index.json","u-form","/uview-ui/components/u-form/u-form","uview-ui/components/u-form/u-form","True"
"管理端","pagesImp/card/member-card/index.json","u-form-item","/uview-ui/components/u-form-item/u-form-item","uview-ui/components/u-form-item/u-form-item","True"
"管理端","pagesImp/card/member-card/index.json","u-input","/uview-ui/components/u-input/u-input","uview-ui/components/u-input/u-input","True"
"管理端","pagesImp/card/member-card/index.json","u-subsection","/uview-ui/components/u-subsection/u-subsection","uview-ui/components/u-subsection/u-subsection","True"
"管理端","pagesImp/card/member-card/index.json","u-tag","/uview-ui/components/u-tag/u-tag","uview-ui/components/u-tag/u-tag","True"
"管理端","pagesImp/card/member-card/index.json","use-per","/pagesImp/card/components/usePer","pagesImp/card/components/usePer","True"
"管理端","pagesImp/card/member-card/index.json","value-quota","/pagesImp/card/components/valueQuota/index","pagesImp/card/components/valueQuota/index","True"
"管理端","pagesImp/card/member-card/index.json","zero-loading","/components/zero-loading/zero-loading","components/zero-loading/zero-loading","True"
"管理端","pagesImp/card/setting-more-subject/index.json","deduction-days","/pagesImp/card/components/courseSelect/deductionDays","pagesImp/card/components/courseSelect/deductionDays","True"
"管理端","pagesImp/card/setting-more-subject/index.json","ff-bottom-logo","/components/ff-bottom-logo/ff-bottom-logo","components/ff-bottom-logo/ff-bottom-logo","True"
"管理端","pagesImp/card/setting-more-subject/index.json","more-grcl","/pagesImp/card/components/courseSelect/more-grcl","pagesImp/card/components/courseSelect/more-grcl","True"
"管理端","pagesImp/card/setting-more-subject/index.json","more-priv","/pagesImp/card/components/courseSelect/more-priv","pagesImp/card/components/courseSelect/more-priv","True"
"管理端","pagesImp/card/setting-more-subject/index.json","navigation","/components/navigation/index","components/navigation/index","True"
"管理端","pagesImp/card/setting-more-subject/index.json","u-button","/uview-ui/components/u-button/u-button","uview-ui/components/u-button/u-button","True"
"管理端","pagesImp/card/setting-more-subject/index.json","zero-loading","/components/zero-loading/zero-loading","components/zero-loading/zero-loading","True"
"管理端","pagesImp/card/setting-single-subject/index.json","deduction-days","/pagesImp/card/components/courseSelect/deductionDays","pagesImp/card/components/courseSelect/deductionDays","True"
"管理端","pagesImp/card/setting-single-subject/index.json","ff-bottom-logo","/components/ff-bottom-logo/ff-bottom-logo","components/ff-bottom-logo/ff-bottom-logo","True"
"管理端","pagesImp/card/setting-single-subject/index.json","ff-counts-card","/components/ff-counts-card/ff-counts-card","components/ff-counts-card/ff-counts-card","True"
"管理端","pagesImp/card/setting-single-subject/index.json","ff-date-card","/components/ff-date-card/ff-date-card","components/ff-date-card/ff-date-card","True"
"管理端","pagesImp/card/setting-single-subject/index.json","ff-value-card","/components/ff-value-card/ff-value-card","components/ff-value-card/ff-value-card","True"
"管理端","pagesImp/card/setting-single-subject/index.json","navigation","/components/navigation/index","components/navigation/index","True"
"管理端","pagesImp/card/setting-single-subject/index.json","single-grcl","/pagesImp/card/components/courseSelect/single-grcl","pagesImp/card/components/courseSelect/single-grcl","True"
"管理端","pagesImp/card/setting-single-subject/index.json","single-priv","/pagesImp/card/components/courseSelect/single-priv","pagesImp/card/components/courseSelect/single-priv","True"
"管理端","pagesImp/card/setting-single-subject/index.json","u-button","/uview-ui/components/u-button/u-button","uview-ui/components/u-button/u-button","True"
"管理端","pagesImp/card/setting-single-subject/index.json","zero-loading","/components/zero-loading/zero-loading","components/zero-loading/zero-loading","True"
"管理端","pagesImp/components/ff-editor/ff-editor.json","ff-popup","/components/ff-popup/ff-popup","components/ff-popup/ff-popup","True"
"管理端","pagesImp/components/ff-editor/ff-editor.json","u-button","/uview-ui/components/u-button/u-button","uview-ui/components/u-button/u-button","True"
"管理端","pagesImp/components/ff-editor/ff-editor.json","zero-loading","/components/zero-loading/zero-loading","components/zero-loading/zero-loading","True"
"管理端","pagesImp/components/nodata/nodatalongword.json","zero-loading","/components/zero-loading/zero-loading","components/zero-loading/zero-loading","True"
"管理端","pagesImp/QRcode/QRcode.json","zero-loading","/components/zero-loading/zero-loading","components/zero-loading/zero-loading","True"
"管理端","pagesImp/shop/setting/personal/nickname-edit.json","ff-bottom-logo","/components/ff-bottom-logo/ff-bottom-logo","components/ff-bottom-logo/ff-bottom-logo","True"
"管理端","pagesImp/shop/setting/personal/nickname-edit.json","navigation","/components/navigation/index","components/navigation/index","True"
"管理端","pagesImp/shop/setting/personal/nickname-edit.json","u-form","/uview-ui/components/u-form/u-form","uview-ui/components/u-form/u-form","True"
"管理端","pagesImp/shop/setting/personal/nickname-edit.json","u-form-item","/uview-ui/components/u-form-item/u-form-item","uview-ui/components/u-form-item/u-form-item","True"
"管理端","pagesImp/shop/setting/personal/nickname-edit.json","u-input","/uview-ui/components/u-input/u-input","uview-ui/components/u-input/u-input","True"
"管理端","pagesImp/shop/setting/personal/nickname-edit.json","zero-loading","/components/zero-loading/zero-loading","components/zero-loading/zero-loading","True"
"管理端","pagesImp/shop/setting/personal/personal.json","ff-bottom-logo","/components/ff-bottom-logo/ff-bottom-logo","components/ff-bottom-logo/ff-bottom-logo","True"
"管理端","pagesImp/shop/setting/personal/personal.json","navigation","/components/navigation/index","components/navigation/index","True"
"管理端","pagesImp/shop/setting/personal/personal.json","u-icon","/uview-ui/components/u-icon/u-icon","uview-ui/components/u-icon/u-icon","True"
"管理端","pagesImp/shop/setting/personal/personal.json","u-line","/uview-ui/components/u-line/u-line","uview-ui/components/u-line/u-line","True"
"管理端","pagesImp/shop/setting/personal/personal.json","zero-loading","/components/zero-loading/zero-loading","components/zero-loading/zero-loading","True"
"管理端","pagesImp/shop/setting/personal/phone-edit.json","ff-bottom-logo","/components/ff-bottom-logo/ff-bottom-logo","components/ff-bottom-logo/ff-bottom-logo","True"
"管理端","pagesImp/shop/setting/personal/phone-edit.json","navigation","/components/navigation/index","components/navigation/index","True"
"管理端","pagesImp/shop/setting/personal/phone-edit.json","u-form","/uview-ui/components/u-form/u-form","uview-ui/components/u-form/u-form","True"
"管理端","pagesImp/shop/setting/personal/phone-edit.json","u-form-item","/uview-ui/components/u-form-item/u-form-item","uview-ui/components/u-form-item/u-form-item","True"
"管理端","pagesImp/shop/setting/personal/phone-edit.json","u-input","/uview-ui/components/u-input/u-input","uview-ui/components/u-input/u-input","True"
"管理端","pagesImp/shop/setting/personal/phone-edit.json","zero-loading","/components/zero-loading/zero-loading","components/zero-loading/zero-loading","True"
"管理端","pagesImp/shop/setting/store/store-setting.json","ff-bottom-logo","/components/ff-bottom-logo/ff-bottom-logo","components/ff-bottom-logo/ff-bottom-logo","True"
"管理端","pagesImp/shop/setting/store/store-setting.json","navigation","/components/navigation/index","components/navigation/index","True"
"管理端","pagesImp/shop/setting/store/store-setting.json","time-popup","/components/time-popup/time-popup","components/time-popup/time-popup","True"
"管理端","pagesImp/shop/setting/store/store-setting.json","u-button","/uview-ui/components/u-button/u-button","uview-ui/components/u-button/u-button","True"
"管理端","pagesImp/shop/setting/store/store-setting.json","u-form","/uview-ui/components/u-form/u-form","uview-ui/components/u-form/u-form","True"
"管理端","pagesImp/shop/setting/store/store-setting.json","u-form-item","/uview-ui/components/u-form-item/u-form-item","uview-ui/components/u-form-item/u-form-item","True"
"管理端","pagesImp/shop/setting/store/store-setting.json","u-icon","/uview-ui/components/u-icon/u-icon","uview-ui/components/u-icon/u-icon","True"
"管理端","pagesImp/shop/setting/store/store-setting.json","u-input","/uview-ui/components/u-input/u-input","uview-ui/components/u-input/u-input","True"
"管理端","pagesImp/shop/setting/store/store-setting.json","u-line","/uview-ui/components/u-line/u-line","uview-ui/components/u-line/u-line","True"
"管理端","pagesImp/shop/setting/store/store-setting.json","u-select","/uview-ui/components/u-select/u-select","uview-ui/components/u-select/u-select","True"
"管理端","pagesImp/shop/setting/store/store-setting.json","zero-loading","/components/zero-loading/zero-loading","components/zero-loading/zero-loading","True"
"管理端","pagesImp/shop/staff/components/identity-popup.json","ff-popup","/components/ff-popup/ff-popup","components/ff-popup/ff-popup","True"
"管理端","pagesImp/shop/staff/components/identity-popup.json","u-button","/uview-ui/components/u-button/u-button","uview-ui/components/u-button/u-button","True"
"管理端","pagesImp/shop/staff/components/identity-popup.json","u-line","/uview-ui/components/u-line/u-line","uview-ui/components/u-line/u-line","True"
"管理端","pagesImp/shop/staff/components/identity-popup.json","u-switch","/uview-ui/components/u-switch/u-switch","uview-ui/components/u-switch/u-switch","True"
"管理端","pagesImp/shop/staff/components/identity-popup.json","zero-loading","/components/zero-loading/zero-loading","components/zero-loading/zero-loading","True"
"管理端","pagesImp/shop/staff/components/permission-popup.json","ff-popup","/components/ff-popup/ff-popup","components/ff-popup/ff-popup","True"
"管理端","pagesImp/shop/staff/components/permission-popup.json","u-button","/uview-ui/components/u-button/u-button","uview-ui/components/u-button/u-button","True"
"管理端","pagesImp/shop/staff/components/permission-popup.json","u-icon","/uview-ui/components/u-icon/u-icon","uview-ui/components/u-icon/u-icon","True"
"管理端","pagesImp/shop/staff/components/permission-popup.json","u-line","/uview-ui/components/u-line/u-line","uview-ui/components/u-line/u-line","True"
"管理端","pagesImp/shop/staff/components/permission-popup.json","u-radio","/uview-ui/components/u-radio/u-radio","uview-ui/components/u-radio/u-radio","True"
"管理端","pagesImp/shop/staff/components/permission-popup.json","u-radio-group","/uview-ui/components/u-radio-group/u-radio-group","uview-ui/components/u-radio-group/u-radio-group","True"
"管理端","pagesImp/shop/staff/components/permission-popup.json","u-switch","/uview-ui/components/u-switch/u-switch","uview-ui/components/u-switch/u-switch","True"
"管理端","pagesImp/shop/staff/components/permission-popup.json","zero-loading","/components/zero-loading/zero-loading","components/zero-loading/zero-loading","True"
"管理端","pagesImp/shop/staff/invited-share.json","ff-bottom-logo","/components/ff-bottom-logo/ff-bottom-logo","components/ff-bottom-logo/ff-bottom-logo","True"
"管理端","pagesImp/shop/staff/invited-share.json","navigation","/components/navigation/index","components/navigation/index","True"
"管理端","pagesImp/shop/staff/invited-share.json","zero-loading","/components/zero-loading/zero-loading","components/zero-loading/zero-loading","True"
"管理端","pagesImp/shop/staff/staff-edit.json","confirm-modal","/components/confirm-modal/confirm-modal","components/confirm-modal/confirm-modal","True"
"管理端","pagesImp/shop/staff/staff-edit.json","ff-bottom-logo","/components/ff-bottom-logo/ff-bottom-logo","components/ff-bottom-logo/ff-bottom-logo","True"
"管理端","pagesImp/shop/staff/staff-edit.json","identity-popup","/pagesImp/shop/staff/components/identity-popup","pagesImp/shop/staff/components/identity-popup","True"
"管理端","pagesImp/shop/staff/staff-edit.json","navigation","/components/navigation/index","components/navigation/index","True"
"管理端","pagesImp/shop/staff/staff-edit.json","permission-popup","/pagesImp/shop/staff/components/permission-popup","pagesImp/shop/staff/components/permission-popup","True"
"管理端","pagesImp/shop/staff/staff-edit.json","u-action-sheet","/uview-ui/components/u-action-sheet/u-action-sheet","uview-ui/components/u-action-sheet/u-action-sheet","True"
"管理端","pagesImp/shop/staff/staff-edit.json","u-cell-item","/uview-ui/components/u-cell-item/u-cell-item","uview-ui/components/u-cell-item/u-cell-item","True"
"管理端","pagesImp/shop/staff/staff-edit.json","u-checkbox","/uview-ui/components/u-checkbox/u-checkbox","uview-ui/components/u-checkbox/u-checkbox","True"
"管理端","pagesImp/shop/staff/staff-edit.json","u-checkbox-group","/uview-ui/components/u-checkbox-group/u-checkbox-group","uview-ui/components/u-checkbox-group/u-checkbox-group","True"
"管理端","pagesImp/shop/staff/staff-edit.json","u-form","/uview-ui/components/u-form/u-form","uview-ui/components/u-form/u-form","True"
"管理端","pagesImp/shop/staff/staff-edit.json","u-form-item","/uview-ui/components/u-form-item/u-form-item","uview-ui/components/u-form-item/u-form-item","True"
"管理端","pagesImp/shop/staff/staff-edit.json","u-input","/uview-ui/components/u-input/u-input","uview-ui/components/u-input/u-input","True"
"管理端","pagesImp/shop/staff/staff-edit.json","u-modal","/uview-ui/components/u-modal/u-modal","uview-ui/components/u-modal/u-modal","True"
"管理端","pagesImp/shop/staff/staff-edit.json","u-subsection","/uview-ui/components/u-subsection/u-subsection","uview-ui/components/u-subsection/u-subsection","True"
"管理端","pagesImp/shop/staff/staff-edit.json","zero-loading","/components/zero-loading/zero-loading","components/zero-loading/zero-loading","True"
"管理端","pagesImp/shop/staff/staff.json","ff-bottom-logo","/components/ff-bottom-logo/ff-bottom-logo","components/ff-bottom-logo/ff-bottom-logo","True"
"管理端","pagesImp/shop/staff/staff.json","navigation","/components/navigation/index","components/navigation/index","True"
"管理端","pagesImp/shop/staff/staff.json","u-icon","/uview-ui/components/u-icon/u-icon","uview-ui/components/u-icon/u-icon","True"
"管理端","pagesImp/shop/staff/staff.json","u-line","/uview-ui/components/u-line/u-line","uview-ui/components/u-line/u-line","True"
"管理端","pagesImp/shop/staff/staff.json","zero-loading","/components/zero-loading/zero-loading","components/zero-loading/zero-loading","True"
"管理端","pagesImp/subject/subject-compontent/card-face.json","ff-popup","/components/ff-popup/ff-popup","components/ff-popup/ff-popup","True"
"管理端","pagesImp/subject/subject-compontent/card-face.json","zero-loading","/components/zero-loading/zero-loading","components/zero-loading/zero-loading","True"
"管理端","pagesImp/subject/subject-compontent/subject-card.json","u-rate","/uview-ui/components/u-rate/u-rate","uview-ui/components/u-rate/u-rate","True"
"管理端","pagesImp/subject/subject-compontent/subject-card.json","zero-loading","/components/zero-loading/zero-loading","components/zero-loading/zero-loading","True"
"管理端","pagesImp/subject/subject-compontent/subject-openrule.json","ff-popup","/components/ff-popup/ff-popup","components/ff-popup/ff-popup","True"
"管理端","pagesImp/subject/subject-compontent/subject-openrule.json","u-button","/uview-ui/components/u-button/u-button","uview-ui/components/u-button/u-button","True"
"管理端","pagesImp/subject/subject-compontent/subject-openrule.json","u-radio","/uview-ui/components/u-radio/u-radio","uview-ui/components/u-radio/u-radio","True"
"管理端","pagesImp/subject/subject-compontent/subject-openrule.json","u-radio-group","/uview-ui/components/u-radio-group/u-radio-group","uview-ui/components/u-radio-group/u-radio-group","True"
"管理端","pagesImp/subject/subject-compontent/subject-openrule.json","zero-loading","/components/zero-loading/zero-loading","components/zero-loading/zero-loading","True"
"管理端","pagesImp/subject/subject-compontent/subject-persion.json","u-line","/uview-ui/components/u-line/u-line","uview-ui/components/u-line/u-line","True"
"管理端","pagesImp/subject/subject-compontent/subject-persion.json","u-tag","/uview-ui/components/u-tag/u-tag","uview-ui/components/u-tag/u-tag","True"
"管理端","pagesImp/subject/subject-compontent/subject-persion.json","zero-loading","/components/zero-loading/zero-loading","components/zero-loading/zero-loading","True"
"管理端","pagesImp/subject/subject-compontent/subject-trainer.json","ff-popup","/components/ff-popup/ff-popup","components/ff-popup/ff-popup","True"
"管理端","pagesImp/subject/subject-compontent/subject-trainer.json","u-icon","/uview-ui/components/u-icon/u-icon","uview-ui/components/u-icon/u-icon","True"
"管理端","pagesImp/subject/subject-compontent/subject-trainer.json","u-modal","/uview-ui/components/u-modal/u-modal","uview-ui/components/u-modal/u-modal","True"
"管理端","pagesImp/subject/subject-compontent/subject-trainer.json","zero-loading","/components/zero-loading/zero-loading","components/zero-loading/zero-loading","True"
"管理端","pagesImp/subject/subject-compontent/suject-classroom.json","ff-popup","/components/ff-popup/ff-popup","components/ff-popup/ff-popup","True"
"管理端","pagesImp/subject/subject-compontent/suject-classroom.json","u-icon","/uview-ui/components/u-icon/u-icon","uview-ui/components/u-icon/u-icon","True"
"管理端","pagesImp/subject/subject-compontent/suject-classroom.json","u-input","/uview-ui/components/u-input/u-input","uview-ui/components/u-input/u-input","True"
"管理端","pagesImp/subject/subject-compontent/suject-classroom.json","zero-loading","/components/zero-loading/zero-loading","components/zero-loading/zero-loading","True"
"管理端","pagesImp/subject/subject-compontent/suject-creatcourse-popup.json","ff-popup","/components/ff-popup/ff-popup","components/ff-popup/ff-popup","True"
"管理端","pagesImp/subject/subject-compontent/suject-creatcourse-popup.json","u-button","/uview-ui/components/u-button/u-button","uview-ui/components/u-button/u-button","True"
"管理端","pagesImp/subject/subject-compontent/suject-creatcourse-popup.json","u-input","/uview-ui/components/u-input/u-input","uview-ui/components/u-input/u-input","True"
"管理端","pagesImp/subject/subject-compontent/suject-creatcourse-popup.json","zero-loading","/components/zero-loading/zero-loading","components/zero-loading/zero-loading","True"
"管理端","pagesImp/subject/subject-compontent/tag-popup.json","ff-popup","/components/ff-popup/ff-popup","components/ff-popup/ff-popup","True"
"管理端","pagesImp/subject/subject-compontent/tag-popup.json","u-icon","/uview-ui/components/u-icon/u-icon","uview-ui/components/u-icon/u-icon","True"
"管理端","pagesImp/subject/subject-compontent/tag-popup.json","u-input","/uview-ui/components/u-input/u-input","uview-ui/components/u-input/u-input","True"
"管理端","pagesImp/subject/subject-compontent/tag-popup.json","zero-loading","/components/zero-loading/zero-loading","components/zero-loading/zero-loading","True"
"管理端","pagesImp/subject/subject-compontent/time-popup1.json","ff-popup","/components/ff-popup/ff-popup","components/ff-popup/ff-popup","True"
"管理端","pagesImp/subject/subject-compontent/time-popup1.json","u-button","/uview-ui/components/u-button/u-button","uview-ui/components/u-button/u-button","True"
"管理端","pagesImp/subject/subject-compontent/time-popup1.json","u-icon","/uview-ui/components/u-icon/u-icon","uview-ui/components/u-icon/u-icon","True"
"管理端","pagesImp/subject/subject-compontent/time-popup1.json","u-line","/uview-ui/components/u-line/u-line","uview-ui/components/u-line/u-line","True"
"管理端","pagesImp/subject/subject-compontent/time-popup1.json","u-picker","/uview-ui/components/u-picker/u-picker","uview-ui/components/u-picker/u-picker","True"
"管理端","pagesImp/subject/subject-compontent/time-popup1.json","zero-loading","/components/zero-loading/zero-loading","components/zero-loading/zero-loading","True"
"管理端","pagesImp/subject/subject-edit.json","card-face","/pagesImp/subject/subject-compontent/card-face","pagesImp/subject/subject-compontent/card-face","True"
"管理端","pagesImp/subject/subject-edit.json","ff-bottom-logo","/components/ff-bottom-logo/ff-bottom-logo","components/ff-bottom-logo/ff-bottom-logo","True"
"管理端","pagesImp/subject/subject-edit.json","navigation","/components/navigation/index","components/navigation/index","True"
"管理端","pagesImp/subject/subject-edit.json","subject-card","/pagesImp/subject/subject-compontent/subject-card","pagesImp/subject/subject-compontent/subject-card","True"
"管理端","pagesImp/subject/subject-edit.json","subject-desc-popup","/pagesImp/components/ff-editor/ff-editor","pagesImp/components/ff-editor/ff-editor","True"
"管理端","pagesImp/subject/subject-edit.json","subject-openrule","/pagesImp/subject/subject-compontent/subject-openrule","pagesImp/subject/subject-compontent/subject-openrule","True"
"管理端","pagesImp/subject/subject-edit.json","subject-trainer","/pagesImp/subject/subject-compontent/subject-trainer","pagesImp/subject/subject-compontent/subject-trainer","True"
"管理端","pagesImp/subject/subject-edit.json","suject-classroom","/pagesImp/subject/subject-compontent/suject-classroom","pagesImp/subject/subject-compontent/suject-classroom","True"
"管理端","pagesImp/subject/subject-edit.json","tag-popup","/pagesImp/subject/subject-compontent/tag-popup","pagesImp/subject/subject-compontent/tag-popup","True"
"管理端","pagesImp/subject/subject-edit.json","u-cell-item","/uview-ui/components/u-cell-item/u-cell-item","uview-ui/components/u-cell-item/u-cell-item","True"
"管理端","pagesImp/subject/subject-edit.json","u-checkbox","/uview-ui/components/u-checkbox/u-checkbox","uview-ui/components/u-checkbox/u-checkbox","True"
"管理端","pagesImp/subject/subject-edit.json","u-form","/uview-ui/components/u-form/u-form","uview-ui/components/u-form/u-form","True"
"管理端","pagesImp/subject/subject-edit.json","u-form-item","/uview-ui/components/u-form-item/u-form-item","uview-ui/components/u-form-item/u-form-item","True"
"管理端","pagesImp/subject/subject-edit.json","u-input","/uview-ui/components/u-input/u-input","uview-ui/components/u-input/u-input","True"
"管理端","pagesImp/subject/subject-edit.json","u-modal","/uview-ui/components/u-modal/u-modal","uview-ui/components/u-modal/u-modal","True"
"管理端","pagesImp/subject/subject-edit.json","u-rate","/uview-ui/components/u-rate/u-rate","uview-ui/components/u-rate/u-rate","True"
"管理端","pagesImp/subject/subject-edit.json","zero-loading","/components/zero-loading/zero-loading","components/zero-loading/zero-loading","True"
"管理端","pagesImp/subject/subject-personal-edit.json","ff-bottom-logo","/components/ff-bottom-logo/ff-bottom-logo","components/ff-bottom-logo/ff-bottom-logo","True"
"管理端","pagesImp/subject/subject-personal-edit.json","navigation","/components/navigation/index","components/navigation/index","True"
"管理端","pagesImp/subject/subject-personal-edit.json","subject-desc-popup","/pagesImp/components/ff-editor/ff-editor","pagesImp/components/ff-editor/ff-editor","True"
"管理端","pagesImp/subject/subject-personal-edit.json","subject-trainer","/pagesImp/subject/subject-compontent/subject-trainer","pagesImp/subject/subject-compontent/subject-trainer","True"
"管理端","pagesImp/subject/subject-personal-edit.json","suject-creatcourse-popup","/pagesImp/subject/subject-compontent/suject-creatcourse-popup","pagesImp/subject/subject-compontent/suject-creatcourse-popup","True"
"管理端","pagesImp/subject/subject-personal-edit.json","tag-popup","/pagesImp/subject/subject-compontent/tag-popup","pagesImp/subject/subject-compontent/tag-popup","True"
"管理端","pagesImp/subject/subject-personal-edit.json","time-popup1","/pagesImp/subject/subject-compontent/time-popup1","pagesImp/subject/subject-compontent/time-popup1","True"
"管理端","pagesImp/subject/subject-personal-edit.json","u-cell-group","/uview-ui/components/u-cell-group/u-cell-group","uview-ui/components/u-cell-group/u-cell-group","True"
"管理端","pagesImp/subject/subject-personal-edit.json","u-cell-item","/uview-ui/components/u-cell-item/u-cell-item","uview-ui/components/u-cell-item/u-cell-item","True"
"管理端","pagesImp/subject/subject-personal-edit.json","u-icon","/uview-ui/components/u-icon/u-icon","uview-ui/components/u-icon/u-icon","True"
"管理端","pagesImp/subject/subject-personal-edit.json","u-line","/uview-ui/components/u-line/u-line","uview-ui/components/u-line/u-line","True"
"管理端","pagesImp/subject/subject-personal-edit.json","u-modal","/uview-ui/components/u-modal/u-modal","uview-ui/components/u-modal/u-modal","True"
"管理端","pagesImp/subject/subject-personal-edit.json","u-switch","/uview-ui/components/u-switch/u-switch","uview-ui/components/u-switch/u-switch","True"
"管理端","pagesImp/subject/subject-personal-edit.json","zero-loading","/components/zero-loading/zero-loading","components/zero-loading/zero-loading","True"
"管理端","pagesImp/subject/subject.json","ff-bottom-logo","/components/ff-bottom-logo/ff-bottom-logo","components/ff-bottom-logo/ff-bottom-logo","True"
"管理端","pagesImp/subject/subject.json","navigation","/components/navigation/index","components/navigation/index","True"
"管理端","pagesImp/subject/subject.json","nodatalongword","/pagesImp/components/nodata/nodatalongword","pagesImp/components/nodata/nodatalongword","True"
"管理端","pagesImp/subject/subject.json","subject-card","/pagesImp/subject/subject-compontent/subject-card","pagesImp/subject/subject-compontent/subject-card","True"
"管理端","pagesImp/subject/subject.json","subject-persion","/pagesImp/subject/subject-compontent/subject-persion","pagesImp/subject/subject-compontent/subject-persion","True"
"管理端","pagesImp/subject/subject.json","u-search","/uview-ui/components/u-search/u-search","uview-ui/components/u-search/u-search","True"
"管理端","pagesImp/subject/subject.json","u-tabs","/uview-ui/components/u-tabs/u-tabs","uview-ui/components/u-tabs/u-tabs","True"
"管理端","pagesImp/subject/subject.json","zero-loading","/components/zero-loading/zero-loading","components/zero-loading/zero-loading","True"
"管理端","pagesImp/subject/suject-choice-card.json","deduction-days","/pagesImp/card/components/courseSelect/deductionDays","pagesImp/card/components/courseSelect/deductionDays","True"
"管理端","pagesImp/subject/suject-choice-card.json","ff-bottom-logo","/components/ff-bottom-logo/ff-bottom-logo","components/ff-bottom-logo/ff-bottom-logo","True"
"管理端","pagesImp/subject/suject-choice-card.json","ff-counts-card","/components/ff-counts-card/ff-counts-card","components/ff-counts-card/ff-counts-card","True"
"管理端","pagesImp/subject/suject-choice-card.json","ff-date-card","/components/ff-date-card/ff-date-card","components/ff-date-card/ff-date-card","True"
"管理端","pagesImp/subject/suject-choice-card.json","ff-value-card","/components/ff-value-card/ff-value-card","components/ff-value-card/ff-value-card","True"
"管理端","pagesImp/subject/suject-choice-card.json","navigation","/components/navigation/index","components/navigation/index","True"
"管理端","pagesImp/subject/suject-choice-card.json","u-button","/uview-ui/components/u-button/u-button","uview-ui/components/u-button/u-button","True"
"管理端","pagesImp/subject/suject-choice-card.json","u-checkbox","/uview-ui/components/u-checkbox/u-checkbox","uview-ui/components/u-checkbox/u-checkbox","True"
"管理端","pagesImp/subject/suject-choice-card.json","u-checkbox-group","/uview-ui/components/u-checkbox-group/u-checkbox-group","uview-ui/components/u-checkbox-group/u-checkbox-group","True"
"管理端","pagesImp/subject/suject-choice-card.json","u-icon","/uview-ui/components/u-icon/u-icon","uview-ui/components/u-icon/u-icon","True"
"管理端","pagesImp/subject/suject-choice-card.json","u-line","/uview-ui/components/u-line/u-line","uview-ui/components/u-line/u-line","True"
"管理端","pagesImp/subject/suject-choice-card.json","u-row","/uview-ui/components/u-row/u-row","uview-ui/components/u-row/u-row","True"
"管理端","pagesImp/subject/suject-choice-card.json","u-switch","/uview-ui/components/u-switch/u-switch","uview-ui/components/u-switch/u-switch","True"
"管理端","pagesImp/subject/suject-choice-card.json","zero-loading","/components/zero-loading/zero-loading","components/zero-loading/zero-loading","True"
"管理端","uview-ui/components/u-action-sheet/u-action-sheet.json","u-popup","/uview-ui/components/u-popup/u-popup","uview-ui/components/u-popup/u-popup","True"
"管理端","uview-ui/components/u-action-sheet/u-action-sheet.json","zero-loading","/components/zero-loading/zero-loading","components/zero-loading/zero-loading","True"
"管理端","uview-ui/components/u-avatar-cropper/u-avatar-cropper.json","zero-loading","/components/zero-loading/zero-loading","components/zero-loading/zero-loading","True"
"管理端","uview-ui/components/u-avatar-cropper/u-avatar-croppershop.json","zero-loading","/components/zero-loading/zero-loading","components/zero-loading/zero-loading","True"
"管理端","uview-ui/components/u-badge-left/u-badge-left.json","zero-loading","/components/zero-loading/zero-loading","components/zero-loading/zero-loading","True"
"管理端","uview-ui/components/u-button/u-button.json","zero-loading","/components/zero-loading/zero-loading","components/zero-loading/zero-loading","True"
"管理端","uview-ui/components/u-calendar/u-calendar.json","u-button","/uview-ui/components/u-button/u-button","uview-ui/components/u-button/u-button","True"
"管理端","uview-ui/components/u-calendar/u-calendar.json","u-icon","/uview-ui/components/u-icon/u-icon","uview-ui/components/u-icon/u-icon","True"
"管理端","uview-ui/components/u-calendar/u-calendar.json","u-popup","/uview-ui/components/u-popup/u-popup","uview-ui/components/u-popup/u-popup","True"
"管理端","uview-ui/components/u-calendar/u-calendar.json","zero-loading","/components/zero-loading/zero-loading","components/zero-loading/zero-loading","True"
"管理端","uview-ui/components/u-cell-group/u-cell-group.json","zero-loading","/components/zero-loading/zero-loading","components/zero-loading/zero-loading","True"
"管理端","uview-ui/components/u-cell-item/u-cell-item.json","u-icon","/uview-ui/components/u-icon/u-icon","uview-ui/components/u-icon/u-icon","True"
"管理端","uview-ui/components/u-cell-item/u-cell-item.json","zero-loading","/components/zero-loading/zero-loading","components/zero-loading/zero-loading","True"
"管理端","uview-ui/components/u-checkbox-group/u-checkbox-group.json","zero-loading","/components/zero-loading/zero-loading","components/zero-loading/zero-loading","True"
"管理端","uview-ui/components/u-checkbox/u-checkbox.json","u-icon","/uview-ui/components/u-icon/u-icon","uview-ui/components/u-icon/u-icon","True"
"管理端","uview-ui/components/u-checkbox/u-checkbox.json","zero-loading","/components/zero-loading/zero-loading","components/zero-loading/zero-loading","True"
"管理端","uview-ui/components/u-col/u-col.json","zero-loading","/components/zero-loading/zero-loading","components/zero-loading/zero-loading","True"
"管理端","uview-ui/components/u-divider/u-divider.json","zero-loading","/components/zero-loading/zero-loading","components/zero-loading/zero-loading","True"
"管理端","uview-ui/components/u-field/u-field.json","u-icon","/uview-ui/components/u-icon/u-icon","uview-ui/components/u-icon/u-icon","True"
"管理端","uview-ui/components/u-field/u-field.json","zero-loading","/components/zero-loading/zero-loading","components/zero-loading/zero-loading","True"
"管理端","uview-ui/components/u-form-item/u-form-item.json","u-icon","/uview-ui/components/u-icon/u-icon","uview-ui/components/u-icon/u-icon","True"
"管理端","uview-ui/components/u-form-item/u-form-item.json","zero-loading","/components/zero-loading/zero-loading","components/zero-loading/zero-loading","True"
"管理端","uview-ui/components/u-form/u-form.json","zero-loading","/components/zero-loading/zero-loading","components/zero-loading/zero-loading","True"
"管理端","uview-ui/components/u-gap/u-gap.json","zero-loading","/components/zero-loading/zero-loading","components/zero-loading/zero-loading","True"
"管理端","uview-ui/components/u-icon/u-icon.json","zero-loading","/components/zero-loading/zero-loading","components/zero-loading/zero-loading","True"
"管理端","uview-ui/components/u-index-anchor/u-index-anchor.json","zero-loading","/components/zero-loading/zero-loading","components/zero-loading/zero-loading","True"
"管理端","uview-ui/components/u-index-list/u-index-list.json","zero-loading","/components/zero-loading/zero-loading","components/zero-loading/zero-loading","True"
"管理端","uview-ui/components/u-input/u-input.json","u-icon","/uview-ui/components/u-icon/u-icon","uview-ui/components/u-icon/u-icon","True"
"管理端","uview-ui/components/u-input/u-input.json","zero-loading","/components/zero-loading/zero-loading","components/zero-loading/zero-loading","True"
"管理端","uview-ui/components/u-line/u-line.json","zero-loading","/components/zero-loading/zero-loading","components/zero-loading/zero-loading","True"
"管理端","uview-ui/components/u-loading/u-loading.json","zero-loading","/components/zero-loading/zero-loading","components/zero-loading/zero-loading","True"
"管理端","uview-ui/components/u-loadmore/u-loadmore.json","u-line","/uview-ui/components/u-line/u-line","uview-ui/components/u-line/u-line","True"
"管理端","uview-ui/components/u-loadmore/u-loadmore.json","u-loading","/uview-ui/components/u-loading/u-loading","uview-ui/components/u-loading/u-loading","True"
"管理端","uview-ui/components/u-loadmore/u-loadmore.json","zero-loading","/components/zero-loading/zero-loading","components/zero-loading/zero-loading","True"
"管理端","uview-ui/components/u-mask/u-mask.json","zero-loading","/components/zero-loading/zero-loading","components/zero-loading/zero-loading","True"
"管理端","uview-ui/components/u-modal/u-modal.json","u-loading","/uview-ui/components/u-loading/u-loading","uview-ui/components/u-loading/u-loading","True"
"管理端","uview-ui/components/u-modal/u-modal.json","u-popup","/uview-ui/components/u-popup/u-popup","uview-ui/components/u-popup/u-popup","True"
"管理端","uview-ui/components/u-modal/u-modal.json","zero-loading","/components/zero-loading/zero-loading","components/zero-loading/zero-loading","True"
"管理端","uview-ui/components/u-parse/libs/trees.json","trees","/uview-ui/components/u-parse/libs/trees","uview-ui/components/u-parse/libs/trees","True"
"管理端","uview-ui/components/u-parse/libs/trees.json","zero-loading","/components/zero-loading/zero-loading","components/zero-loading/zero-loading","True"
"管理端","uview-ui/components/u-parse/u-parse.json","trees","/uview-ui/components/u-parse/libs/trees","uview-ui/components/u-parse/libs/trees","True"
"管理端","uview-ui/components/u-parse/u-parse.json","zero-loading","/components/zero-loading/zero-loading","components/zero-loading/zero-loading","True"
"管理端","uview-ui/components/u-picker/u-picker.json","u-popup","/uview-ui/components/u-popup/u-popup","uview-ui/components/u-popup/u-popup","True"
"管理端","uview-ui/components/u-picker/u-picker.json","zero-loading","/components/zero-loading/zero-loading","components/zero-loading/zero-loading","True"
"管理端","uview-ui/components/u-popup/u-popup.json","u-icon","/uview-ui/components/u-icon/u-icon","uview-ui/components/u-icon/u-icon","True"
"管理端","uview-ui/components/u-popup/u-popup.json","u-mask","/uview-ui/components/u-mask/u-mask","uview-ui/components/u-mask/u-mask","True"
"管理端","uview-ui/components/u-popup/u-popup.json","zero-loading","/components/zero-loading/zero-loading","components/zero-loading/zero-loading","True"
"管理端","uview-ui/components/u-radio-group/u-radio-group.json","zero-loading","/components/zero-loading/zero-loading","components/zero-loading/zero-loading","True"
"管理端","uview-ui/components/u-radio/u-radio.json","u-icon","/uview-ui/components/u-icon/u-icon","uview-ui/components/u-icon/u-icon","True"
"管理端","uview-ui/components/u-radio/u-radio.json","zero-loading","/components/zero-loading/zero-loading","components/zero-loading/zero-loading","True"
"管理端","uview-ui/components/u-rate/u-rate.json","u-icon","/uview-ui/components/u-icon/u-icon","uview-ui/components/u-icon/u-icon","True"
"管理端","uview-ui/components/u-rate/u-rate.json","zero-loading","/components/zero-loading/zero-loading","components/zero-loading/zero-loading","True"
"管理端","uview-ui/components/u-row/u-row.json","zero-loading","/components/zero-loading/zero-loading","components/zero-loading/zero-loading","True"
"管理端","uview-ui/components/u-search/u-search.json","u-icon","/uview-ui/components/u-icon/u-icon","uview-ui/components/u-icon/u-icon","True"
"管理端","uview-ui/components/u-search/u-search.json","zero-loading","/components/zero-loading/zero-loading","components/zero-loading/zero-loading","True"
"管理端","uview-ui/components/u-select/u-select.json","u-popup","/uview-ui/components/u-popup/u-popup","uview-ui/components/u-popup/u-popup","True"
"管理端","uview-ui/components/u-select/u-select.json","zero-loading","/components/zero-loading/zero-loading","components/zero-loading/zero-loading","True"
"管理端","uview-ui/components/u-subsection/u-subsection.json","zero-loading","/components/zero-loading/zero-loading","components/zero-loading/zero-loading","True"
"管理端","uview-ui/components/u-swiper/u-swiper.json","zero-loading","/components/zero-loading/zero-loading","components/zero-loading/zero-loading","True"
"管理端","uview-ui/components/u-switch/u-switch.json","u-loading","/uview-ui/components/u-loading/u-loading","uview-ui/components/u-loading/u-loading","True"
"管理端","uview-ui/components/u-switch/u-switch.json","zero-loading","/components/zero-loading/zero-loading","components/zero-loading/zero-loading","True"
"管理端","uview-ui/components/u-tabs/u-tabs.json","u-badge-left","/uview-ui/components/u-badge-left/u-badge-left","uview-ui/components/u-badge-left/u-badge-left","True"
"管理端","uview-ui/components/u-tabs/u-tabs.json","zero-loading","/components/zero-loading/zero-loading","components/zero-loading/zero-loading","True"
"管理端","uview-ui/components/u-tag/u-tag.json","u-icon","/uview-ui/components/u-icon/u-icon","uview-ui/components/u-icon/u-icon","True"
"管理端","uview-ui/components/u-tag/u-tag.json","zero-loading","/components/zero-loading/zero-loading","components/zero-loading/zero-loading","True"
