"App","Source","Line","Handler","Exists"
"管理端","components/card-all-project/index.wxml","1","e0","True"
"管理端","components/card-all-project/index.wxml","17","e1","True"
"管理端","components/cardToolbox/administer/balance.wxml","2","headleClose","True"
"管理端","components/cardToolbox/administer/balance.wxml","4","submit","True"
"管理端","components/cardToolbox/administer/balance.wxml","15","healdAdd","True"
"管理端","components/cardToolbox/administer/balance.wxml","19","valChange","True"
"管理端","components/cardToolbox/administer/balance.wxml","20","headleReduce","True"
"管理端","components/cardToolbox/administer/balance.wxml","21","headlePlus","True"
"管理端","components/cardToolbox/administer/balance.wxml","29","healdAdds","True"
"管理端","components/cardToolbox/administer/balance.wxml","33","valChanges","True"
"管理端","components/cardToolbox/administer/balance.wxml","36","headlemsg","True"
"管理端","components/cardToolbox/administer/balance.wxml","42","headleStatus","True"
"管理端","components/cardToolbox/administer/balance.wxml","49","customChange","True"
"管理端","components/cardToolbox/administer/card_stopping.wxml","4","submit","True"
"管理端","components/cardToolbox/administer/card_stopping.wxml","5","leaveSubmit","True"
"管理端","components/cardToolbox/administer/card_stopping.wxml","11","headleStartTime","True"
"管理端","components/cardToolbox/administer/card_stopping.wxml","13","headlemsg","True"
"管理端","components/cardToolbox/administer/card_stopping.wxml","19","headleStatus","True"
"管理端","components/cardToolbox/administer/card_stopping.wxml","26","customChange","True"
"管理端","components/cardToolbox/administer/card_stopping.wxml","31","confirm","True"
"管理端","components/cardToolbox/administer/card_stopping.wxml","37","headleCancel","True"
"管理端","components/cardToolbox/administer/card_stopping.wxml","38","headleBtn","True"
"管理端","components/cardToolbox/administer/card_stopping.wxml","47","stoppingCancel","True"
"管理端","components/cardToolbox/administer/card_stopping.wxml","48","stoppingBtn","True"
"管理端","components/cardToolbox/administer/card-set.wxml","4","submit","True"
"管理端","components/cardToolbox/administer/card-set.wxml","15","healdeTime","True"
"管理端","components/cardToolbox/administer/card-set.wxml","29","handleCancelbtn","True"
"管理端","components/cardToolbox/administer/card-set.wxml","30","handleBtn","True"
"管理端","components/cardToolbox/administer/card-set.wxml","33","confirm","True"
"管理端","components/cardToolbox/administer/leave.wxml","8","submit","True"
"管理端","components/cardToolbox/administer/leave.wxml","9","leaveSubmit","True"
"管理端","components/cardToolbox/administer/leave.wxml","15","headleEndTime","True"
"管理端","components/cardToolbox/administer/leave.wxml","15","headleStartTime","True"
"管理端","components/cardToolbox/administer/leave.wxml","21","headlemsg","True"
"管理端","components/cardToolbox/administer/leave.wxml","27","headleStatus","True"
"管理端","components/cardToolbox/administer/leave.wxml","34","customChange","True"
"管理端","components/cardToolbox/administer/leave.wxml","39","confirm","True"
"管理端","components/cardToolbox/administer/leave.wxml","40","confirms","True"
"管理端","components/cardToolbox/administer/leave.wxml","45","headleCancel","True"
"管理端","components/cardToolbox/administer/leave.wxml","46","headleBtn","True"
"管理端","components/cardToolbox/administer/mark-pop.wxml","10","radioGroupChange","True"
"管理端","components/cardToolbox/administer/remarks.wxml","4","submit","True"
"管理端","components/cardToolbox/administer/remarks.wxml","10","headleClean","True"
"管理端","components/cardToolbox/administer/renew.wxml","2","headleClose","True"
"管理端","components/cardToolbox/administer/renew.wxml","4","submit","True"
"管理端","components/cardToolbox/administer/renew.wxml","13","toggleType","True"
"管理端","components/cardToolbox/administer/renew.wxml","17","valChange","True"
"管理端","components/cardToolbox/administer/renew.wxml","18","headleReduce","True"
"管理端","components/cardToolbox/administer/renew.wxml","19","headlePlus","True"
"管理端","components/cardToolbox/administer/renew.wxml","24","headleStartTime","True"
"管理端","components/cardToolbox/administer/renew.wxml","30","headleStatus","True"
"管理端","components/cardToolbox/administer/renew.wxml","37","customChange","True"
"管理端","components/cardToolbox/administer/renew.wxml","43","e0","True"
"管理端","components/cardToolbox/administer/renew.wxml","47","valChanges","True"
"管理端","components/cardToolbox/administer/renew.wxml","52","headleStartTime","True"
"管理端","components/cardToolbox/administer/renew.wxml","58","headlemsg","True"
"管理端","components/cardToolbox/administer/renew.wxml","64","headleStatus","True"
"管理端","components/cardToolbox/administer/renew.wxml","71","customChange","True"
"管理端","components/cardToolbox/administer/renew.wxml","78","confirm","True"
"管理端","components/cardToolbox/administer/validity.wxml","2","headleClose","True"
"管理端","components/cardToolbox/administer/validity.wxml","4","submit","True"
"管理端","components/cardToolbox/administer/validity.wxml","10","headleTime","True"
"管理端","components/cardToolbox/administer/validity.wxml","15","headleTime","True"
"管理端","components/cardToolbox/administer/validity.wxml","17","headlemsg","True"
"管理端","components/cardToolbox/administer/validity.wxml","23","headleStatus","True"
"管理端","components/cardToolbox/administer/validity.wxml","30","customChange","True"
"管理端","components/cardToolbox/administer/validity.wxml","36","confirm","True"
"管理端","components/cardToolbox/administer/validity.wxml","37","timeConfirm","True"
"管理端","components/cardToolbox/getCard/index.wxml","14","headleForward","True"
"管理端","components/cardToolbox/getCard/index.wxml","20","headleSelf","True"
"管理端","components/cardToolbox/getCard/index.wxml","29","handleCancelbtn","True"
"管理端","components/cardToolbox/getCard/index.wxml","42","handleCopy","True"
"管理端","components/cardToolbox/immediatelyCard/card_limit.wxml","4","submit","True"
"管理端","components/cardToolbox/immediatelyCard/card_limit.wxml","13","moreClick","True"
"管理端","components/cardToolbox/immediatelyCard/card_limit.wxml","14","moreClick","True"
"管理端","components/cardToolbox/immediatelyCard/card_limit.wxml","23","radioGroupChange","True"
"管理端","components/cardToolbox/immediatelyCard/card_limit.wxml","35","valChange","True"
"管理端","components/cardToolbox/immediatelyCard/card_limit.wxml","46","headleCardSet","True"
"管理端","components/cardToolbox/immediatelyCard/card_limit.wxml","57","headleTime","True"
"管理端","components/cardToolbox/immediatelyCard/card_limit.wxml","86","valChange","True"
"管理端","components/cardToolbox/immediatelyCard/card_limit.wxml","90","headleCardSet","True"
"管理端","components/cardToolbox/immediatelyCard/card_limit.wxml","101","headleTime","True"
"管理端","components/cardToolbox/immediatelyCard/card_limit.wxml","135","headleCardSet","True"
"管理端","components/cardToolbox/immediatelyCard/card_limit.wxml","146","headleTime","True"
"管理端","components/cardToolbox/immediatelyCard/card_limit.wxml","174","timeSubmit","True"
"管理端","components/cardToolbox/immediatelyCard/card_limit.wxml","175","confirm","True"
"管理端","components/cardToolbox/immediatelyCard/card_limit.wxml","176","cardSubmit","True"
"管理端","components/cardToolbox/immediatelyCard/new_card.wxml","9","cardClick","True"
"管理端","components/cardToolbox/immediatelyCard/new_card.wxml","21","moreClick","True"
"管理端","components/cardToolbox/immediatelyCard/new_card.wxml","22","moreClick","True"
"管理端","components/cardToolbox/immediatelyCard/new_card.wxml","35","cardLimitSubmit","True"
"管理端","components/cardToolbox/immediatelyCard/time.wxml","3","submit","True"
"管理端","components/cardToolbox/immediatelyCard/time.wxml","7","bindChange","True"
"管理端","components/cardToolbox/member-details.wxml","2","headleScrollClose","True"
"管理端","components/cardToolbox/member-details.wxml","10","headleDetele","True"
"管理端","components/cardToolbox/member-details.wxml","18","closeModal","True"
"管理端","components/cardToolbox/member-details.wxml","23","headleMark","True"
"管理端","components/cardToolbox/member-details.wxml","31","freeTell","True"
"管理端","components/cardToolbox/member-details.wxml","38","headleRemarks","True"
"管理端","components/cardToolbox/member-details.wxml","60","recycle","True"
"管理端","components/cardToolbox/member-details.wxml","64","headleNewCard","True"
"管理端","components/cardToolbox/member-details.wxml","72","toggleCard","True"
"管理端","components/cardToolbox/member-details.wxml","73","moreProject","True"
"管理端","components/cardToolbox/member-details.wxml","77","remarkCard","True"
"管理端","components/cardToolbox/member-details.wxml","84","headleReceive","True"
"管理端","components/cardToolbox/member-details.wxml","86","headleSet","True"
"管理端","components/cardToolbox/member-details.wxml","89","headleType","True"
"管理端","components/cardToolbox/member-details.wxml","112","headleNewCard","True"
"管理端","components/cardToolbox/member-details.wxml","113","recycle","True"
"管理端","components/cardToolbox/member-details.wxml","122","radioGroupSubmit","True"
"管理端","components/cardToolbox/member-details.wxml","123","remarksSubmit","True"
"管理端","components/cardToolbox/member-details.wxml","124","newCardSubmit","True"
"管理端","components/cardToolbox/member-details.wxml","125","updateDetails","True"
"管理端","components/cardToolbox/member-details.wxml","126","AdjustmentSubmit","True"
"管理端","components/cardToolbox/member-details.wxml","127","vailditySubmit","True"
"管理端","components/cardToolbox/member-details.wxml","128","leaveSubmit","True"
"管理端","components/cardToolbox/member-details.wxml","129","cardStoppingSubmit","True"
"管理端","components/cardToolbox/member-details.wxml","130","headleRenew","True"
"管理端","components/cardToolbox/member-details.wxml","136","headleStatus","True"
"管理端","components/cardToolbox/member-details.wxml","145","headleCancel","True"
"管理端","components/cardToolbox/member-details.wxml","146","headleBtn","True"
"管理端","components/cardToolbox/member-details.wxml","150","editRemarkCard","True"
"管理端","components/confirm-modal/confirm-modal.wxml","11","cancelbtn","True"
"管理端","components/confirm-modal/confirm-modal.wxml","12","confirmbtn","True"
"管理端","components/editor-textarea/index.wxml","1","onEditorReady","True"
"管理端","components/expiredAlert/expiredAlert.wxml","4","handleDoubleClick","True"
"管理端","components/expiredAlert/expiredAlert.wxml","15","renew","True"
"管理端","components/expiredAlert/expiredAlert.wxml","16","cancelbtn","True"
"管理端","components/ff-counts-card/ff-counts-card.wxml","26","moreClick","True"
"管理端","components/ff-date-card/ff-date-card.wxml","38","moreClick","True"
"管理端","components/ff-popup/ff-popup.wxml","1","headleClose","True"
"管理端","components/ff-popup/ff-popup.wxml","3","back","True"
"管理端","components/ff-textarea/ff-textarea.wxml","4","submit","True"
"管理端","components/ff-textarea/ff-textarea.wxml","7","onfocusTextArea","True"
"管理端","components/ff-textarea/ff-textarea.wxml","10","del","True"
"管理端","components/mumber-card/index.wxml","2","cardDetail","True"
"管理端","components/mumber-card/index.wxml","3","cardDetail","True"
"管理端","components/mumber-card/index.wxml","66","moreProject","True"
"管理端","components/mumber-card/index.wxml","89","moreProject","True"
"管理端","components/navigation/index.wxml","6","back","True"
"管理端","components/privacy/privacy.wxml","4","openPrivacyContract","True"
"管理端","components/privacy/privacy.wxml","6","exitMiniProgram","True"
"管理端","components/privacy/privacy.wxml","7","handleAgreePrivacyAuthorization","True"
"管理端","components/time-picker/time-picker.wxml","3","submit","True"
"管理端","components/time-picker/time-picker.wxml","7","bindChange","True"
"管理端","components/time-popup/time-popup.wxml","2","closeweek","False"
"管理端","components/time-popup/time-popup.wxml","4","saveTime","True"
"管理端","components/time-popup/time-popup.wxml","9","weekdata","True"
"管理端","components/time-popup/time-popup.wxml","15","checkboxChange","True"
"管理端","components/time-popup/time-popup.wxml","22","removeitem","True"
"管理端","components/time-popup/time-popup.wxml","26","e0","True"
"管理端","components/time-popup/time-popup.wxml","29","openMinute","True"
"管理端","components/time-popup/time-popup.wxml","54","confirmPicker","True"
"管理端","components/zero-loading/zero-loading.wxml","1","handleClick","True"
"管理端","pageChain/brand/index.wxml","6","chooseAvatar","True"
"管理端","pageChain/brand/index.wxml","7","chooseAvatar","True"
"管理端","pageChain/brand/index.wxml","12","chooseAvatar","True"
"管理端","pageChain/brand/index.wxml","15","chooseAvatar","True"
"管理端","pageChain/brand/index.wxml","21","saveLinkInfo","True"
"管理端","pageChain/card/card-subject/index.wxml","23","settingSubject","True"
"管理端","pageChain/card/card-subject/index.wxml","35","moreClick","True"
"管理端","pageChain/card/card-subject/index.wxml","36","moreClick","True"
"管理端","pageChain/card/card-subject/index.wxml","38","settingSubject","True"
"管理端","pageChain/card/card-subject/index.wxml","64","moreClick","True"
"管理端","pageChain/card/card-subject/index.wxml","65","moreClick","True"
"管理端","pageChain/card/card-subject/index.wxml","70","settingSubject","True"
"管理端","pageChain/card/components/create-mode.wxml","4","subbranchhome","True"
"管理端","pageChain/card/components/create-mode.wxml","6","creatcard","True"
"管理端","pageChain/card/home/home.wxml","9","changeTab","True"
"管理端","pageChain/card/home/home.wxml","13","delshow","True"
"管理端","pageChain/card/home/home.wxml","19","jumpToCardInfo","True"
"管理端","pageChain/card/home/home.wxml","35","moreClick","True"
"管理端","pageChain/card/home/home.wxml","38","moreClick","True"
"管理端","pageChain/card/home/home.wxml","63","creatcard","True"
"管理端","pageChain/card/home/home.wxml","72","saveWeekTime","False"
"管理端","pageChain/card/home/subbranch-home.wxml","17","showShopSite","True"
"管理端","pageChain/card/home/subbranch-home.wxml","35","subbranchConfire","True"
"管理端","pageChain/card/home/subbranch-home.wxml","78","universalClick","True"
"管理端","pageChain/card/setting-more-subject/index.wxml","23","setTeamList","False"
"管理端","pageChain/card/setting-more-subject/index.wxml","26","coachSelect","True"
"管理端","pageChain/card/setting-more-subject/index.wxml","33","save","True"
"管理端","pageChain/card/setting-single-subject/index.wxml","18","moreClick","False"
"管理端","pageChain/card/setting-single-subject/index.wxml","19","moreClick","False"
"管理端","pageChain/card/setting-single-subject/index.wxml","37","activeAll","True"
"管理端","pageChain/card/setting-single-subject/index.wxml","40","coachSelect","True"
"管理端","pageChain/card/setting-single-subject/index.wxml","47","save","True"
"管理端","pageChain/card/setting-single-subject/index.wxml","50","deductionDaysSubmit","True"
"管理端","pageChain/cardStatistics/components/businessdata-money-popup.wxml","4","submit","True"
"管理端","pageChain/cardStatistics/detailed-records.wxml","1","closeDrop","True"
"管理端","pageChain/cardStatistics/detailed-records.wxml","23","moreClick","False"
"管理端","pageChain/cardStatistics/detailed-records.wxml","24","moreClick","False"
"管理端","pageChain/cardStatistics/detailed-records.wxml","65","memberDetails","False"
"管理端","pageChain/cardStatistics/detailed-records.wxml","69","memberDetails","False"
"管理端","pageChain/cardStatistics/detailed-records.wxml","100","showDrop","True"
"管理端","pageChain/cardStatistics/detailed-records.wxml","108","updateMoneyPopup","True"
"管理端","pageChain/cardStatistics/detailed-records.wxml","112","remarkPopup","True"
"管理端","pageChain/cardStatistics/detailed-records.wxml","129","headleClose","True"
"管理端","pageChain/cardStatistics/detailed-records.wxml","130","changeDate","False"
"管理端","pageChain/cardStatistics/detailed-records.wxml","131","editremarkOrder","True"
"管理端","pageChain/cardStatistics/detailed-records.wxml","132","confirm","True"
"管理端","pageChain/cardStatistics/index.wxml","1","closeDrop","True"
"管理端","pageChain/cardStatistics/index.wxml","7","e0","True"
"管理端","pageChain/cardStatistics/index.wxml","46","changeTab","True"
"管理端","pageChain/cardStatistics/index.wxml","68","cardClick","True"
"管理端","pageChain/cardStatistics/index.wxml","106","memberDetails","False"
"管理端","pageChain/cardStatistics/index.wxml","110","memberDetails","False"
"管理端","pageChain/cardStatistics/index.wxml","141","showDrop","True"
"管理端","pageChain/cardStatistics/index.wxml","149","updateMoneyPopup","True"
"管理端","pageChain/cardStatistics/index.wxml","153","remarkPopup","True"
"管理端","pageChain/cardStatistics/index.wxml","184","headleClose","True"
"管理端","pageChain/cardStatistics/index.wxml","185","changeDate","True"
"管理端","pageChain/cardStatistics/index.wxml","186","editremarkOrder","True"
"管理端","pageChain/cardStatistics/index.wxml","187","confirm","True"
"管理端","pageChain/components/courseSelect/deductionDays.wxml","3","submit","True"
"管理端","pageChain/components/courseSelect/more-grcl.wxml","3","activeAll","True"
"管理端","pageChain/components/courseSelect/more-grcl.wxml","11","activeCourse","True"
"管理端","pageChain/components/courseSelect/more-grcl.wxml","22","e0","True"
"管理端","pageChain/components/courseSelect/more-grcl.wxml","23","fdeductionFocus","True"
"管理端","pageChain/components/courseSelect/more-priv.wxml","3","activeAll","True"
"管理端","pageChain/components/courseSelect/more-priv.wxml","12","coachSelect","True"
"管理端","pageChain/components/courseSelect/more-priv.wxml","20","stop","True"
"管理端","pageChain/components/courseSelect/more-priv.wxml","26","courseSelect","True"
"管理端","pageChain/components/courseSelect/more-priv.wxml","32","stop","True"
"管理端","pageChain/components/courseSelect/single-grcl.wxml","3","activeAll","True"
"管理端","pageChain/components/courseSelect/single-grcl.wxml","11","activeCourse","True"
"管理端","pageChain/components/courseSelect/single-grcl.wxml","22","selectDeductWay","True"
"管理端","pageChain/components/courseSelect/single-grcl.wxml","27","e0","True"
"管理端","pageChain/components/courseSelect/single-grcl.wxml","28","fdeductionFocus","True"
"管理端","pageChain/components/courseSelect/single-priv.wxml","3","activeAll","True"
"管理端","pageChain/components/courseSelect/single-priv.wxml","12","coachSelect","True"
"管理端","pageChain/components/courseSelect/single-priv.wxml","21","selectDeductWay","True"
"管理端","pageChain/components/courseSelect/single-priv.wxml","26","stop","True"
"管理端","pageChain/components/courseSelect/single-priv.wxml","33","courseSelect","True"
"管理端","pageChain/components/courseSelect/single-priv.wxml","39","selectDeductWay","True"
"管理端","pageChain/components/courseSelect/single-priv.wxml","44","stop","True"
"管理端","pageChain/configStaff/index.wxml","5","hideDown","True"
"管理端","pageChain/configStaff/index.wxml","16","edit","True"
"管理端","pageChain/configStaff/index.wxml","29","share","True"
"管理端","pageChain/configStaff/index.wxml","30","edit","True"
"管理端","pageChain/configStaff/index.wxml","32","edit","True"
"管理端","pageChain/configStaff/index.wxml","42","edit","True"
"管理端","pageChain/configStaff/staff-edit.wxml","6","sectionChange","True"
"管理端","pageChain/configStaff/staff-edit.wxml","12","chooseAvatar","True"
"管理端","pageChain/configStaff/staff-edit.wxml","22","e0","True"
"管理端","pageChain/configStaff/staff-edit.wxml","25","actionSheetCallback","True"
"管理端","pageChain/configStaff/staff-edit.wxml","31","savedata","True"
"管理端","pageChain/configStaff/staff-edit.wxml","32","delmodal","True"
"管理端","pageChain/configStaff/staff-edit.wxml","35","confirmbtn","True"
"管理端","pageChain/configStaff/staff-edit.wxml","45","cancelbtn","True"
"管理端","pageChain/configStaff/staff-edit.wxml","46","confirmbtn","True"
"管理端","pageChain/courseStatistics/compontents/calendar-month.wxml","13","changeDate","True"
"管理端","pageChain/courseStatistics/detailed.wxml","18","headlePrivate","True"
"管理端","pageChain/courseStatistics/detailed.wxml","23","headleLeague","True"
"管理端","pageChain/courseStatistics/detailed.wxml","33","radioGroupChange","True"
"管理端","pageChain/courseStatistics/detailed.wxml","78","headleDelete","True"
"管理端","pageChain/courseStatistics/index.wxml","7","e0","True"
"管理端","pageChain/courseStatistics/index.wxml","15","headleCoachScreening","True"
"管理端","pageChain/courseStatistics/index.wxml","22","headleDalete","True"
"管理端","pageChain/courseStatistics/index.wxml","57","changeDate","True"
"管理端","pageChain/storesManagement/index.wxml","4","hideDown","True"
"管理端","pageChain/storesManagement/index.wxml","9","creatbrand","True"
"管理端","pageChain/storesManagement/index.wxml","12","creatbrand","True"
"管理端","pageChain/storesManagement/index.wxml","15","creatbrand","True"
"管理端","pageChain/storesManagement/index.wxml","16","creatbrand","True"
"管理端","pageChain/storesManagement/index.wxml","17","creatbrand","True"
"管理端","pageChain/storesManagement/index.wxml","40","handleShowTitle","True"
"管理端","pageChain/storesManagement/index.wxml","46","handleHome","True"
"管理端","pageChain/storesManagement/index.wxml","50","editHome","True"
"管理端","pageChain/storesManagement/index.wxml","54","handleDelect","True"
"管理端","pageChain/storesManagement/index.wxml","66","handleCreated","True"
"管理端","pageChain/storesManagement/index.wxml","78","handleCancelbtn","True"
"管理端","pageChain/storesManagement/index.wxml","86","handleCancelbtn","True"
"管理端","pageChain/storesManagement/index.wxml","89","confirmDel","True"
"管理端","pageChain/storesManagement/index.wxml","97","handleSubmit","True"
"管理端","pageConfig/appointment/index.wxml","14","saveCode","True"
"管理端","pageConfig/appointSetting/index.wxml","19","openConfig","True"
"管理端","pageConfig/appointSetting/index.wxml","34","openConfig","True"
"管理端","pageConfig/appointSetting/index.wxml","41","openConfig","True"
"管理端","pageConfig/appointSetting/index.wxml","48","openConfig","True"
"管理端","pageConfig/appointSetting/index.wxml","55","openConfig","True"
"管理端","pageConfig/appointSetting/index.wxml","62","openConfig","True"
"管理端","pageConfig/appointSetting/index.wxml","69","openConfig","True"
"管理端","pageConfig/appointSetting/index.wxml","76","openConfig","True"
"管理端","pageConfig/appointSetting/index.wxml","91","openConfig","True"
"管理端","pageConfig/appointSetting/index.wxml","98","openConfig","True"
"管理端","pageConfig/appointSetting/index.wxml","105","openConfig","True"
"管理端","pageConfig/appointSetting/index.wxml","112","openConfig","True"
"管理端","pageConfig/appointSetting/index.wxml","119","openConfig","True"
"管理端","pageConfig/appointSetting/index.wxml","126","openConfig","True"
"管理端","pageConfig/appointSetting/index.wxml","133","openConfig","True"
"管理端","pageConfig/appointSetting/index.wxml","148","confirm","True"
"管理端","pageConfig/appointSetting/index.wxml","157","punishChange","True"
"管理端","pageConfig/appointSetting/index.wxml","169","punishBlue","True"
"管理端","pageConfig/appointSetting/index.wxml","174","punishBlue","True"
"管理端","pageConfig/appointSetting/index.wxml","179","punishBlue","True"
"管理端","pageConfig/appointSetting/index.wxml","184","punishBlue","True"
"管理端","pageConfig/appointSetting/index.wxml","196","openTime","True"
"管理端","pageConfig/appointSetting/index.wxml","253","changeTime","True"
"管理端","pageConfig/coachLeave/coachLeave.wxml","15","headleEdit","True"
"管理端","pageConfig/coachLeave/coachLeave.wxml","67","Click","True"
"管理端","pageConfig/coachLeave/editLeave.wxml","19","onTime","True"
"管理端","pageConfig/coachLeave/editLeave.wxml","21","onTimes","True"
"管理端","pageConfig/coachLeave/editLeave.wxml","26","confirm","True"
"管理端","pageConfig/coachLeave/editLeave.wxml","27","fixhour","True"
"管理端","pageConfig/coachLeave/editLeave.wxml","66","Click","True"
"管理端","pageConfig/coachLeave/editLeave.wxml","67","headledelete","True"
"管理端","pageConfig/coachLeave/editLeave.wxml","76","handleCancelbtn","True"
"管理端","pageConfig/coachLeave/editLeave.wxml","77","handleDeterminebtn","True"
"管理端","pageConfig/coachLeave/editLeave.wxml","85","handleCancelbtn","True"
"管理端","pageConfig/coachLeave/editLeave.wxml","86","handleDeterminebtn","True"
"管理端","pageConfig/coachLeave/index.wxml","22","onDetail","True"
"管理端","pageConfig/coachLeave/index.wxml","32","onDetail","True"
"管理端","pageConfig/components/fixed-btn/index.wxml","1","Click","True"
"管理端","pageConfig/components/select-time.wxml","1","back","True"
"管理端","pageConfig/components/select-time.wxml","3","submit","True"
"管理端","pageConfig/components/select-time.wxml","7","bindChange","True"
"管理端","pageConfig/displayHide/index.wxml","22","showSchematicPop","True"
"管理端","pageConfig/displayHide/index.wxml","25","headleStatus","True"
"管理端","pageConfig/displayHide/index.wxml","38","showSchematicPop","True"
"管理端","pageConfig/displayHide/index.wxml","41","headleStatus","True"
"管理端","pageConfig/displayHide/index.wxml","54","showSchematicPop","True"
"管理端","pageConfig/displayHide/index.wxml","57","headleStatus","True"
"管理端","pageConfig/displayHide/index.wxml","72","headleStatus","True"
"管理端","pageConfig/displayHide/index.wxml","87","headleStatus","True"
"管理端","pageConfig/displayHide/index.wxml","95","e0","True"
"管理端","pageConfig/displayHide/index.wxml","102","e1","True"
"管理端","pageConfig/displayHide/index.wxml","126","cancelbtn","True"
"管理端","pageConfig/displayHide/index.wxml","127","refuseconfirm","True"
"管理端","pageConfig/embershipAgreement/editAgreement.wxml","7","format","True"
"管理端","pageConfig/embershipAgreement/editAgreement.wxml","15","onInput","True"
"管理端","pageConfig/embershipAgreement/editAgreement.wxml","19","headFlag","True"
"管理端","pageConfig/embershipAgreement/editAgreement.wxml","24","headleCreal","True"
"管理端","pageConfig/embershipAgreement/editAgreement.wxml","30","submitBlog","True"
"管理端","pageConfig/embershipAgreement/editAgreement.wxml","33","headDelete","True"
"管理端","pageConfig/embershipAgreement/editAgreement.wxml","39","confirm","True"
"管理端","pageConfig/memberConfigCourse/index.wxml","96","savePoster","True"
"管理端","pageConfig/memberConfigCourse/index.wxml","102","savePoster","True"
"管理端","pageConfig/memberConfigKindReminder/editMemberConfigKindReminder.wxml","14","onInput","True"
"管理端","pageConfig/memberConfigKindReminder/editMemberConfigKindReminder.wxml","18","headFlag","True"
"管理端","pageConfig/memberConfigKindReminder/editMemberConfigKindReminder.wxml","23","headleCreal","True"
"管理端","pageConfig/memberConfigKindReminder/editMemberConfigKindReminder.wxml","29","submitBlog","True"
"管理端","pageConfig/memberConfigKindReminder/editMemberConfigKindReminder.wxml","32","headDelete","True"
"管理端","pageConfig/memberConfigKindReminder/editMemberConfigKindReminder.wxml","38","confirm","True"
"管理端","pageConfig/memberConfigKindReminder/index.wxml","15","changeTab","True"
"管理端","pageConfig/memberConfigKindReminder/index.wxml","17","Click","True"
"管理端","pageConfig/memberConfigKindReminder/index.wxml","28","Click","True"
"管理端","pageConfig/memberConfigShow/editMenberConfigShow.wxml","15","chooseAvatar","True"
"管理端","pageConfig/memberConfigShow/editMenberConfigShow.wxml","17","moveUp","True"
"管理端","pageConfig/memberConfigShow/editMenberConfigShow.wxml","21","del","True"
"管理端","pageConfig/memberConfigShow/editMenberConfigShow.wxml","31","chooseAvatar","True"
"管理端","pageConfig/memberConfigShow/editMenberConfigShow.wxml","39","confirm","True"
"管理端","pageConfig/memberConfigShow/index.wxml","14","Click","True"
"管理端","pageConfig/memberConfigShow/index.wxml","15","Click","True"
"管理端","pageConfig/memberConfigShow/index.wxml","25","Click","True"
"管理端","pageConfig/membership/index.wxml","16","headleName","True"
"管理端","pageConfig/membership/index.wxml","35","change","True"
"管理端","pageConfig/membership/index.wxml","40","goMember","True"
"管理端","pageConfig/notificationManagement/index.wxml","10","showSchematicPop","True"
"管理端","pageConfig/notificationManagement/index.wxml","23","headleEdit","True"
"管理端","pageConfig/notificationManagement/index.wxml","57","Click","True"
"管理端","pageConfig/notificationManagement/index.wxml","63","handleCancelbtn","True"
"管理端","pageConfig/notificationManagement/index.wxml","67","e0","True"
"管理端","pageConfig/notificationManagement/index.wxml","74","e1","True"
"管理端","pageConfig/notificationManagement/notification.wxml","13","headleClean","True"
"管理端","pageConfig/notificationManagement/notification.wxml","19","Click","True"
"管理端","pageConfig/notificationManagement/notification.wxml","20","DeleteModal","True"
"管理端","pageConfig/notificationManagement/notification.wxml","28","handleCancelbtn","True"
"管理端","pageConfig/notificationManagement/notification.wxml","29","handleDeterminebtn","True"
"管理端","pageConfig/notificationManagement/notification.wxml","37","handleCancelbtn","True"
"管理端","pageConfig/notificationManagement/notification.wxml","38","handleDeterminebtn","True"
"管理端","pageConfig/notificationManagement/notification.wxml","46","handleDeleteCancelbtn","True"
"管理端","pageConfig/notificationManagement/notification.wxml","47","handleDeleteDeterminebtn","True"
"管理端","pageConfig/notificationManagement/notification.wxml","53","handleDeleteCancelbtn","True"
"管理端","pageConfig/notificationManagement/notification.wxml","54","handleDeleteDeterminebtn","True"
"管理端","pageConfig/reminderSettings/index.wxml","20","openManagerPopup","True"
"管理端","pageConfig/reminderSettings/index.wxml","22","openManagerPopup","True"
"管理端","pageConfig/reminderSettings/index.wxml","32","headleStatus","True"
"管理端","pageConfig/reminderSettings/index.wxml","47","headleStatus","True"
"管理端","pageConfig/reminderSettings/index.wxml","62","headleStatus","True"
"管理端","pageConfig/reminderSettings/index.wxml","78","confirmSelection","True"
"管理端","pageConfig/reminderSettings/index.wxml","81","toggleTeacher","True"
"管理端","pageConfig/shopReport/index.wxml","26","reportMember","True"
"管理端","pageConfig/shopReport/index.wxml","53","cardReport","True"
"管理端","pageConfig/shopReport/index.wxml","87","cancelbtn","True"
"管理端","pageConfig/shopReport/index.wxml","88","confirm","True"
"管理端","pageConfig/stopDoing/editStopDoing.wxml","13","onTime","True"
"管理端","pageConfig/stopDoing/editStopDoing.wxml","13","onTimes","True"
"管理端","pageConfig/stopDoing/editStopDoing.wxml","15","confirm","True"
"管理端","pageConfig/stopDoing/editStopDoing.wxml","16","fixhour","True"
"管理端","pageConfig/stopDoing/editStopDoing.wxml","83","editClick","True"
"管理端","pageConfig/stopDoing/editStopDoing.wxml","84","headledelete","True"
"管理端","pageConfig/stopDoing/editStopDoing.wxml","103","handleCancelbtn","True"
"管理端","pageConfig/stopDoing/editStopDoing.wxml","104","handleDeterminebtn","True"
"管理端","pageConfig/stopDoing/editStopDoing.wxml","110","handleCancelbtn","True"
"管理端","pageConfig/stopDoing/editStopDoing.wxml","111","handleDeterminebtn","True"
"管理端","pageConfig/stopDoing/editStopDoing.wxml","119","handleEditCancelbtn","True"
"管理端","pageConfig/stopDoing/editStopDoing.wxml","120","handleEditDeterminebtn","True"
"管理端","pageConfig/stopDoing/editStopDoing.wxml","133","terminateConfirm","True"
"管理端","pageConfig/stopDoing/index.wxml","10","showSchematicPop","True"
"管理端","pageConfig/stopDoing/index.wxml","24","headleEdit","True"
"管理端","pageConfig/stopDoing/index.wxml","63","Click","True"
"管理端","pageConfig/stopDoing/index.wxml","64","e0","True"
"管理端","pageConfig/stopDoing/index.wxml","71","e1","True"
"管理端","pageMember/components/addPoint.wxml","4","submit","True"
"管理端","pageMember/components/businessdata-money-popup.wxml","4","submit","True"
"管理端","pageMember/components/calendar-month.wxml","13","changeDate","True"
"管理端","pageMember/components/card-set.wxml","4","submit","True"
"管理端","pageMember/components/card-set.wxml","15","healdeTime","True"
"管理端","pageMember/components/card-set.wxml","29","handleCancelbtn","True"
"管理端","pageMember/components/card-set.wxml","30","handleBtncardSet","True"
"管理端","pageMember/components/card-set.wxml","33","confirm","True"
"管理端","pageMember/components/choseCard.wxml","4","submit","True"
"管理端","pageMember/components/choseCard.wxml","8","cardClick","True"
"管理端","pageMember/components/choseCard.wxml","30","headleNoCard","True"
"管理端","pageMember/components/editPoint.wxml","4","submit","True"
"管理端","pageMember/components/immediatelyCard/card_limit.wxml","4","submitConfirm","True"
"管理端","pageMember/components/immediatelyCard/card_limit.wxml","23","radioGroupChange","True"
"管理端","pageMember/components/immediatelyCard/card_limit.wxml","35","valChange","True"
"管理端","pageMember/components/immediatelyCard/card_limit.wxml","46","headleCardSet","True"
"管理端","pageMember/components/immediatelyCard/card_limit.wxml","57","headleTime","True"
"管理端","pageMember/components/immediatelyCard/card_limit.wxml","86","valChange","True"
"管理端","pageMember/components/immediatelyCard/card_limit.wxml","90","headleCardSet","True"
"管理端","pageMember/components/immediatelyCard/card_limit.wxml","101","headleTime","True"
"管理端","pageMember/components/immediatelyCard/card_limit.wxml","135","headleCardSet","True"
"管理端","pageMember/components/immediatelyCard/card_limit.wxml","146","headleTime","True"
"管理端","pageMember/components/immediatelyCard/card_limit.wxml","174","timeSubmit","True"
"管理端","pageMember/components/immediatelyCard/card_limit.wxml","175","confirm","True"
"管理端","pageMember/components/immediatelyCard/card_limit.wxml","176","cardSubmit","True"
"管理端","pageMember/components/immediatelyCard/card_limit.wxml","189","cancelbtn","True"
"管理端","pageMember/components/immediatelyCard/card_limit.wxml","190","submit","True"
"管理端","pageMember/components/immediatelyCard/new_card.wxml","10","cardClick","True"
"管理端","pageMember/components/immediatelyCard/new_card.wxml","35","cardLimitSubmit","True"
"管理端","pageMember/components/immediatelyCard/time.wxml","3","submit","True"
"管理端","pageMember/components/immediatelyCard/time.wxml","7","bindChange","True"
"管理端","pageMember/components/make-over.wxml","4","submit","True"
"管理端","pageMember/components/make-over.wxml","25","confirmbtn","True"
"管理端","pageMember/components/make-over.wxml","35","confirmbtnFail","True"
"管理端","pageMember/components/mark-pop.wxml","10","headleRadio","True"
"管理端","pageMember/components/mark-pop.wxml","17","radioGroupChange","True"
"管理端","pageMember/components/membershipConsultant.wxml","10","changetrainer","True"
"管理端","pageMember/components/membershipConsultant.wxml","20","changetrainer","True"
"管理端","pageMember/components/membershipConsultant.wxml","40","cancelbtn","True"
"管理端","pageMember/components/navigation/headPhoto.wxml","9","back","True"
"管理端","pageMember/components/quantity.wxml","4","submit","True"
"管理端","pageMember/components/quantity.wxml","11","moreClick","False"
"管理端","pageMember/components/quantity.wxml","12","moreClick","False"
"管理端","pageMember/components/quantity.wxml","19","healdAdd","True"
"管理端","pageMember/components/quantity.wxml","30","healdAdd","True"
"管理端","pageMember/components/quantity.wxml","57","cancelbtn","True"
"管理端","pageMember/components/quantity.wxml","58","confirm","True"
"管理端","pageMember/components/remarks.wxml","4","submit","True"
"管理端","pageMember/components/remarks.wxml","10","headleClean","True"
"管理端","pageMember/components/search-header/index.wxml","3","headleSearch","True"
"管理端","pageMember/components/search-header/index.wxml","9","pl","True"
"管理端","pageMember/components/search-header/index.wxml","17","headleScreen","True"
"管理端","pageMember/components/stopping.wxml","4","submit","True"
"管理端","pageMember/components/stopping.wxml","9","onTime","True"
"管理端","pageMember/components/stopping.wxml","44","cancelbtn","True"
"管理端","pageMember/components/stopping.wxml","45","stopCardconfirm","True"
"管理端","pageMember/components/stopping.wxml","48","confirm","True"
"管理端","pageMember/components/userCard/amount-paid.wxml","4","submit","True"
"管理端","pageMember/components/userCard/amount-paid.wxml","13","showinput","True"
"管理端","pageMember/components/userCard/card-management.wxml","6","headleType","True"
"管理端","pageMember/components/userCard/card-management.wxml","20","AdjustmentSubmit","True"
"管理端","pageMember/components/userCard/card-management.wxml","21","vailditySubmit","True"
"管理端","pageMember/components/userCard/card-management.wxml","22","leaveSubmit","True"
"管理端","pageMember/components/userCard/card-management.wxml","23","cardStoppingSubmit","True"
"管理端","pageMember/components/userCard/card-management.wxml","24","editRemarkCard","True"
"管理端","pageMember/components/userCard/card-management.wxml","25","headleRenew","True"
"管理端","pageMember/components/userCard/card-management.wxml","30","headleStatus","True"
"管理端","pageMember/components/userCard/card-management.wxml","39","headleCancel","True"
"管理端","pageMember/components/userCard/card-management.wxml","40","headleBtn","True"
"管理端","pageMember/components/userCard/funds-received.wxml","4","submit","True"
"管理端","pageMember/components/validity.wxml","4","submit","True"
"管理端","pageMember/components/validity.wxml","9","healdAdd","True"
"管理端","pageMember/components/validity.wxml","80","cancelbtn","True"
"管理端","pageMember/components/validity.wxml","81","confirm","True"
"管理端","pageMember/del-card/del-card.wxml","16","moreProject","False"
"管理端","pageMember/del-card/del-card.wxml","20","delmodal","True"
"管理端","pageMember/del-card/del-card.wxml","39","deleteBtnClick","True"
"管理端","pageMember/del-member/del-member.wxml","17","headleDetails","True"
"管理端","pageMember/del-member/del-member.wxml","20","headleDetails","True"
"管理端","pageMember/del-member/del-member.wxml","33","delmodal","True"
"管理端","pageMember/del-member/del-member.wxml","63","deleteBtnClick","True"
"管理端","pageMember/del-member/del-member.wxml","73","terminateConfirm","True"
"管理端","pageMember/details/card-consumption.wxml","7","back","True"
"管理端","pageMember/details/card-consumption.wxml","19","back","True"
"管理端","pageMember/details/card-consumption.wxml","42","fundsReceived","True"
"管理端","pageMember/details/card-consumption.wxml","47","balanceMoney","True"
"管理端","pageMember/details/card-consumption.wxml","51","balanceMoney","True"
"管理端","pageMember/details/card-consumption.wxml","55","balanceMoney","True"
"管理端","pageMember/details/card-consumption.wxml","85","reconsumption","True"
"管理端","pageMember/details/card-consumption.wxml","189","fundsReceivedSubmit","True"
"管理端","pageMember/details/card-consumption.wxml","190","balanceMoneySubmit","True"
"管理端","pageMember/details/card-consumption.wxml","196","confirmbtn","True"
"管理端","pageMember/details/card-consumption.wxml","212","hintcancelbtn","True"
"管理端","pageMember/details/card-consumption.wxml","213","hintconfirm","True"
"管理端","pageMember/details/cardDetail.wxml","1","cancelBubbling","True"
"管理端","pageMember/details/cardDetail.wxml","7","back","True"
"管理端","pageMember/details/cardDetail.wxml","21","moreProject","True"
"管理端","pageMember/details/cardDetail.wxml","30","fundsReceived","True"
"管理端","pageMember/details/cardDetail.wxml","40","balanceMoney","True"
"管理端","pageMember/details/cardDetail.wxml","55","remarkCard","True"
"管理端","pageMember/details/cardDetail.wxml","60","headleSet","True"
"管理端","pageMember/details/cardDetail.wxml","62","headleReceive","True"
"管理端","pageMember/details/cardDetail.wxml","69","change","True"
"管理端","pageMember/details/cardDetail.wxml","78","updateCardInfo","True"
"管理端","pageMember/details/cardDetail.wxml","89","headleDetails","True"
"管理端","pageMember/details/cardDetail.wxml","161","showDrop","True"
"管理端","pageMember/details/cardDetail.wxml","169","remark","True"
"管理端","pageMember/details/cardDetail.wxml","200","updateDetailsPage","True"
"管理端","pageMember/details/cardDetail.wxml","201","remarksSubmit","True"
"管理端","pageMember/details/cardDetail.wxml","202","radioGroupSubmit","True"
"管理端","pageMember/details/cardDetail.wxml","213","headleForward","True"
"管理端","pageMember/details/cardDetail.wxml","219","headleSelf","True"
"管理端","pageMember/details/cardDetail.wxml","228","handleCancelbtn","True"
"管理端","pageMember/details/cardDetail.wxml","240","handleCopy","True"
"管理端","pageMember/details/cardDetail.wxml","243","newCardSubmit","True"
"管理端","pageMember/details/cardDetail.wxml","244","fundsReceivedSubmit","True"
"管理端","pageMember/details/cardDetail.wxml","245","makeOverSubmit","True"
"管理端","pageMember/details/cardDetail.wxml","247","editRemark","True"
"管理端","pageMember/details/cardDetail.wxml","248","editRemarkCard","True"
"管理端","pageMember/details/cardDetail.wxml","249","forbiddenConfirmBtn","True"
"管理端","pageMember/details/courseDetail.wxml","6","e0","True"
"管理端","pageMember/details/courseDetail.wxml","34","headleDetails","True"
"管理端","pageMember/details/courseDetail.wxml","120","changeDate","True"
"管理端","pageMember/details/index.wxml","1","cancelBubbling","True"
"管理端","pageMember/details/index.wxml","7","back","True"
"管理端","pageMember/details/index.wxml","19","back","True"
"管理端","pageMember/details/index.wxml","38","headleMark","True"
"管理端","pageMember/details/index.wxml","46","headleSetUp","True"
"管理端","pageMember/details/index.wxml","51","changeShowDrop","True"
"管理端","pageMember/details/index.wxml","60","forbidden","True"
"管理端","pageMember/details/index.wxml","64","forbidden","True"
"管理端","pageMember/details/index.wxml","68","makeOver","True"
"管理端","pageMember/details/index.wxml","79","freeTell","True"
"管理端","pageMember/details/index.wxml","92","headleRemarks","True"
"管理端","pageMember/details/index.wxml","108","rechargeAmount","True"
"管理端","pageMember/details/index.wxml","114","courseDetail","True"
"管理端","pageMember/details/index.wxml","121","personalDetail","True"
"管理端","pageMember/details/index.wxml","128","pointDetail","True"
"管理端","pageMember/details/index.wxml","135","truantDetail","True"
"管理端","pageMember/details/index.wxml","157","headleReceive","True"
"管理端","pageMember/details/index.wxml","164","recycle","True"
"管理端","pageMember/details/index.wxml","173","recycle","True"
"管理端","pageMember/details/index.wxml","182","toggleCard","True"
"管理端","pageMember/details/index.wxml","183","moreProject","True"
"管理端","pageMember/details/index.wxml","184","remarkCard","True"
"管理端","pageMember/details/index.wxml","194","toggleCard","True"
"管理端","pageMember/details/index.wxml","195","moreProject","True"
"管理端","pageMember/details/index.wxml","196","remarkCard","True"
"管理端","pageMember/details/index.wxml","206","headleNewCard","True"
"管理端","pageMember/details/index.wxml","213","remarksSubmit","True"
"管理端","pageMember/details/index.wxml","214","radioGroupSubmit","True"
"管理端","pageMember/details/index.wxml","215","headleDelUserCard","True"
"管理端","pageMember/details/index.wxml","226","headleForward","True"
"管理端","pageMember/details/index.wxml","232","headleSelf","True"
"管理端","pageMember/details/index.wxml","241","handleCancelbtn","True"
"管理端","pageMember/details/index.wxml","253","handleCopy","True"
"管理端","pageMember/details/index.wxml","256","newCardSubmit","True"
"管理端","pageMember/details/index.wxml","257","makeOverSubmit","True"
"管理端","pageMember/details/index.wxml","259","editRemark","True"
"管理端","pageMember/details/index.wxml","260","editRemarkCard","True"
"管理端","pageMember/details/index.wxml","261","forbiddenConfirmBtn","True"
"管理端","pageMember/details/memberPoint.wxml","1","cancelBubbling","True"
"管理端","pageMember/details/memberPoint.wxml","10","addPoint","True"
"管理端","pageMember/details/memberPoint.wxml","14","addPoint","True"
"管理端","pageMember/details/memberPoint.wxml","50","showDrop","True"
"管理端","pageMember/details/memberPoint.wxml","58","editPoint","True"
"管理端","pageMember/details/memberPoint.wxml","62","delPoint","True"
"管理端","pageMember/details/memberPoint.wxml","89","confirm","True"
"管理端","pageMember/details/memberPoint.wxml","95","reGetList","True"
"管理端","pageMember/details/memberPoint.wxml","96","reGetList","True"
"管理端","pageMember/details/rechargeAmount.wxml","4","cancelBubbling","True"
"管理端","pageMember/details/rechargeAmount.wxml","34","e0","True"
"管理端","pageMember/details/rechargeAmount.wxml","42","e1","True"
"管理端","pageMember/details/rechargeAmount.wxml","44","e2","True"
"管理端","pageMember/details/rechargeAmount.wxml","63","headleClose","True"
"管理端","pageMember/details/rechargeAmount.wxml","64","editremarkOrder","True"
"管理端","pageMember/details/rechargeAmount.wxml","65","confirm","True"
"管理端","pageMember/details/recordDetails.wxml","4","appointDetails","False"
"管理端","pageMember/index.wxml","1","cancelbtn","True"
"管理端","pageMember/information/index.wxml","7","headleSwitch","True"
"管理端","pageMember/information/index.wxml","11","chooseAvatar","True"
"管理端","pageMember/information/index.wxml","12","chooseAvatar","True"
"管理端","pageMember/information/index.wxml","36","headleSex","True"
"管理端","pageMember/information/index.wxml","46","headleBirthday","True"
"管理端","pageMember/information/index.wxml","63","headlePicker","True"
"管理端","pageMember/information/index.wxml","73","headlePicker","True"
"管理端","pageMember/information/index.wxml","83","headleMembershipConsultant","True"
"管理端","pageMember/information/index.wxml","93","headleRemarks","True"
"管理端","pageMember/information/index.wxml","101","headlePreservation","True"
"管理端","pageMember/information/index.wxml","102","headleDelete","True"
"管理端","pageMember/information/index.wxml","121","headleClean","True"
"管理端","pageMember/information/index.wxml","124","preservation","True"
"管理端","pageMember/information/index.wxml","128","Sex","True"
"管理端","pageMember/information/index.wxml","129","pickerCallback","True"
"管理端","pageMember/information/index.wxml","130","Birthday","True"
"管理端","pageMember/information/index.wxml","131","membershipConsultant","True"
"管理端","pageMember/information/index.wxml","132","remarksSubmit","True"
"管理端","pageMember/information/index.wxml","137","headleStatus","True"
"管理端","pageMember/information/index.wxml","146","handleCancelbtn","True"
"管理端","pageMember/information/index.wxml","147","handleDeterminebtn","True"
"管理端","pageMember/information/index.wxml","157","e0","True"
"管理端","pageMember/screen.wxml","8","headleSearch","True"
"管理端","pageMember/screen.wxml","89","checkboxChange","True"
"管理端","pageMember/screen.wxml","91","checkboxChange","True"
"管理端","pageMember/screen.wxml","94","headleDelete","True"
"管理端","pageMember/screen.wxml","100","headleDelete","True"
"管理端","pageMember/screen.wxml","125","headleDelete","True"
"管理端","pageMember/screen.wxml","126","headleDelete","True"
"管理端","pageMember/screen.wxml","127","e0","True"
"管理端","pageMember/screen.wxml","149","allCheckboxChange","True"
"管理端","pageMember/screen.wxml","159","headleplcard","True"
"管理端","pageMember/screen.wxml","160","headleStopping","True"
"管理端","pageMember/screen.wxml","161","headleStopping","True"
"管理端","pageMember/screen.wxml","162","headleAdjustment","True"
"管理端","pageMember/screen.wxml","163","headleDelay","True"
"管理端","pageMember/screen.wxml","164","plheadleDelay","True"
"管理端","pageMember/screen.wxml","165","plheadleStopping","True"
"管理端","pageMember/screen.wxml","166","plheadleStopping","True"
"管理端","pageMember/screen.wxml","172","headleCancel","True"
"管理端","pageMember/screen.wxml","178","chooseCard","True"
"管理端","pageMember/screen.wxml","201","headleNoCard","True"
"管理端","pageMember/screen.wxml","209","headleRemarks","True"
"管理端","pageMember/screen.wxml","216","headleFlag","True"
"管理端","pageMember/screen.wxml","227","headleStatus","True"
"管理端","pageMember/screen.wxml","233","headleMembershipActive","True"
"管理端","pageMember/screen.wxml","239","headlenoClassList","True"
"管理端","pageMember/screen.wxml","245","headleGroupClass","True"
"管理端","pageMember/screen.wxml","252","headleSex","True"
"管理端","pageMember/screen.wxml","258","onTime1","True"
"管理端","pageMember/screen.wxml","260","onTimes1","True"
"管理端","pageMember/screen.wxml","267","birthdayStrartPicker","True"
"管理端","pageMember/screen.wxml","269","birthdayEndPicker","True"
"管理端","pageMember/screen.wxml","275","handleCancelbtns","True"
"管理端","pageMember/screen.wxml","276","handleDeterminebtns","True"
"管理端","pageMember/screen.wxml","279","headlelistCancel","True"
"管理端","pageMember/screen.wxml","284","handlepl","True"
"管理端","pageMember/screen.wxml","285","handlepl","True"
"管理端","pageMember/screen.wxml","288","handlepl","True"
"管理端","pageMember/screen.wxml","289","handlepl","True"
"管理端","pageMember/screen.wxml","292","handlepl","True"
"管理端","pageMember/screen.wxml","293","handlepl","True"
"管理端","pageMember/screen.wxml","305","confirm","True"
"管理端","pageMember/screen.wxml","306","fixhour","True"
"管理端","pageMember/screen.wxml","307","confirmbirthday","True"
"管理端","pageMember/screen.wxml","308","fixhourbirthday","True"
"管理端","pageMember/screen.wxml","309","AdjustmentSubmit","True"
"管理端","pageMember/screen.wxml","310","cardli","True"
"管理端","pageMember/screen.wxml","311","getDelayCard","True"
"管理端","pageMember/screen.wxml","312","getSuspensionCard","True"
"管理端","pageMember/screen.wxml","313","memberUpdate","True"
"管理端","pageMember/screen.wxml","314","newCardSubmit","True"
"管理端","pageMember/screen.wxml","317","confirm1","True"
"管理端","pageMember/screen.wxml","350","cancelbtn","True"
"管理端","pageMember/screen.wxml","351","stopCardfirm","True"
"管理端","pageMember/screen.wxml","366","cancelPlbtn","True"
"管理端","pageMember/screen.wxml","367","stopPlCardfirm","True"
"管理端","pageMember/search.wxml","25","headleDelete","True"
"管理端","pageMember/search.wxml","54","headleCard","True"
"管理端","pageMember/search.wxml","67","headleCardSubmit","True"
"管理端","pageReport/coach/classStatistics.wxml","6","dateClick","True"
"管理端","pageReport/coach/classStatistics.wxml","14","headleCoachScreening","True"
"管理端","pageReport/coach/classStatistics.wxml","21","headleDalete","True"
"管理端","pageReport/coach/detailed.wxml","18","headlePrivate","True"
"管理端","pageReport/coach/detailed.wxml","23","headleLeague","True"
"管理端","pageReport/coach/detailed.wxml","33","radioGroupChange","True"
"管理端","pageReport/coach/detailed.wxml","44","leagueClassDetails","True"
"管理端","pageReport/coach/detailed.wxml","76","headleDelete","True"
"管理端","pageReport/coach/detailed.wxml","131","headleDetails","True"
"管理端","pageReport/coach/detailed.wxml","137","headleDetails","True"
"管理端","pageReport/component/calendar-month.wxml","13","changeDate","True"
"管理端","pageReport/component/calendar-year.wxml","6","changeDate","True"
"管理端","pageReport/component/head-hint/head-hint.wxml","6","dataexplain","True"
"管理端","pageReport/component/head-hint/head-hint.wxml","11","refreshclick","True"
"管理端","pageReport/component/head-hint/head-hint.wxml","24","confirmbtnFail","True"
"管理端","pageReport/component/head-hint/head-hint.wxml","31","ljconsumption","True"
"管理端","pageReport/component/head-hint/head-hint.wxml","35","consumptionhandleCancelbtn","True"
"管理端","pageReport/component/head-hint/head-hint.wxml","46","succCconfirmbtn","True"
"管理端","pageReport/component/navigationReport/index.wxml","6","back","True"
"管理端","pageReport/component/popupTop.wxml","1","close","False"
"管理端","pageReport/component/quickfill.wxml","3","submit","True"
"管理端","pageReport/component/quickfillCourseAmount.wxml","7","submit","True"
"管理端","pageReport/component/quickfillPersonTime.wxml","7","submit","True"
"管理端","pageReport/course/courseReportForm.wxml","89","dataexplain","True"
"管理端","pageReport/course/courseReportForm.wxml","97","headleDelete","True"
"管理端","pageReport/course/courseReportFormDay.wxml","62","headleLeague","True"
"管理端","pageReport/course/courseReportFormDay.wxml","65","headlePrivate","True"
"管理端","pageReport/course/courseReportFormDay.wxml","78","leagueClassDetails","True"
"管理端","pageReport/course/courseReportFormDay.wxml","122","appointShowDrop","False"
"管理端","pageReport/course/courseReportFormMonth.wxml","78","headleDelete","True"
"管理端","pageReport/courseAnalyze/privateCourseDetailRank.wxml","31","headleDetails","False"
"管理端","pageReport/courseAnalyze/privateCourseDetailRank.wxml","37","headleDetails","False"
"管理端","pageReport/courseAnalyze/privateCourseRank.wxml","1","cancelBubbling","True"
"管理端","pageReport/courseAnalyze/privateCourseRank.wxml","20","changeShowDrop","True"
"管理端","pageReport/courseAnalyze/privateCourseRank.wxml","24","forbidden","True"
"管理端","pageReport/courseAnalyze/privateCourseRank.wxml","30","startTimeChange","True"
"管理端","pageReport/courseAnalyze/privateCourseRank.wxml","35","endTimeChange","True"
"管理端","pageReport/courseAnalyze/privateCourseRank.wxml","45","forbidden","True"
"管理端","pageReport/courseAnalyze/privateCourseRank.wxml","47","forbidden","True"
"管理端","pageReport/courseAnalyze/privateCourseRank.wxml","49","forbidden","True"
"管理端","pageReport/courseAnalyze/privateCourseRank.wxml","51","forbidden","True"
"管理端","pageReport/courseAnalyze/privateCourseRank.wxml","84","memberDetails","True"
"管理端","pageReport/courseAnalyze/privateCourseRank.wxml","85","memberDetails","True"
"管理端","pageReport/courseAnalyze/privateCourseRank.wxml","129","changeDate","True"
"管理端","pageReport/courseAnalyze/privateCourseRank.wxml","130","changeyear","True"
"管理端","pageReport/courseAnalyze/privateCourseRank.wxml","131","startTimeconfirm","True"
"管理端","pageReport/courseAnalyze/privateCourseRank.wxml","132","endTimeconfirm","True"
"管理端","pageReport/courseAnalyze/teamCourseDetailRank.wxml","59","leagueClassDetails","True"
"管理端","pageReport/courseAnalyze/teamCourseRank.wxml","1","cancelBubbling","True"
"管理端","pageReport/courseAnalyze/teamCourseRank.wxml","20","changeShowDrop","True"
"管理端","pageReport/courseAnalyze/teamCourseRank.wxml","24","forbidden","True"
"管理端","pageReport/courseAnalyze/teamCourseRank.wxml","30","startTimeChange","True"
"管理端","pageReport/courseAnalyze/teamCourseRank.wxml","35","endTimeChange","True"
"管理端","pageReport/courseAnalyze/teamCourseRank.wxml","45","forbidden","True"
"管理端","pageReport/courseAnalyze/teamCourseRank.wxml","47","forbidden","True"
"管理端","pageReport/courseAnalyze/teamCourseRank.wxml","49","forbidden","True"
"管理端","pageReport/courseAnalyze/teamCourseRank.wxml","51","forbidden","True"
"管理端","pageReport/courseAnalyze/teamCourseRank.wxml","59","headlememberStatus","True"
"管理端","pageReport/courseAnalyze/teamCourseRank.wxml","73","memberDetails","True"
"管理端","pageReport/courseAnalyze/teamCourseRank.wxml","95","memberDetails","True"
"管理端","pageReport/courseAnalyze/teamCourseRank.wxml","135","changeDate","True"
"管理端","pageReport/courseAnalyze/teamCourseRank.wxml","136","changeyear","True"
"管理端","pageReport/courseAnalyze/teamCourseRank.wxml","137","startTimeconfirm","True"
"管理端","pageReport/courseAnalyze/teamCourseRank.wxml","138","endTimeconfirm","True"
"管理端","pageReport/income/businessData.wxml","72","headleDelete","True"
"管理端","pageReport/income/businessDataDetail.wxml","67","memberDetails","True"
"管理端","pageReport/income/businessDataDetail.wxml","71","memberDetails","True"
"管理端","pageReport/income/businessReportForm.wxml","80","headleDelete","True"
"管理端","pageReport/league/details.wxml","49","leagueClassDetails","True"
"管理端","pageReport/league/statistics.wxml","6","dateClick","True"
"管理端","pageReport/league/statistics.wxml","22","headleDelete","True"
"管理端","pageReport/memberAnalyze/allMember.wxml","17","memberDetails","True"
"管理端","pageReport/memberAnalyze/allMember.wxml","19","memberDetails","True"
"管理端","pageReport/rank/courseRank.wxml","1","cancelBubbling","True"
"管理端","pageReport/rank/courseRank.wxml","20","changeShowDrop","True"
"管理端","pageReport/rank/courseRank.wxml","24","forbidden","True"
"管理端","pageReport/rank/courseRank.wxml","30","startTimeChange","True"
"管理端","pageReport/rank/courseRank.wxml","35","endTimeChange","True"
"管理端","pageReport/rank/courseRank.wxml","45","forbidden","True"
"管理端","pageReport/rank/courseRank.wxml","47","forbidden","True"
"管理端","pageReport/rank/courseRank.wxml","49","forbidden","True"
"管理端","pageReport/rank/courseRank.wxml","51","forbidden","True"
"管理端","pageReport/rank/courseRank.wxml","87","headlememberStatus","True"
"管理端","pageReport/rank/courseRank.wxml","101","memberDetails","True"
"管理端","pageReport/rank/courseRank.wxml","154","changeDate","True"
"管理端","pageReport/rank/courseRank.wxml","155","changeyear","True"
"管理端","pageReport/rank/courseRank.wxml","156","startTimeconfirm","True"
"管理端","pageReport/rank/courseRank.wxml","157","endTimeconfirm","True"
"管理端","pageReport/rank/memberCard.wxml","18","memberDetails","True"
"管理端","pageReport/rank/memberCard.wxml","20","memberDetails","True"
"管理端","pageReport/rank/memberCardAnalyze.wxml","9","headlememberStatus","True"
"管理端","pageReport/rank/memberCardAnalyze.wxml","68","cardClick","True"
"管理端","pageReport/rank/memberCardAnalyze.wxml","92","noCardClick","True"
"管理端","pageReport/rank/memberConsumptionCardRank.wxml","1","cancelBubbling","True"
"管理端","pageReport/rank/memberConsumptionCardRank.wxml","30","changeShowDrop","True"
"管理端","pageReport/rank/memberConsumptionCardRank.wxml","34","forbidden","True"
"管理端","pageReport/rank/memberConsumptionCardRank.wxml","40","startTimeChange","True"
"管理端","pageReport/rank/memberConsumptionCardRank.wxml","45","endTimeChange","True"
"管理端","pageReport/rank/memberConsumptionCardRank.wxml","55","forbidden","True"
"管理端","pageReport/rank/memberConsumptionCardRank.wxml","57","forbidden","True"
"管理端","pageReport/rank/memberConsumptionCardRank.wxml","59","forbidden","True"
"管理端","pageReport/rank/memberConsumptionCardRank.wxml","98","headlememberStatus","True"
"管理端","pageReport/rank/memberConsumptionCardRank.wxml","112","memberDetails","True"
"管理端","pageReport/rank/memberConsumptionCardRank.wxml","168","changeDate","True"
"管理端","pageReport/rank/memberConsumptionCardRank.wxml","169","changeyear","True"
"管理端","pageReport/rank/memberConsumptionCardRank.wxml","170","startTimeconfirm","True"
"管理端","pageReport/rank/memberConsumptionCardRank.wxml","171","endTimeconfirm","True"
"管理端","pageReport/rank/memberPointConfig.wxml","8","headlestart","True"
"管理端","pageReport/rank/memberPointConfig.wxml","27","checkboxChange","True"
"管理端","pageReport/rank/memberPointConfig.wxml","54","checkboxChange","True"
"管理端","pageReport/rank/memberPointConfig.wxml","68","checkboxChange","True"
"管理端","pageReport/rank/memberPointConfig.wxml","86","onInput","True"
"管理端","pageReport/rank/memberPointConfig.wxml","92","headleCreal","True"
"管理端","pageReport/rank/memberPointConfig.wxml","99","submit","True"
"管理端","pageReport/rank/memberPointConfig.wxml","101","onClear","True"
"管理端","pageReport/rank/memberPointConfig.wxml","132","cancelbtn1","True"
"管理端","pageReport/rank/memberPointConfig.wxml","133","pointConfirm","True"
"管理端","pageReport/rank/memberPointConfig.wxml","136","confirm","True"
"管理端","pageReport/rank/memberPointRank.wxml","1","cancelBubbling","True"
"管理端","pageReport/rank/memberPointRank.wxml","11","handleSet","True"
"管理端","pageReport/rank/memberPointRank.wxml","18","changeShowDrop","True"
"管理端","pageReport/rank/memberPointRank.wxml","22","forbidden","True"
"管理端","pageReport/rank/memberPointRank.wxml","32","forbidden","True"
"管理端","pageReport/rank/memberPointRank.wxml","34","forbidden","True"
"管理端","pageReport/rank/memberPointRank.wxml","36","forbidden","True"
"管理端","pageReport/rank/memberPointRank.wxml","47","headlememberStatus","True"
"管理端","pageReport/rank/memberPointRank.wxml","61","memberDetails","True"
"管理端","pageReport/rank/memberPointRank.wxml","79","pointDetails","True"
"管理端","pageReport/rank/memberPointRank.wxml","105","changeDate","True"
"管理端","pageReport/rank/memberPointRank.wxml","106","changeyear","True"
"管理端","pageReport/rank/memberPointRank.wxml","107","startTimeconfirm","True"
"管理端","pageReport/rank/memberPointRank.wxml","108","endTimeconfirm","True"
"管理端","pageReport/rank/membershipDetailRank.wxml","34","memberDetails","True"
"管理端","pageReport/rank/membershipRank.wxml","10","headlememberStatus","True"
"管理端","pageReport/rank/membershipRank.wxml","24","membershipRank","True"
"管理端","pageReport/rank/rankTop.wxml","1","cancelBubbling","True"
"管理端","pageReport/rank/rankTop.wxml","8","changeShowDrop","True"
"管理端","pageReport/rank/rankTop.wxml","12","forbidden","True"
"管理端","pageReport/rank/rankTop.wxml","18","startTimeChange","True"
"管理端","pageReport/rank/rankTop.wxml","23","endTimeChange","True"
"管理端","pageReport/rank/rankTop.wxml","33","forbidden","True"
"管理端","pageReport/rank/rankTop.wxml","35","forbidden","True"
"管理端","pageReport/rank/rankTop.wxml","37","forbidden","True"
"管理端","pageReport/rank/rankTop.wxml","39","forbidden","True"
"管理端","pageReport/rank/rankTop.wxml","56","memberDetails","True"
"管理端","pageReport/rank/rankTop.wxml","101","changeDate","True"
"管理端","pageReport/rank/rankTop.wxml","102","changeyear","True"
"管理端","pageReport/rank/rankTop.wxml","103","startTimeconfirm","True"
"管理端","pageReport/rank/rankTop.wxml","104","endTimeconfirm","True"
"管理端","pageReport/rank/siteModifyLog.wxml","12","startTimeChange","True"
"管理端","pageReport/rank/siteModifyLog.wxml","15","endTimeChange","True"
"管理端","pageReport/rank/siteModifyLog.wxml","22","changeStaff","True"
"管理端","pageReport/rank/siteModifyLog.wxml","28","changeModifyType","True"
"管理端","pageReport/rank/siteModifyLog.wxml","34","confirm","True"
"管理端","pageReport/rank/siteModifyLog.wxml","64","filtrate","True"
"管理端","pageReport/rank/siteModifyLog.wxml","85","cardDetails","True"
"管理端","pageReport/rank/siteModifyLog.wxml","87","memberDetails","True"
"管理端","pageReport/rank/siteModifyLog.wxml","88","memberDetails","True"
"管理端","pageReport/rank/siteModifyLog.wxml","89","memberDetails","True"
"管理端","pageReport/rank/siteModifyLog.wxml","124","startTimeconfirm","True"
"管理端","pageReport/rank/siteModifyLog.wxml","125","endTimeconfirm","True"
"管理端","pageReport/remind/birthdayRemind.wxml","24","handleSet","True"
"管理端","pageReport/remind/birthdayRemind.wxml","35","headlememberStatus","True"
"管理端","pageReport/remind/birthdayRemind.wxml","50","memberDetails","True"
"管理端","pageReport/remind/birthdayRemind.wxml","52","memberDetails","True"
"管理端","pageReport/remind/cardExpires.wxml","20","handleSet","True"
"管理端","pageReport/remind/cardExpires.wxml","38","memberDetails","True"
"管理端","pageReport/remind/cardExpires.wxml","40","memberDetails","True"
"管理端","pageReport/remind/cardWill.wxml","20","handleSet","True"
"管理端","pageReport/remind/cardWill.wxml","38","memberDetails","True"
"管理端","pageReport/remind/cardWill.wxml","40","memberDetails","True"
"管理端","pageReport/remind/component/cardExpiresSetting.wxml","15","savedata","True"
"管理端","pageReport/remind/component/findBalaceZeroSetting.wxml","11","savedata","True"
"管理端","pageReport/remind/findBalaceZeroCard.wxml","20","handleSet","True"
"管理端","pageReport/remind/findBalaceZeroCard.wxml","31","headlememberStatus","True"
"管理端","pageReport/remind/findBalaceZeroCard.wxml","45","memberDetails","True"
"管理端","pageReport/remind/initiationDay.wxml","24","handleSet","True"
"管理端","pageReport/remind/initiationDay.wxml","35","headlememberStatus","True"
"管理端","pageReport/remind/initiationDay.wxml","50","memberDetails","True"
"管理端","pageReport/remind/initiationDay.wxml","52","memberDetails","True"
"管理端","pageReport/remind/leavedDue.wxml","20","handleSet","True"
"管理端","pageReport/remind/leavedDue.wxml","38","memberDetails","True"
"管理端","pageReport/remind/leavedDue.wxml","40","memberDetails","True"
"管理端","pageReport/remind/missClassRemind.wxml","20","handleSet","True"
"管理端","pageReport/remind/missClassRemind.wxml","38","memberDetails","True"
"管理端","pageReport/remind/missClassRemind.wxml","40","memberDetails","True"
"管理端","pageReport/remind/penalizeCard.wxml","28","memberDetails","True"
"管理端","pageReport/remind/penalizeCard.wxml","30","memberDetails","True"
"管理端","pageReport/remind/visitorRemind.wxml","20","handleSet","True"
"管理端","pageReport/remind/visitorRemind.wxml","41","memberDetails","True"
"管理端","pageReport/remind/visitorRemind.wxml","43","memberDetails","True"
"管理端","pageReport/teacherMembership/detailed.wxml","21","headlePrivate","True"
"管理端","pageReport/teacherMembership/detailed.wxml","26","headleLeague","True"
"管理端","pageReport/teacherMembership/detailed.wxml","36","radioGroupChange","True"
"管理端","pageReport/teacherMembership/detailed.wxml","51","leagueClassDetails","True"
"管理端","pageReport/teacherMembership/detailed.wxml","89","headleDelete","True"
"管理端","pageReport/teacherMembership/detailed.wxml","149","headleDetails","True"
"管理端","pageReport/teacherMembership/detailed.wxml","155","headleDetails","True"
"管理端","pageReport/teacherMembership/memberSalaryType.wxml","8","onSwitchChange","True"
"管理端","pageReport/teacherMembership/memberSalaryType.wxml","12","e0","True"
"管理端","pageReport/teacherMembership/memberSalaryType.wxml","13","e1","True"
"管理端","pageReport/teacherMembership/memberSalaryType.wxml","51","removefixed","True"
"管理端","pageReport/teacherMembership/memberSalaryType.wxml","52","addfixedStep","True"
"管理端","pageReport/teacherMembership/memberSalaryType.wxml","73","removerepayRateStep","True"
"管理端","pageReport/teacherMembership/memberSalaryType.wxml","74","addrepayRateStep","True"
"管理端","pageReport/teacherMembership/memberSalaryType.wxml","80","submit","True"
"管理端","pageReport/teacherMembership/memberSalaryType.wxml","96","cancelbtn1","True"
"管理端","pageReport/teacherMembership/memberSalaryType.wxml","97","pointConfirm","True"
"管理端","pageReport/teacherMembership/memberShipSalary.wxml","1","cancelBubbling","True"
"管理端","pageReport/teacherMembership/memberShipSalary.wxml","7","reGetList","True"
"管理端","pageReport/teacherMembership/memberShipSalary.wxml","24","handleSet","True"
"管理端","pageReport/teacherMembership/memberShipSalary.wxml","31","changeShowDrop","True"
"管理端","pageReport/teacherMembership/memberShipSalary.wxml","35","forbidden","True"
"管理端","pageReport/teacherMembership/memberShipSalary.wxml","45","forbidden","True"
"管理端","pageReport/teacherMembership/memberShipSalary.wxml","47","forbidden","True"
"管理端","pageReport/teacherMembership/memberShipSalary.wxml","49","forbidden","True"
"管理端","pageReport/teacherMembership/memberShipSalary.wxml","69","memberSalaryDetail","True"
"管理端","pageReport/teacherMembership/memberShipSalary.wxml","112","changeDate","True"
"管理端","pageReport/teacherMembership/memberShipSalary.wxml","113","changeyear","True"
"管理端","pageReport/teacherMembership/memberShipSalary.wxml","114","startTimeconfirm","True"
"管理端","pageReport/teacherMembership/memberShipSalary.wxml","115","endTimeconfirm","True"
"管理端","pageReport/teacherMembership/memberShipSalaryDetail.wxml","60","headlememberStatus","True"
"管理端","pageReport/teacherMembership/memberShipSalaryDetail.wxml","77","memberDetails","True"
"管理端","pageReport/teacherMembership/memberShipSalaryDetail.wxml","92","moreClick","True"
"管理端","pageReport/teacherMembership/memberShipSalaryDetail.wxml","95","moreClick","True"
"管理端","pageReport/teacherMembership/memberShipSalaryDetail.wxml","98","moreClick","True"
"管理端","pageReport/teacherMembership/memberShipSalaryDetail.wxml","123","memberDetails","True"
"管理端","pageReport/teacherMembership/memberShipSalaryDetail.wxml","125","memberDetails","True"
"管理端","pageReport/teacherMembership/personalSalary.wxml","1","cancelBubbling","True"
"管理端","pageReport/teacherMembership/personalSalary.wxml","23","handleSet","True"
"管理端","pageReport/teacherMembership/personalSalary.wxml","30","changeShowDrop","True"
"管理端","pageReport/teacherMembership/personalSalary.wxml","34","forbidden","True"
"管理端","pageReport/teacherMembership/personalSalary.wxml","44","forbidden","True"
"管理端","pageReport/teacherMembership/personalSalary.wxml","46","forbidden","True"
"管理端","pageReport/teacherMembership/personalSalary.wxml","48","forbidden","True"
"管理端","pageReport/teacherMembership/personalSalary.wxml","68","personalSalaryDetail","True"
"管理端","pageReport/teacherMembership/personalSalary.wxml","117","changeDate","True"
"管理端","pageReport/teacherMembership/personalSalary.wxml","118","changeyear","True"
"管理端","pageReport/teacherMembership/personalSalary.wxml","119","startTimeconfirm","True"
"管理端","pageReport/teacherMembership/personalSalary.wxml","120","endTimeconfirm","True"
"管理端","pageReport/teacherMembership/personalSalaryDetail.wxml","75","headleLeague","True"
"管理端","pageReport/teacherMembership/personalSalaryDetail.wxml","78","headlePrivate","True"
"管理端","pageReport/teacherMembership/personalSalaryDetail.wxml","91","leagueClassDetails","True"
"管理端","pageReport/teacherMembership/personalSalaryDetail.wxml","165","headleDetails","True"
"管理端","pageReport/teacherMembership/personalSalaryDetail.wxml","171","headleDetails","True"
"管理端","pageReport/teacherMembership/personalSalaryDetail.wxml","207","showDrop","False"
"管理端","pageReport/teacherMembership/personalSalaryDetail.wxml","215","cancelAppointment","False"
"管理端","pageReport/teacherMembership/personalSalaryDetail.wxml","219","truant","False"
"管理端","pageReport/teacherMembership/personalSalaryDetail.wxml","223","editAppointment","False"
"管理端","pageReport/teacherMembership/personalSalaryDetail.wxml","227","remark","False"
"管理端","pageReport/teacherMembership/personalSalaryFixedClassHours.wxml","13","e0","True"
"管理端","pageReport/teacherMembership/personalSalaryFixedClassHours.wxml","40","e1","True"
"管理端","pageReport/teacherMembership/personalSalaryFixedClassHours.wxml","41","handleInputBlur","True"
"管理端","pageReport/teacherMembership/personalSalaryFixedClassHours.wxml","66","e2","True"
"管理端","pageReport/teacherMembership/personalSalaryFixedClassHours.wxml","67","handlePrivateInputBlur","True"
"管理端","pageReport/teacherMembership/personalSalaryFixedClassHours.wxml","79","e3","True"
"管理端","pageReport/teacherMembership/personalSalaryFixedClassHours.wxml","80","handlePrivateInputBlur","True"
"管理端","pageReport/teacherMembership/personalSalaryFixedClassHours.wxml","90","save","True"
"管理端","pageReport/teacherMembership/personalSalaryFixedClassHours.wxml","95","quickfillSubmit","True"
"管理端","pageReport/teacherMembership/personalSalaryFixedCourseAmount.wxml","13","e0","True"
"管理端","pageReport/teacherMembership/personalSalaryFixedCourseAmount.wxml","43","e1","True"
"管理端","pageReport/teacherMembership/personalSalaryFixedCourseAmount.wxml","44","handleInputBlur","True"
"管理端","pageReport/teacherMembership/personalSalaryFixedCourseAmount.wxml","70","e2","True"
"管理端","pageReport/teacherMembership/personalSalaryFixedCourseAmount.wxml","71","handlePrivateInputBlur","True"
"管理端","pageReport/teacherMembership/personalSalaryFixedCourseAmount.wxml","83","e3","True"
"管理端","pageReport/teacherMembership/personalSalaryFixedCourseAmount.wxml","84","handlePrivateInputBlur","True"
"管理端","pageReport/teacherMembership/personalSalaryFixedCourseAmount.wxml","94","save","True"
"管理端","pageReport/teacherMembership/personalSalaryFixedCourseAmount.wxml","99","quickfillSubmit","True"
"管理端","pageReport/teacherMembership/personalSalaryFixedPersonTime.wxml","13","e0","True"
"管理端","pageReport/teacherMembership/personalSalaryFixedPersonTime.wxml","43","e1","True"
"管理端","pageReport/teacherMembership/personalSalaryFixedPersonTime.wxml","44","handleInputBlur","True"
"管理端","pageReport/teacherMembership/personalSalaryFixedPersonTime.wxml","46","handleadditionalPriceInputBlur","True"
"管理端","pageReport/teacherMembership/personalSalaryFixedPersonTime.wxml","71","e2","True"
"管理端","pageReport/teacherMembership/personalSalaryFixedPersonTime.wxml","72","handlePrivateInputBlur","True"
"管理端","pageReport/teacherMembership/personalSalaryFixedPersonTime.wxml","84","e3","True"
"管理端","pageReport/teacherMembership/personalSalaryFixedPersonTime.wxml","85","handlePrivateInputBlur","True"
"管理端","pageReport/teacherMembership/personalSalaryFixedPersonTime.wxml","95","save","True"
"管理端","pageReport/teacherMembership/personalSalaryFixedPersonTime.wxml","100","quickfillSubmit","True"
"管理端","pageReport/teacherMembership/personalSalarySetting.wxml","8","personalSalaryType","True"
"管理端","pageReport/teacherMembership/personalSalarySetting.wxml","31","personalSalaryDetails","True"
"管理端","pageReport/teacherMembership/personalSalaryType.wxml","8","headlestart","True"
"管理端","pageReport/teacherMembership/personalSalaryType.wxml","17","e0","True"
"管理端","pageReport/teacherMembership/personalSalaryType.wxml","21","e1","True"
"管理端","pageReport/teacherMembership/personalSalaryType.wxml","25","e2","True"
"管理端","pageReport/teacherMembership/personalSalaryType.wxml","33","submit","True"
"管理端","pageReport/teacherMembership/personalSalaryType.wxml","50","cancelbtn1","True"
"管理端","pageReport/teacherMembership/personalSalaryType.wxml","51","pointConfirm","True"
"管理端","pageReport/teacherMembership/staffCourse.wxml","1","cancelBubbling","True"
"管理端","pageReport/teacherMembership/staffCourse.wxml","20","changeShowDrop","True"
"管理端","pageReport/teacherMembership/staffCourse.wxml","24","forbidden","True"
"管理端","pageReport/teacherMembership/staffCourse.wxml","30","startTimeChange","True"
"管理端","pageReport/teacherMembership/staffCourse.wxml","35","endTimeChange","True"
"管理端","pageReport/teacherMembership/staffCourse.wxml","45","forbidden","True"
"管理端","pageReport/teacherMembership/staffCourse.wxml","47","forbidden","True"
"管理端","pageReport/teacherMembership/staffCourse.wxml","49","forbidden","True"
"管理端","pageReport/teacherMembership/staffCourse.wxml","51","forbidden","True"
"管理端","pageReport/teacherMembership/staffCourse.wxml","59","headlememberStatus","True"
"管理端","pageReport/teacherMembership/staffCourse.wxml","73","memberDetails","True"
"管理端","pageReport/teacherMembership/staffCourse.wxml","124","changeDate","True"
"管理端","pageReport/teacherMembership/staffCourse.wxml","125","changeyear","True"
"管理端","pageReport/teacherMembership/staffCourse.wxml","126","startTimeconfirm","True"
"管理端","pageReport/teacherMembership/staffCourse.wxml","127","endTimeconfirm","True"
"管理端","pageReport/userCost/userCost.wxml","65","headlememberStatus","True"
"管理端","pageReport/userCost/userCost.wxml","83","memberDetails","True"
"管理端","pageReport/userCost/userCost.wxml","86","memberDetails","True"
"管理端","pageReport/userCost/userCost.wxml","92","memberDetails","True"
"管理端","pageReport/userCost/userCost.wxml","102","memberDetails","True"
"管理端","pages/course/components/week-calendar/week-calendar.wxml","3","changeSwp","True"
"管理端","pages/course/components/week-calendar/week-calendar.wxml","6","clickItem","True"
"管理端","pages/course/components/week-calendar/week-calendar.wxml","12","clickItem","True"
"管理端","pages/course/course.wxml","16","personalTrainerDetails","True"
"管理端","pages/course/course.wxml","47","e0","True"
"管理端","pages/course/course.wxml","48","goBackTodayClick","True"
"管理端","pages/course/course.wxml","52","datechange","True"
"管理端","pages/course/course.wxml","59","leagueClassDetails","True"
"管理端","pages/course/course.wxml","128","leagueClassDetails","True"
"管理端","pages/course/course.wxml","129","leagueClassDetails","True"
"管理端","pages/course/course.wxml","165","calendarChange","True"
"管理端","pages/home/components/appoint-item.wxml","2","memberDetails","True"
"管理端","pages/home/components/appoint-item.wxml","3","headleDetails","True"
"管理端","pages/home/components/appoint-item.wxml","7","memberDetails","True"
"管理端","pages/home/components/appoint-item.wxml","53","showDrop","True"
"管理端","pages/home/components/appoint-item.wxml","61","cancelAppointment","True"
"管理端","pages/home/components/appoint-item.wxml","65","remarkPopup","True"
"管理端","pages/home/components/appoint-item.wxml","75","confirm","True"
"管理端","pages/home/components/appoint-item.wxml","80","editremarkOrder","True"
"管理端","pages/home/home.wxml","2","closeDrop","True"
"管理端","pages/home/home.wxml","12","headleVenue","True"
"管理端","pages/home/home.wxml","24","headleBusinessReport","True"
"管理端","pages/home/home.wxml","25","todaySaleClick","True"
"管理端","pages/home/home.wxml","57","headleBusinessReport","True"
"管理端","pages/home/home.wxml","62","memberDetails","True"
"管理端","pages/home/home.wxml","94","appointShowDrop","True"
"管理端","pages/home/home.wxml","115","editremarkOrder","False"
"管理端","pages/home/home.wxml","116","confirm","False"
"管理端","pages/home/home.wxml","125","goFollow","True"
"管理端","pages/login/components/mp-weixin.wxml","8","getphonenumber","True"
"管理端","pages/login/login.wxml","2","setInfoToken","True"
"管理端","pages/member/components/fixed-btn/index.wxml","1","Click","True"
"管理端","pages/member/member.wxml","10","headleSearch","True"
"管理端","pages/member/member.wxml","15","headleScreen","True"
"管理端","pages/member/member.wxml","19","headleScreen","True"
"管理端","pages/member/member.wxml","35","openData","True"
"管理端","pages/member/member.wxml","39","headleFilter","True"
"管理端","pages/member/member.wxml","45","headleFilter","True"
"管理端","pages/member/member.wxml","52","headleFilter","True"
"管理端","pages/member/member.wxml","58","headleFilter","True"
"管理端","pages/member/member.wxml","64","headleFilter","True"
"管理端","pages/member/member.wxml","70","headleFilter","True"
"管理端","pages/member/member.wxml","76","headleFilter","True"
"管理端","pages/member/member.wxml","88","changeUser","True"
"管理端","pages/member/member.wxml","94","headleRanking","True"
"管理端","pages/member/member.wxml","104","changeChat","True"
"管理端","pages/member/member.wxml","111","headleDetails","True"
"管理端","pages/member/member.wxml","117","headleDetails","True"
"管理端","pages/member/member.wxml","146","e0","True"
"管理端","pages/member/member.wxml","168","Click","True"
"管理端","pages/member/member.wxml","172","memberUpdate","True"
"管理端","pages/member/member.wxml","173","confirmKnow","True"
"管理端","pages/report/report.wxml","14","refreshclick","True"
"管理端","pages/report/report.wxml","29","headleMonthlyDetails","True"
"管理端","pages/report/report.wxml","37","jumpModal","True"
"管理端","pages/report/report.wxml","44","jumpModal","True"
"管理端","pages/report/report.wxml","53","handleShowTotalPrice","True"
"管理端","pages/report/report.wxml","62","courseMonthlyDetails","True"
"管理端","pages/report/report.wxml","70","jumpModal","True"
"管理端","pages/report/report.wxml","77","jumpModal","True"
"管理端","pages/report/report.wxml","84","jumpModal","True"
"管理端","pages/report/report.wxml","91","jumpModal","True"
"管理端","pages/report/report.wxml","106","explain","True"
"管理端","pages/report/report.wxml","110","refreshclick","True"
"管理端","pages/report/report.wxml","118","jumpRemind","True"
"管理端","pages/report/report.wxml","124","jumpRemind","True"
"管理端","pages/report/report.wxml","130","jumpRemind","True"
"管理端","pages/report/report.wxml","138","jumpRemind","True"
"管理端","pages/report/report.wxml","144","jumpRemind","True"
"管理端","pages/report/report.wxml","150","jumpRemind","True"
"管理端","pages/report/report.wxml","158","jumpRemind","True"
"管理端","pages/report/report.wxml","164","jumpRemind","True"
"管理端","pages/report/report.wxml","170","jumpRemind","True"
"管理端","pages/report/report.wxml","184","explain","True"
"管理端","pages/report/report.wxml","188","refreshclick","True"
"管理端","pages/report/report.wxml","196","jumpPageMember","True"
"管理端","pages/report/report.wxml","202","jumpPageMember","True"
"管理端","pages/report/report.wxml","208","jumpPageMember","True"
"管理端","pages/report/report.wxml","216","jumpPageMember","True"
"管理端","pages/report/report.wxml","222","jumpPageMember","True"
"管理端","pages/report/report.wxml","228","jumpPageMember","True"
"管理端","pages/report/report.wxml","236","jumpPageMember","True"
"管理端","pages/report/report.wxml","242","jumpPageMember","True"
"管理端","pages/report/report.wxml","248","jumpPageMember","True"
"管理端","pages/report/report.wxml","256","jumpPageMember","True"
"管理端","pages/report/report.wxml","262","jumpPageMember","True"
"管理端","pages/report/report.wxml","268","jumpPageMember","True"
"管理端","pages/report/report.wxml","279","explain","True"
"管理端","pages/report/report.wxml","283","refreshclick","True"
"管理端","pages/report/report.wxml","291","jumpRemind","True"
"管理端","pages/report/report.wxml","297","jumpRemind","True"
"管理端","pages/report/report.wxml","303","jumpRemind","True"
"管理端","pages/report/report.wxml","311","jumpRemind","True"
"管理端","pages/report/report.wxml","317","jumpRemind","True"
"管理端","pages/report/report.wxml","323","jumpRemind","True"
"管理端","pages/report/report.wxml","331","jumpRemind","True"
"管理端","pages/report/report.wxml","337","jumpRemind","True"
"管理端","pages/report/report.wxml","343","jumpRemind","True"
"管理端","pages/report/report.wxml","355","jumpRemind","True"
"管理端","pages/report/report.wxml","361","jumpRemind","True"
"管理端","pages/report/report.wxml","367","jumpRemind","True"
"管理端","pages/report/report.wxml","373","jumpRemind","True"
"管理端","pages/report/report.wxml","381","jumpRemind","True"
"管理端","pages/report/report.wxml","387","jumpRemind","True"
"管理端","pages/report/report.wxml","393","jumpRemind","True"
"管理端","pages/report/report.wxml","410","jumpRemind","True"
"管理端","pages/report/report.wxml","416","jumpRemind","True"
"管理端","pages/report/report.wxml","432","jumpRemind","True"
"管理端","pages/report/report.wxml","438","jumpRemind","True"
"管理端","pages/report/report.wxml","444","jumpRemind","True"
"管理端","pages/report/report.wxml","459","explain","True"
"管理端","pages/report/report.wxml","463","refreshclick","True"
"管理端","pages/report/report.wxml","471","e0","True"
"管理端","pages/report/report.wxml","477","e1","True"
"管理端","pages/report/report.wxml","483","e2","True"
"管理端","pages/report/report.wxml","501","reconsumption","True"
"管理端","pages/report/report.wxml","559","confirmbtnFail","True"
"管理端","pages/report/report.wxml","570","succCconfirmbtn","True"
"管理端","pages/report/report.wxml","577","ljconsumption","True"
"管理端","pages/report/report.wxml","582","consumptionhandleCancelbtn","True"
"管理端","pages/shop/authorizationPage/info/index.wxml","12","onChooseAvatar","True"
"管理端","pages/shop/authorizationPage/info/index.wxml","25","nicknameChange","True"
"管理端","pages/shop/authorizationPage/info/index.wxml","29","confirm","True"
"管理端","pages/shop/authorizationPage/info/index.wxml","36","guestToHome","True"
"管理端","pages/shop/authorizationPage/phone/index.wxml","11","getPhoneNumber","True"
"管理端","pages/shop/shop.wxml","5","e0","True"
"管理端","pages/shop/shop.wxml","7","e1","True"
"管理端","pages/shop/shop.wxml","17","e2","True"
"管理端","pages/shop/shop.wxml","19","e3","True"
"管理端","pages/shop/shop.wxml","27","headeJump","True"
"管理端","pages/shop/shop.wxml","45","renew","True"
"管理端","pages/shop/shop.wxml","65","e4","True"
"管理端","pages/shop/shop.wxml","73","jumpModal","True"
"管理端","pages/shop/shop.wxml","86","jumpModal","True"
"管理端","pages/shop/shop.wxml","95","openCApp","True"
"管理端","pages/shop/shop.wxml","99","jumpModal","True"
"管理端","pages/shop/shop.wxml","110","jumpModal","True"
"管理端","pages/shop/shop.wxml","121","jumpModal","True"
"管理端","pages/shop/shop.wxml","129","jumpShopService","True"
"管理端","pages/shop/shop.wxml","137","jumpVideoHelp","True"
"管理端","pages/shop/shop.wxml","159","confirmCancel","True"
"管理端","pages/shop/shop.wxml","160","settingInfo","True"
"管理端","pages/shopOrder/index.wxml","2","backHome","True"
"管理端","pagesCourse/components/chosecard.wxml","5","selectCard","True"
"管理端","pagesCourse/components/chosecard.wxml","9","moreProject","True"
"管理端","pagesCourse/components/chosecard.wxml","27","selectinvalidMore","True"
"管理端","pagesCourse/components/chosecard.wxml","37","moreProject","True"
"管理端","pagesCourse/components/edit-course.wxml","4","confirm","True"
"管理端","pagesCourse/components/edit-course.wxml","7","selectDrainer","True"
"管理端","pagesCourse/components/edit-course.wxml","16","goBackTodayClick","True"
"管理端","pagesCourse/components/edit-course.wxml","17","e0","True"
"管理端","pagesCourse/components/edit-course.wxml","21","datechange","True"
"管理端","pagesCourse/components/edit-course.wxml","29","timeItemClick","True"
"管理端","pagesCourse/components/edit-course.wxml","39","timeItemClick","True"
"管理端","pagesCourse/components/edit-course.wxml","49","timeItemClick","True"
"管理端","pagesCourse/components/edit-course.wxml","66","onEditorReady","True"
"管理端","pagesCourse/components/edit-course.wxml","70","calendarChange","True"
"管理端","pagesCourse/components/member-search.wxml","8","toggleStoreDropdown","True"
"管理端","pagesCourse/components/member-search.wxml","13","searchConfirm","True"
"管理端","pagesCourse/components/member-search.wxml","17","selectStoreType","True"
"管理端","pagesCourse/components/member-search.wxml","18","selectStoreType","True"
"管理端","pagesCourse/components/member-search.wxml","29","onScroll","True"
"管理端","pagesCourse/components/member-search.wxml","33","selectCourse","True"
"管理端","pagesCourse/components/member-search.wxml","64","scrollToLetter","True"
"管理端","pagesCourse/components/member-search.wxml","74","close","True"
"管理端","pagesCourse/components/member-search.wxml","75","close","True"
"管理端","pagesCourse/components/select-member-card.wxml","4","confirm","True"
"管理端","pagesCourse/components/select-member-card.wxml","13","selectioncard","True"
"管理端","pagesCourse/components/select-member-card.wxml","33","minus","True"
"管理端","pagesCourse/components/select-member-card.wxml","36","plus","True"
"管理端","pagesCourse/components/select-member-card.wxml","45","handleJumpCard","True"
"管理端","pagesCourse/components/select-member-card.wxml","63","selectCard","True"
"管理端","pagesCourse/components/select-member-card.wxml","64","close","True"
"管理端","pagesCourse/components/select-time.wxml","4","confirm","True"
"管理端","pagesCourse/components/select-time.wxml","7","selectDrainer","True"
"管理端","pagesCourse/components/select-time.wxml","15","datechange","True"
"管理端","pagesCourse/components/select-time.wxml","23","timeItemClick","True"
"管理端","pagesCourse/components/select-time.wxml","33","timeItemClick","True"
"管理端","pagesCourse/components/select-time.wxml","43","timeItemClick","True"
"管理端","pagesCourse/components/select-time.wxml","60","onEditorReady","True"
"管理端","pagesCourse/components/select-time.wxml","64","calendarChange","True"
"管理端","pagesCourse/components/select-time.wxml","65","close","True"
"管理端","pagesCourse/home/venue.wxml","3","hideDown","True"
"管理端","pagesCourse/home/venue.wxml","9","handleHome","True"
"管理端","pagesCourse/home/venue.wxml","29","headleManagement","True"
"管理端","pagesCourse/index/all-course.wxml","16","toDetail","True"
"管理端","pagesCourse/index/components/clear-timetable.wxml","4","submit","True"
"管理端","pagesCourse/index/components/clear-timetable.wxml","8","changeType","True"
"管理端","pagesCourse/index/components/clear-timetable.wxml","9","changeType","True"
"管理端","pagesCourse/index/components/clear-timetable.wxml","10","changeType","True"
"管理端","pagesCourse/index/components/clear-timetable.wxml","15","openDate","True"
"管理端","pagesCourse/index/components/clear-timetable.wxml","17","openDate","True"
"管理端","pagesCourse/index/components/clear-timetable.wxml","22","change","True"
"管理端","pagesCourse/index/components/clear-timetable.wxml","34","cancelbtn","True"
"管理端","pagesCourse/index/components/clear-timetable.wxml","35","confirmClear","True"
"管理端","pagesCourse/index/components/clear-timetable.wxml","46","terminateConfirm","True"
"管理端","pagesCourse/index/components/copy-timetable.wxml","4","submit","True"
"管理端","pagesCourse/index/components/copy-timetable.wxml","8","changeType","True"
"管理端","pagesCourse/index/components/copy-timetable.wxml","9","changeType","True"
"管理端","pagesCourse/index/components/copy-timetable.wxml","10","changeType","True"
"管理端","pagesCourse/index/components/copy-timetable.wxml","11","changeType","True"
"管理端","pagesCourse/index/components/copy-timetable.wxml","16","openDate","True"
"管理端","pagesCourse/index/components/copy-timetable.wxml","18","openDate","True"
"管理端","pagesCourse/index/components/copy-timetable.wxml","22","openDate","True"
"管理端","pagesCourse/index/components/copy-timetable.wxml","24","openDate","True"
"管理端","pagesCourse/index/components/copy-timetable.wxml","32","change","True"
"管理端","pagesCourse/index/components/copy-timetable.wxml","33","change2","True"
"管理端","pagesCourse/index/components/copy-timetable.wxml","34","confirmCopy","True"
"管理端","pagesCourse/index/components/copy-timetable.wxml","53","cancelbtn","True"
"管理端","pagesCourse/index/components/copy-timetable.wxml","54","confirmCopy2","True"
"管理端","pagesCourse/index/components/copy-timetable.wxml","65","terminateConfirm","True"
"管理端","pagesCourse/index/components/course-management.wxml","5","changeBgColor","True"
"管理端","pagesCourse/index/components/course-management.wxml","9","edit","True"
"管理端","pagesCourse/index/components/course-management.wxml","15","changeCourse","True"
"管理端","pagesCourse/index/components/course-management.wxml","21","replaceCoach","True"
"管理端","pagesCourse/index/components/course-management.wxml","27","updateTime","True"
"管理端","pagesCourse/index/components/course-management.wxml","36","changeBgColor","True"
"管理端","pagesCourse/index/components/course-management.wxml","42","stop","True"
"管理端","pagesCourse/index/components/course-management.wxml","47","start","True"
"管理端","pagesCourse/index/components/course-management.wxml","59","allCourse","True"
"管理端","pagesCourse/index/components/course-management.wxml","65","del","True"
"管理端","pagesCourse/index/components/course-management.wxml","74","submitAddCourse","True"
"管理端","pagesCourse/index/components/course-management.wxml","75","checkchangeOtherCourse","True"
"管理端","pagesCourse/index/components/course-management.wxml","76","saveBgColor","True"
"管理端","pagesCourse/index/components/course-management.wxml","77","confirmDel","True"
"管理端","pagesCourse/index/components/course-management.wxml","87","terminateConfirm","True"
"管理端","pagesCourse/index/components/course-management.wxml","90","confirmStop","True"
"管理端","pagesCourse/index/components/course-management.wxml","96","confirmChange","True"
"管理端","pagesCourse/index/components/course-management.wxml","99","editTrainer","True"
"管理端","pagesCourse/index/components/course-scroll.wxml","5","scrollDate","True"
"管理端","pagesCourse/index/components/course-scroll.wxml","12","handleShowTips","True"
"管理端","pagesCourse/index/components/course-scroll.wxml","24","toToday","True"
"管理端","pagesCourse/index/components/course-scroll.wxml","27","scroll","True"
"管理端","pagesCourse/index/components/course-scroll.wxml","34","handleShowTips","True"
"管理端","pagesCourse/index/components/course-scroll.wxml","50","toDeatail","True"
"管理端","pagesCourse/index/components/course-scroll.wxml","52","e0","True"
"管理端","pagesCourse/index/components/download-timetable.wxml","2","closeweek","True"
"管理端","pagesCourse/index/components/download-timetable.wxml","4","submit","True"
"管理端","pagesCourse/index/components/download-timetable.wxml","8","changeType","True"
"管理端","pagesCourse/index/components/download-timetable.wxml","9","changeType","True"
"管理端","pagesCourse/index/components/download-timetable.wxml","10","changeType","True"
"管理端","pagesCourse/index/components/download-timetable.wxml","15","openDate","True"
"管理端","pagesCourse/index/components/download-timetable.wxml","17","openDate","True"
"管理端","pagesCourse/index/components/download-timetable.wxml","20","courseTitle","True"
"管理端","pagesCourse/index/components/download-timetable.wxml","22","kindReminder","True"
"管理端","pagesCourse/index/components/download-timetable.wxml","24","courseOption","True"
"管理端","pagesCourse/index/components/download-timetable.wxml","47","change","True"
"管理端","pagesCourse/index/components/select-backgroundcolor.wxml","8","submit","True"
"管理端","pagesCourse/index/components/select-backgroundcolor.wxml","21","getChangeColor","True"
"管理端","pagesCourse/index/components/select-courses.wxml","2","headleClose","True"
"管理端","pagesCourse/index/components/select-courses.wxml","8","openTime","True"
"管理端","pagesCourse/index/components/select-time.wxml","1","back","True"
"管理端","pagesCourse/index/components/select-time.wxml","3","submit","True"
"管理端","pagesCourse/index/components/select-time.wxml","7","bindChange","True"
"管理端","pagesCourse/index/course-option.wxml","19","showSchematicPop","True"
"管理端","pagesCourse/index/course-option.wxml","74","submitBlog","True"
"管理端","pagesCourse/index/course-option.wxml","84","e0","True"
"管理端","pagesCourse/index/course-option.wxml","91","e1","True"
"管理端","pagesCourse/index/course-title.wxml","17","submitBlog","True"
"管理端","pagesCourse/index/index.wxml","6","hideDown","True"
"管理端","pagesCourse/index/index.wxml","10","copyTimetable","True"
"管理端","pagesCourse/index/index.wxml","14","clearTimetable","True"
"管理端","pagesCourse/index/index.wxml","18","downloadTimetable","True"
"管理端","pagesCourse/index/index.wxml","22","allCourse","True"
"管理端","pagesCourse/index/index.wxml","28","addCourse","True"
"管理端","pagesCourse/index/index.wxml","34","headleClose","True"
"管理端","pagesCourse/index/index.wxml","35","submitAddCourse","True"
"管理端","pagesCourse/index/index.wxml","36","e0","True"
"管理端","pagesCourse/index/index.wxml","37","e1","True"
"管理端","pagesCourse/index/index.wxml","38","e2","True"
"管理端","pagesCourse/index/kind-reminder.wxml","14","onInput","True"
"管理端","pagesCourse/index/kind-reminder.wxml","18","headFlag","True"
"管理端","pagesCourse/index/kind-reminder.wxml","23","headleCreal","True"
"管理端","pagesCourse/index/kind-reminder.wxml","29","submitBlog","True"
"管理端","pagesCourse/index/kind-reminder.wxml","32","headDelete","True"
"管理端","pagesCourse/index/kind-reminder.wxml","38","confirm","True"
"管理端","pagesCourse/index/management-schedule.wxml","25","selectCourses","True"
"管理端","pagesCourse/index/management-schedule.wxml","26","confirmDel","True"
"管理端","pagesCourse/index/management-schedule.wxml","29","confirmStop","True"
"管理端","pagesCourse/index/management-schedule.wxml","35","confirmOk","True"
"管理端","pagesCourse/leagueClassDetails/index.wxml","6","cancelBubbling","True"
"管理端","pagesCourse/leagueClassDetails/index.wxml","14","back","True"
"管理端","pagesCourse/leagueClassDetails/index.wxml","66","editCourse","True"
"管理端","pagesCourse/leagueClassDetails/index.wxml","70","share","True"
"管理端","pagesCourse/leagueClassDetails/index.wxml","93","appointmentCourse","True"
"管理端","pagesCourse/leagueClassDetails/index.wxml","94","appointmentCourse","True"
"管理端","pagesCourse/leagueClassDetails/index.wxml","95","appointmentCourse","True"
"管理端","pagesCourse/leagueClassDetails/index.wxml","103","headleDetails","True"
"管理端","pagesCourse/leagueClassDetails/index.wxml","109","headleDetails","True"
"管理端","pagesCourse/leagueClassDetails/index.wxml","154","headleDetails","True"
"管理端","pagesCourse/leagueClassDetails/index.wxml","160","headleDetails","True"
"管理端","pagesCourse/leagueClassDetails/index.wxml","196","showDrop","True"
"管理端","pagesCourse/leagueClassDetails/index.wxml","204","cancelAppointment","True"
"管理端","pagesCourse/leagueClassDetails/index.wxml","208","truant","True"
"管理端","pagesCourse/leagueClassDetails/index.wxml","212","remark","True"
"管理端","pagesCourse/leagueClassDetails/index.wxml","227","headleDetails","True"
"管理端","pagesCourse/leagueClassDetails/index.wxml","233","headleDetails","True"
"管理端","pagesCourse/leagueClassDetails/index.wxml","270","showDrop","True"
"管理端","pagesCourse/leagueClassDetails/index.wxml","278","cancellineUp","True"
"管理端","pagesCourse/leagueClassDetails/index.wxml","282","remark","True"
"管理端","pagesCourse/leagueClassDetails/index.wxml","301","headleDetails","True"
"管理端","pagesCourse/leagueClassDetails/index.wxml","307","headleDetails","True"
"管理端","pagesCourse/leagueClassDetails/index.wxml","343","showDrop","True"
"管理端","pagesCourse/leagueClassDetails/index.wxml","366","modifySuccess","True"
"管理端","pagesCourse/leagueClassDetails/index.wxml","368","confirm","True"
"管理端","pagesCourse/leagueClassDetails/index.wxml","374","editRemark","True"
"管理端","pagesCourse/personalTrainerDetails/components/confirm-modal.wxml","11","cancelbtn","True"
"管理端","pagesCourse/personalTrainerDetails/components/confirm-modal.wxml","12","confirmbtn","True"
"管理端","pagesCourse/personalTrainerDetails/index.wxml","2","cancelBubbling","True"
"管理端","pagesCourse/personalTrainerDetails/index.wxml","10","back","True"
"管理端","pagesCourse/personalTrainerDetails/index.wxml","27","edit","True"
"管理端","pagesCourse/personalTrainerDetails/index.wxml","31","share","True"
"管理端","pagesCourse/personalTrainerDetails/index.wxml","43","helpAppointment","True"
"管理端","pagesCourse/personalTrainerDetails/index.wxml","61","headleDetails","True"
"管理端","pagesCourse/personalTrainerDetails/index.wxml","67","headleDetails","True"
"管理端","pagesCourse/personalTrainerDetails/index.wxml","103","showDrop","True"
"管理端","pagesCourse/personalTrainerDetails/index.wxml","111","cancelAppointment","True"
"管理端","pagesCourse/personalTrainerDetails/index.wxml","115","truant","True"
"管理端","pagesCourse/personalTrainerDetails/index.wxml","119","editAppointment","True"
"管理端","pagesCourse/personalTrainerDetails/index.wxml","123","remark","True"
"管理端","pagesCourse/personalTrainerDetails/index.wxml","158","confirm","True"
"管理端","pagesCourse/personalTrainerDetails/index.wxml","164","modifySuccess","True"
"管理端","pagesCourse/personalTrainerDetails/index.wxml","165","modifySuccess","True"
"管理端","pagesCourse/personalTrainerDetails/index.wxml","166","modifySuccess","True"
"管理端","pagesCourse/personalTrainerDetails/index.wxml","167","editRemark","True"
"管理端","pagesCourse/subject/subject-compontent/subject-openrule.wxml","4","submit","True"
"管理端","pagesCourse/subject/subject-compontent/subject-trainer.wxml","2","headleClose","True"
"管理端","pagesCourse/subject/subject-compontent/subject-trainer.wxml","10","changetrainer","True"
"管理端","pagesCourse/subject/subject-compontent/subject-trainer.wxml","32","cancelbtn","True"
"管理端","pagesCourse/subject/subject-compontent/suject-choice-card.wxml","4","submit","True"
"管理端","pagesCourse/subject/subject-compontent/suject-choice-card.wxml","58","groupItem","True"
"管理端","pagesCourse/subject/subject-compontent/suject-choice-card.wxml","88","cancelbtn","True"
"管理端","pagesCourse/subject/subject-compontent/suject-classroom.wxml","11","changeclassroom","True"
"管理端","pagesCourse/subject/subject-compontent/suject-classroom.wxml","14","changeclassroom","True"
"管理端","pagesCourse/subject/subject-compontent/suject-classroom.wxml","15","clickClose","True"
"管理端","pagesCourse/subject/subject-compontent/suject-classroom.wxml","17","clickSaveclassroom","True"
"管理端","pagesCourse/subject/subject-compontent/suject-classroom.wxml","21","clickEditclassroom","True"
"管理端","pagesCourse/subject/subject-compontent/suject-classroom.wxml","30","saveclassroom","True"
"管理端","pagesCourse/subject/subject-compontent/tag-popup.wxml","11","changeTag","True"
"管理端","pagesCourse/subject/subject-compontent/tag-popup.wxml","12","clickClose","True"
"管理端","pagesCourse/subject/subject-compontent/tag-popup.wxml","14","clickSaveTag","True"
"管理端","pagesCourse/subject/subject-compontent/tag-popup.wxml","18","clickEditTag","True"
"管理端","pagesCourse/subject/subject-compontent/tag-popup.wxml","27","saveTag","True"
"管理端","pagesCourse/subject/subject-edit.wxml","9","e0","True"
"管理端","pagesCourse/subject/subject-edit.wxml","14","addtime","True"
"管理端","pagesCourse/subject/subject-edit.wxml","20","e1","True"
"管理端","pagesCourse/subject/subject-edit.wxml","28","e2","True"
"管理端","pagesCourse/subject/subject-edit.wxml","32","e3","True"
"管理端","pagesCourse/subject/subject-edit.wxml","38","savedata","True"
"管理端","pagesCourse/subject/subject-edit.wxml","43","editTag","True"
"管理端","pagesCourse/subject/subject-edit.wxml","44","editTrainer","True"
"管理端","pagesCourse/subject/subject-edit.wxml","45","editclassroom","True"
"管理端","pagesCourse/subject/subject-edit.wxml","46","editopenrule","True"
"管理端","pagesCourse/subject/subject-edit.wxml","47","editsujectChoice","True"
"管理端","pagesCourse/subject/subject-edit.wxml","49","confirmModal","True"
"管理端","pageServer/components/info.wxml","14","orderClick","True"
"管理端","pageServer/components/service.wxml","12","copy","True"
"管理端","pageServer/index.wxml","2","backPage","True"
"管理端","pageServer/index.wxml","4","orderClick","True"
"管理端","pageServer/index.wxml","23","copy","True"
"管理端","pageServer/index.wxml","34","confirmbtn","True"
"管理端","pageServer/order.wxml","9","toggleNav","True"
"管理端","pageServer/order.wxml","16","toggleNav","True"
"管理端","pageServer/order.wxml","27","priceClick","True"
"管理端","pageServer/order.wxml","37","priceConfrim","True"
"管理端","pageServer/order.wxml","47","secretKeyConfrim","True"
"管理端","pageServer/order.wxml","57","confirm","True"
"管理端","pageServer/videoHelp/videoHelp.wxml","5","back","True"
"管理端","pageServer/videoHelp/videoHelp.wxml","7","backHome","True"
"管理端","pageServer/videoHelp/videoHelp.wxml","18","back","True"
"管理端","pageServer/videoHelp/videoHelp.wxml","20","backHome","True"
"管理端","pageServer/videoHelp/videoHelp.wxml","45","handleCopyTel","True"
"管理端","pageServer/videoHelp/videoHelp.wxml","47","handleCopyTel","True"
"管理端","pageServer/videoHelp/videoHelp.wxml","52","handleOpen","True"
"管理端","pageServer/videoHelp/videoHelp.wxml","62","handleOpenVideo","True"
"管理端","pagesImp/authorization/error/index.wxml","17","authorization","True"
"管理端","pagesImp/authorization/error/index.wxml","19","goHome","True"
"管理端","pagesImp/authorization/info/index.wxml","12","onChooseAvatar","True"
"管理端","pagesImp/authorization/info/index.wxml","25","nicknameChange","True"
"管理端","pagesImp/authorization/info/index.wxml","29","confirm","True"
"管理端","pagesImp/authorization/phone/index.wxml","11","getPhoneNumber","True"
"管理端","pagesImp/authorization/success/index.wxml","7","goHome","True"
"管理端","pagesImp/card/card-subject/index.wxml","23","settingSubject","True"
"管理端","pagesImp/card/card-subject/index.wxml","35","moreClick","True"
"管理端","pagesImp/card/card-subject/index.wxml","36","moreClick","True"
"管理端","pagesImp/card/card-subject/index.wxml","39","settingSubject","True"
"管理端","pagesImp/card/card-subject/index.wxml","59","moreClick","True"
"管理端","pagesImp/card/card-subject/index.wxml","60","moreClick","True"
"管理端","pagesImp/card/card-subject/index.wxml","66","settingSubject","True"
"管理端","pagesImp/card/components/absentpunishInfo.wxml","3","submit","True"
"管理端","pagesImp/card/components/activation.wxml","3","submit","True"
"管理端","pagesImp/card/components/appointment.wxml","3","submit","True"
"管理端","pagesImp/card/components/cancelappointInfo.wxml","3","submit","True"
"管理端","pagesImp/card/components/cardFace.wxml","1","headleClose","True"
"管理端","pagesImp/card/components/cardFace.wxml","6","selectFace","True"
"管理端","pagesImp/card/components/courseSelect/deductionDays.wxml","3","submit","True"
"管理端","pagesImp/card/components/courseSelect/more-grcl.wxml","3","activeAll","True"
"管理端","pagesImp/card/components/courseSelect/more-grcl.wxml","11","activeCourse","True"
"管理端","pagesImp/card/components/courseSelect/more-grcl.wxml","22","e0","True"
"管理端","pagesImp/card/components/courseSelect/more-grcl.wxml","23","fdeductionFocus","True"
"管理端","pagesImp/card/components/courseSelect/more-priv.wxml","3","activeAll","True"
"管理端","pagesImp/card/components/courseSelect/more-priv.wxml","12","coachSelect","True"
"管理端","pagesImp/card/components/courseSelect/more-priv.wxml","20","stop","True"
"管理端","pagesImp/card/components/courseSelect/more-priv.wxml","26","courseSelect","True"
"管理端","pagesImp/card/components/courseSelect/more-priv.wxml","32","stop","True"
"管理端","pagesImp/card/components/courseSelect/single-grcl.wxml","3","activeAll","True"
"管理端","pagesImp/card/components/courseSelect/single-grcl.wxml","11","activeCourse","True"
"管理端","pagesImp/card/components/courseSelect/single-grcl.wxml","22","selectDeductWay","True"
"管理端","pagesImp/card/components/courseSelect/single-grcl.wxml","27","e0","True"
"管理端","pagesImp/card/components/courseSelect/single-grcl.wxml","28","fdeductionFocus","True"
"管理端","pagesImp/card/components/courseSelect/single-priv.wxml","3","activeAll","True"
"管理端","pagesImp/card/components/courseSelect/single-priv.wxml","12","coachSelect","True"
"管理端","pagesImp/card/components/courseSelect/single-priv.wxml","21","selectDeductWay","True"
"管理端","pagesImp/card/components/courseSelect/single-priv.wxml","26","stop","True"
"管理端","pagesImp/card/components/courseSelect/single-priv.wxml","33","courseSelect","True"
"管理端","pagesImp/card/components/courseSelect/single-priv.wxml","39","selectDeductWay","True"
"管理端","pagesImp/card/components/courseSelect/single-priv.wxml","44","stop","True"
"管理端","pagesImp/card/components/efftime.wxml","3","submit","True"
"管理端","pagesImp/card/components/efftime.wxml","8","activeTabs","True"
"管理端","pagesImp/card/components/efftime.wxml","16","bindChange","True"
"管理端","pagesImp/card/components/manyAppointInfo.wxml","8","submit","True"
"管理端","pagesImp/card/components/period/index.wxml","4","submit","True"
"管理端","pagesImp/card/components/period/index.wxml","17","removeitem","True"
"管理端","pagesImp/card/components/period/index.wxml","20","openPopup","True"
"管理端","pagesImp/card/components/period/index.wxml","25","openPopup","True"
"管理端","pagesImp/card/components/period/index.wxml","30","openPopup","True"
"管理端","pagesImp/card/components/period/index.wxml","41","saveWeekTime","True"
"管理端","pagesImp/card/components/quantity.wxml","3","submit","True"
"管理端","pagesImp/card/components/quota.wxml","5","showModalChange","True"
"管理端","pagesImp/card/components/quota.wxml","12","setValue","True"
"管理端","pagesImp/card/components/quota.wxml","17","submit","True"
"管理端","pagesImp/card/components/quota.wxml","19","e0","True"
"管理端","pagesImp/card/components/quota.wxml","29","groupSwitch","True"
"管理端","pagesImp/card/components/quota.wxml","35","nameTap","True"
"管理端","pagesImp/card/components/quota.wxml","36","e1","True"
"管理端","pagesImp/card/components/quota.wxml","39","remove","True"
"管理端","pagesImp/card/components/quota.wxml","40","add","True"
"管理端","pagesImp/card/components/quota.wxml","44","headleStatus","True"
"管理端","pagesImp/card/components/quota.wxml","54","valChange","True"
"管理端","pagesImp/card/components/quota.wxml","55","e2","True"
"管理端","pagesImp/card/components/quota.wxml","58","remove","True"
"管理端","pagesImp/card/components/quota.wxml","59","add","True"
"管理端","pagesImp/card/components/quota.wxml","69","showChange","True"
"管理端","pagesImp/card/components/timeQuota.wxml","4","submit","True"
"管理端","pagesImp/card/components/timeQuota.wxml","11","showSlectTimePopup","True"
"管理端","pagesImp/card/components/timeQuota.wxml","21","switchHandle","True"
"管理端","pagesImp/card/components/timeQuota.wxml","25","showSlectTimePopup","True"
"管理端","pagesImp/card/components/timeQuota.wxml","35","efftimeSubmit","True"
"管理端","pagesImp/card/components/usePer.wxml","8","submit","True"
"管理端","pagesImp/card/components/valueQuota/add.wxml","3","submit","True"
"管理端","pagesImp/card/components/valueQuota/add.wxml","7","bindChange","True"
"管理端","pagesImp/card/components/valueQuota/index.wxml","4","submit","True"
"管理端","pagesImp/card/components/valueQuota/index.wxml","18","switchHandle","True"
"管理端","pagesImp/card/components/valueQuota/index.wxml","29","switchHandle","True"
"管理端","pagesImp/card/components/valueQuota/index.wxml","33","e0","True"
"管理端","pagesImp/card/components/valueQuota/index.wxml","43","addTime","True"
"管理端","pagesImp/card/home/del-card-tp.wxml","38","delmodal","True"
"管理端","pagesImp/card/home/del-card-tp.wxml","61","deleteBtnClick","True"
"管理端","pagesImp/card/home/del-card.wxml","38","delmodal","True"
"管理端","pagesImp/card/home/del-card.wxml","61","deleteBtnClick","True"
"管理端","pagesImp/card/home/home.wxml","14","changeTab","True"
"管理端","pagesImp/card/home/home.wxml","18","delshow","True"
"管理端","pagesImp/card/home/home.wxml","21","toggleSortMode","True"
"管理端","pagesImp/card/home/home.wxml","29","handleSortChange","True"
"管理端","pagesImp/card/home/home.wxml","33","jumpToCardInfo","True"
"管理端","pagesImp/card/home/home.wxml","50","moreClick","True"
"管理端","pagesImp/card/home/home.wxml","53","moreClick","True"
"管理端","pagesImp/card/member-card/index-tp.wxml","14","moreClick","True"
"管理端","pagesImp/card/member-card/index-tp.wxml","15","moreClick","True"
"管理端","pagesImp/card/member-card/index-tp.wxml","22","priceBlur","True"
"管理端","pagesImp/card/member-card/index-tp.wxml","25","openDialog","True"
"管理端","pagesImp/card/member-card/index-tp.wxml","33","openDialog","True"
"管理端","pagesImp/card/member-card/index-tp.wxml","42","openDialog","True"
"管理端","pagesImp/card/member-card/index-tp.wxml","53","openDialog","True"
"管理端","pagesImp/card/member-card/index-tp.wxml","66","e0","True"
"管理端","pagesImp/card/member-card/index-tp.wxml","74","e1","True"
"管理端","pagesImp/card/member-card/index-tp.wxml","83","e2","True"
"管理端","pagesImp/card/member-card/index-tp.wxml","87","e3","True"
"管理端","pagesImp/card/member-card/index-tp.wxml","95","e4","True"
"管理端","pagesImp/card/member-card/index-tp.wxml","99","e5","True"
"管理端","pagesImp/card/member-card/index-tp.wxml","107","e6","True"
"管理端","pagesImp/card/member-card/index-tp.wxml","123","e7","True"
"管理端","pagesImp/card/member-card/index-tp.wxml","130","e8","True"
"管理端","pagesImp/card/member-card/index-tp.wxml","134","e9","True"
"管理端","pagesImp/card/member-card/index.wxml","7","sectionChange","True"
"管理端","pagesImp/card/member-card/index.wxml","11","moreClick","True"
"管理端","pagesImp/card/member-card/index.wxml","12","moreClick","True"
"管理端","pagesImp/card/member-card/index.wxml","14","e0","True"
"管理端","pagesImp/card/member-card/index.wxml","20","priceBlur","True"
"管理端","pagesImp/card/member-card/index.wxml","23","openDialog","True"
"管理端","pagesImp/card/member-card/index.wxml","31","openDialog","True"
"管理端","pagesImp/card/member-card/index.wxml","40","openDialog","True"
"管理端","pagesImp/card/member-card/index.wxml","51","openDialog","True"
"管理端","pagesImp/card/member-card/index.wxml","64","e1","True"
"管理端","pagesImp/card/member-card/index.wxml","72","e2","True"
"管理端","pagesImp/card/member-card/index.wxml","81","e3","True"
"管理端","pagesImp/card/member-card/index.wxml","85","e4","True"
"管理端","pagesImp/card/member-card/index.wxml","93","e5","True"
"管理端","pagesImp/card/member-card/index.wxml","97","e6","True"
"管理端","pagesImp/card/member-card/index.wxml","105","e7","True"
"管理端","pagesImp/card/member-card/index.wxml","121","e8","True"
"管理端","pagesImp/card/member-card/index.wxml","128","e9","True"
"管理端","pagesImp/card/member-card/index.wxml","132","e10","True"
"管理端","pagesImp/card/member-card/index.wxml","140","saveClick","True"
"管理端","pagesImp/card/member-card/index.wxml","141","e11","True"
"管理端","pagesImp/card/member-card/index.wxml","144","quotaSubmit","True"
"管理端","pagesImp/card/member-card/index.wxml","145","timeQuotaSubmit","True"
"管理端","pagesImp/card/member-card/index.wxml","146","valueQuotaSubmit","True"
"管理端","pagesImp/card/member-card/index.wxml","147","efftimeSubmit","True"
"管理端","pagesImp/card/member-card/index.wxml","148","activationSubmit","True"
"管理端","pagesImp/card/member-card/index.wxml","149","usePerSubmit","True"
"管理端","pagesImp/card/member-card/index.wxml","150","quantitySubmit","True"
"管理端","pagesImp/card/member-card/index.wxml","151","appointmentSubmit","True"
"管理端","pagesImp/card/member-card/index.wxml","152","manyAppointInfoSubmit","True"
"管理端","pagesImp/card/member-card/index.wxml","153","cancelappointInfoSubmit","True"
"管理端","pagesImp/card/member-card/index.wxml","154","absentpunishInfoSubmit","True"
"管理端","pagesImp/card/member-card/index.wxml","155","periodRefSubmit","True"
"管理端","pagesImp/card/member-card/index.wxml","156","legalSubmit","True"
"管理端","pagesImp/card/member-card/index.wxml","157","cardFaceSubmit","True"
"管理端","pagesImp/card/member-card/index.wxml","158","offSaleClick","True"
"管理端","pagesImp/card/member-card/index.wxml","161","deleteBtnClick","True"
"管理端","pagesImp/card/setting-more-subject/index.wxml","13","activeAll","True"
"管理端","pagesImp/card/setting-more-subject/index.wxml","16","coachSelect","True"
"管理端","pagesImp/card/setting-more-subject/index.wxml","20","save","True"
"管理端","pagesImp/card/setting-more-subject/index.wxml","23","deductionDaysSubmit","True"
"管理端","pagesImp/card/setting-single-subject/index.wxml","18","moreClick","False"
"管理端","pagesImp/card/setting-single-subject/index.wxml","19","moreClick","False"
"管理端","pagesImp/card/setting-single-subject/index.wxml","27","activeAll","True"
"管理端","pagesImp/card/setting-single-subject/index.wxml","30","coachSelect","True"
"管理端","pagesImp/card/setting-single-subject/index.wxml","34","save","True"
"管理端","pagesImp/card/setting-single-subject/index.wxml","37","deductionDaysSubmit","True"
"管理端","pagesImp/components/ff-editor/ff-editor.wxml","4","submit","True"
"管理端","pagesImp/components/ff-editor/ff-editor.wxml","11","onInput","True"
"管理端","pagesImp/components/ff-editor/ff-editor.wxml","17","headleCreal","True"
"管理端","pagesImp/shop/setting/personal/nickname-edit.wxml","10","saveNickname","True"
"管理端","pagesImp/shop/setting/personal/personal.wxml","6","chooseAvatar","True"
"管理端","pagesImp/shop/setting/personal/personal.wxml","7","chooseAvatar","True"
"管理端","pagesImp/shop/setting/personal/personal.wxml","10","chooseAvatar","True"
"管理端","pagesImp/shop/setting/personal/personal.wxml","13","chooseAvatar","True"
"管理端","pagesImp/shop/setting/personal/phone-edit.wxml","8","getPhoneNumber","True"
"管理端","pagesImp/shop/setting/personal/phone-edit.wxml","11","saveTel","True"
"管理端","pagesImp/shop/setting/store/store-setting.wxml","5","hideDown","True"
"管理端","pagesImp/shop/setting/store/store-setting.wxml","10","chooseAvatar","True"
"管理端","pagesImp/shop/setting/store/store-setting.wxml","34","e0","True"
"管理端","pagesImp/shop/setting/store/store-setting.wxml","35","e1","True"
"管理端","pagesImp/shop/setting/store/store-setting.wxml","37","confirm","True"
"管理端","pagesImp/shop/setting/store/store-setting.wxml","52","removeitem","True"
"管理端","pagesImp/shop/setting/store/store-setting.wxml","53","openPopup","True"
"管理端","pagesImp/shop/setting/store/store-setting.wxml","54","openPopup","True"
"管理端","pagesImp/shop/setting/store/store-setting.wxml","56","openPopup","True"
"管理端","pagesImp/shop/setting/store/store-setting.wxml","58","openPopup","True"
"管理端","pagesImp/shop/setting/store/store-setting.wxml","68","saveSite","True"
"管理端","pagesImp/shop/setting/store/store-setting.wxml","70","saveWeekTime","True"
"管理端","pagesImp/shop/staff/components/identity-popup.wxml","4","submit","True"
"管理端","pagesImp/shop/staff/components/permission-popup.wxml","4","submit","True"
"管理端","pagesImp/shop/staff/components/permission-popup.wxml","13","changeRole","True"
"管理端","pagesImp/shop/staff/components/permission-popup.wxml","19","changePFunction","True"
"管理端","pagesImp/shop/staff/components/permission-popup.wxml","30","parentSwitchChange","True"
"管理端","pagesImp/shop/staff/components/permission-popup.wxml","35","toggleImageChild","True"
"管理端","pagesImp/shop/staff/components/permission-popup.wxml","46","childRadioChange","True"
"管理端","pagesImp/shop/staff/invited-share.wxml","3","backHome","True"
"管理端","pagesImp/shop/staff/invited-share.wxml","17","accept","True"
"管理端","pagesImp/shop/staff/invited-share.wxml","18","backHome","True"
"管理端","pagesImp/shop/staff/staff-edit.wxml","6","sectionChange","True"
"管理端","pagesImp/shop/staff/staff-edit.wxml","12","chooseAvatar","True"
"管理端","pagesImp/shop/staff/staff-edit.wxml","22","e0","True"
"管理端","pagesImp/shop/staff/staff-edit.wxml","25","actionSheetCallback","True"
"管理端","pagesImp/shop/staff/staff-edit.wxml","29","openIdentity","True"
"管理端","pagesImp/shop/staff/staff-edit.wxml","32","openPopup","True"
"管理端","pagesImp/shop/staff/staff-edit.wxml","38","savedata","True"
"管理端","pagesImp/shop/staff/staff-edit.wxml","39","delmodal","True"
"管理端","pagesImp/shop/staff/staff-edit.wxml","40","transferManage","True"
"管理端","pagesImp/shop/staff/staff-edit.wxml","56","cancelbtn","True"
"管理端","pagesImp/shop/staff/staff-edit.wxml","57","confirmbtn","True"
"管理端","pagesImp/shop/staff/staff-edit.wxml","62","savePermissionList","True"
"管理端","pagesImp/shop/staff/staff-edit.wxml","63","saveIdentityList","True"
"管理端","pagesImp/shop/staff/staff-edit.wxml","75","cancelbtntran","True"
"管理端","pagesImp/shop/staff/staff-edit.wxml","76","refuseconfirm","True"
"管理端","pagesImp/shop/staff/staff-edit.wxml","85","confirmbtnFail","True"
"管理端","pagesImp/shop/staff/staff.wxml","5","hideDown","True"
"管理端","pagesImp/shop/staff/staff.wxml","16","edit","True"
"管理端","pagesImp/shop/staff/staff.wxml","29","share","True"
"管理端","pagesImp/shop/staff/staff.wxml","30","edit","True"
"管理端","pagesImp/shop/staff/staff.wxml","32","edit","True"
"管理端","pagesImp/shop/staff/staff.wxml","42","edit","True"
"管理端","pagesImp/subject/subject-compontent/card-face.wxml","1","headleClose","True"
"管理端","pagesImp/subject/subject-compontent/card-face.wxml","6","changeTag","True"
"管理端","pagesImp/subject/subject-compontent/card-face.wxml","12","selectFace","True"
"管理端","pagesImp/subject/subject-compontent/subject-openrule.wxml","4","submit","True"
"管理端","pagesImp/subject/subject-compontent/subject-persion.wxml","25","switchUp","True"
"管理端","pagesImp/subject/subject-compontent/subject-trainer.wxml","10","changetrainer","True"
"管理端","pagesImp/subject/subject-compontent/subject-trainer.wxml","32","cancelbtn","True"
"管理端","pagesImp/subject/subject-compontent/suject-classroom.wxml","11","changeclassroom","True"
"管理端","pagesImp/subject/subject-compontent/suject-classroom.wxml","14","changeclassroom","True"
"管理端","pagesImp/subject/subject-compontent/suject-classroom.wxml","15","clickClose","True"
"管理端","pagesImp/subject/subject-compontent/suject-classroom.wxml","17","clickSaveclassroom","True"
"管理端","pagesImp/subject/subject-compontent/suject-classroom.wxml","21","clickEditclassroom","True"
"管理端","pagesImp/subject/subject-compontent/suject-classroom.wxml","30","saveclassroom","True"
"管理端","pagesImp/subject/subject-compontent/suject-creatcourse-popup.wxml","4","submit","True"
"管理端","pagesImp/subject/subject-compontent/tag-popup.wxml","11","changeTag","True"
"管理端","pagesImp/subject/subject-compontent/tag-popup.wxml","12","clickClose","True"
"管理端","pagesImp/subject/subject-compontent/tag-popup.wxml","14","clickSaveTag","True"
"管理端","pagesImp/subject/subject-compontent/tag-popup.wxml","18","clickEditTag","True"
"管理端","pagesImp/subject/subject-compontent/tag-popup.wxml","27","saveTag","True"
"管理端","pagesImp/subject/subject-compontent/time-popup1.wxml","2","closeweek","False"
"管理端","pagesImp/subject/subject-compontent/time-popup1.wxml","4","saveTime","True"
"管理端","pagesImp/subject/subject-compontent/time-popup1.wxml","9","weekdata","True"
"管理端","pagesImp/subject/subject-compontent/time-popup1.wxml","19","removeitem","True"
"管理端","pagesImp/subject/subject-compontent/time-popup1.wxml","23","e0","True"
"管理端","pagesImp/subject/subject-compontent/time-popup1.wxml","26","openMinute","True"
"管理端","pagesImp/subject/subject-compontent/time-popup1.wxml","51","confirmPicker","True"
"管理端","pagesImp/subject/subject-edit.wxml","7","e0","True"
"管理端","pagesImp/subject/subject-edit.wxml","12","e1","True"
"管理端","pagesImp/subject/subject-edit.wxml","17","addtime","True"
"管理端","pagesImp/subject/subject-edit.wxml","23","e2","True"
"管理端","pagesImp/subject/subject-edit.wxml","31","e3","True"
"管理端","pagesImp/subject/subject-edit.wxml","35","e4","True"
"管理端","pagesImp/subject/subject-edit.wxml","39","sujectChoiceCard","True"
"管理端","pagesImp/subject/subject-edit.wxml","43","e5","True"
"管理端","pagesImp/subject/subject-edit.wxml","49","savedata","True"
"管理端","pagesImp/subject/subject-edit.wxml","50","delmodal","True"
"管理端","pagesImp/subject/subject-edit.wxml","53","editTag","True"
"管理端","pagesImp/subject/subject-edit.wxml","54","editTrainer","True"
"管理端","pagesImp/subject/subject-edit.wxml","55","editclassroom","True"
"管理端","pagesImp/subject/subject-edit.wxml","56","editopenrule","True"
"管理端","pagesImp/subject/subject-edit.wxml","57","editsubjectDesc","True"
"管理端","pagesImp/subject/subject-edit.wxml","59","cardFaceSubmit","True"
"管理端","pagesImp/subject/subject-edit.wxml","72","cancelbtn","True"
"管理端","pagesImp/subject/subject-edit.wxml","73","confirmbtn","True"
"管理端","pagesImp/subject/subject-edit.wxml","82","cancelHasPlan","True"
"管理端","pagesImp/subject/subject-edit.wxml","83","confirmHasPlan","True"
"管理端","pagesImp/subject/subject-personal-edit.wxml","7","e0","True"
"管理端","pagesImp/subject/subject-personal-edit.wxml","11","e1","True"
"管理端","pagesImp/subject/subject-personal-edit.wxml","15","e2","True"
"管理端","pagesImp/subject/subject-personal-edit.wxml","19","e3","True"
"管理端","pagesImp/subject/subject-personal-edit.wxml","30","removeitem","True"
"管理端","pagesImp/subject/subject-personal-edit.wxml","31","openPopup","True"
"管理端","pagesImp/subject/subject-personal-edit.wxml","32","openPopup","True"
"管理端","pagesImp/subject/subject-personal-edit.wxml","34","openPopup","True"
"管理端","pagesImp/subject/subject-personal-edit.wxml","36","openPopup","True"
"管理端","pagesImp/subject/subject-personal-edit.wxml","47","clickswith","True"
"管理端","pagesImp/subject/subject-personal-edit.wxml","53","clickClose","True"
"管理端","pagesImp/subject/subject-personal-edit.wxml","63","e4","True"
"管理端","pagesImp/subject/subject-personal-edit.wxml","67","sujectChoiceCard","True"
"管理端","pagesImp/subject/subject-personal-edit.wxml","78","e5","True"
"管理端","pagesImp/subject/subject-personal-edit.wxml","97","e6","True"
"管理端","pagesImp/subject/subject-personal-edit.wxml","101","sujectChoiceCard","True"
"管理端","pagesImp/subject/subject-personal-edit.wxml","114","savedata","True"
"管理端","pagesImp/subject/subject-personal-edit.wxml","115","delmodal","True"
"管理端","pagesImp/subject/subject-personal-edit.wxml","118","editTag","True"
"管理端","pagesImp/subject/subject-personal-edit.wxml","119","headleClose","False"
"管理端","pagesImp/subject/subject-personal-edit.wxml","120","headleClose","False"
"管理端","pagesImp/subject/subject-personal-edit.wxml","121","headleClose","False"
"管理端","pagesImp/subject/subject-personal-edit.wxml","122","saveWeekTime","True"
"管理端","pagesImp/subject/subject-personal-edit.wxml","130","cancelbtn","True"
"管理端","pagesImp/subject/subject-personal-edit.wxml","131","confirmbtn","True"
"管理端","pagesImp/subject/subject.wxml","9","changeTab","True"
"管理端","pagesImp/subject/subject.wxml","26","switchUp","True"
"管理端","pagesImp/subject/subject.wxml","29","e0","True"
"管理端","pagesImp/subject/suject-choice-card.wxml","85","fdeductionFocus","True"
"管理端","pagesImp/subject/suject-choice-card.wxml","117","fdeductionFocus","True"
"管理端","pagesImp/subject/suject-choice-card.wxml","119","fdeductionFocus","True"
"管理端","pagesImp/subject/suject-choice-card.wxml","146","selectDeductWay","True"
"管理端","pagesImp/subject/suject-choice-card.wxml","164","submit","True"
"管理端","pagesImp/subject/suject-choice-card.wxml","177","deductionDaysSubmit","True"
"管理端","uview-ui/components/u-action-sheet/u-action-sheet.wxml","1","popupClose","True"
"管理端","uview-ui/components/u-avatar-cropper/u-avatar-cropper.wxml","3","touchStart","True"
"管理端","uview-ui/components/u-avatar-cropper/u-avatar-cropper.wxml","7","uploadTap","True"
"管理端","uview-ui/components/u-avatar-cropper/u-avatar-cropper.wxml","8","getCropperImage","True"
"管理端","uview-ui/components/u-avatar-cropper/u-avatar-croppershop.wxml","3","touchStart","True"
"管理端","uview-ui/components/u-avatar-cropper/u-avatar-croppershop.wxml","7","uploadTap","True"
"管理端","uview-ui/components/u-avatar-cropper/u-avatar-croppershop.wxml","8","getCropperImage","True"
"管理端","uview-ui/components/u-button/u-button.wxml","1","getphonenumber","True"
"管理端","uview-ui/components/u-calendar/u-calendar.wxml","1","close","True"
"管理端","uview-ui/components/u-calendar/u-calendar.wxml","9","changeYearHandler","True"
"管理端","uview-ui/components/u-calendar/u-calendar.wxml","12","changeMonthHandler","True"
"管理端","uview-ui/components/u-calendar/u-calendar.wxml","16","changeMonthHandler","True"
"管理端","uview-ui/components/u-calendar/u-calendar.wxml","19","changeYearHandler","True"
"管理端","uview-ui/components/u-calendar/u-calendar.wxml","27","dateClick","True"
"管理端","uview-ui/components/u-calendar/u-calendar.wxml","42","btnFix","True"
"管理端","uview-ui/components/u-cell-item/u-cell-item.wxml","1","click","True"
"管理端","uview-ui/components/u-checkbox/u-checkbox.wxml","2","toggle","True"
"管理端","uview-ui/components/u-checkbox/u-checkbox.wxml","5","onClickLabel","True"
"管理端","uview-ui/components/u-col/u-col.wxml","1","click","True"
"管理端","uview-ui/components/u-divider/u-divider.wxml","1","click","True"
"管理端","uview-ui/components/u-field/u-field.wxml","12","onInput","True"
"管理端","uview-ui/components/u-field/u-field.wxml","13","onFocus","True"
"管理端","uview-ui/components/u-field/u-field.wxml","15","onClear","True"
"管理端","uview-ui/components/u-field/u-field.wxml","19","rightIconClick","True"
"管理端","uview-ui/components/u-icon/u-icon.wxml","1","click","True"
"管理端","uview-ui/components/u-icon/u-icon.wxml","3","touchstart","True"
"管理端","uview-ui/components/u-index-list/u-index-list.wxml","4","onTouchMove","True"
"管理端","uview-ui/components/u-input/u-input.wxml","1","inputClick","True"
"管理端","uview-ui/components/u-input/u-input.wxml","2","handleInput","True"
"管理端","uview-ui/components/u-input/u-input.wxml","3","onFocus","True"
"管理端","uview-ui/components/u-input/u-input.wxml","5","onClear","True"
"管理端","uview-ui/components/u-input/u-input.wxml","9","e0","True"
"管理端","uview-ui/components/u-loadmore/u-loadmore.wxml","7","loadMore","True"
"管理端","uview-ui/components/u-mask/u-mask.wxml","1","click","True"
"管理端","uview-ui/components/u-modal/u-modal.wxml","2","popupClose","True"
"管理端","uview-ui/components/u-modal/u-modal.wxml","12","cancel","True"
"管理端","uview-ui/components/u-modal/u-modal.wxml","13","confirm","True"
"管理端","uview-ui/components/u-parse/libs/trees.wxml","3","imgtap","True"
"管理端","uview-ui/components/u-parse/libs/trees.wxml","5","loadImg","True"
"管理端","uview-ui/components/u-parse/libs/trees.wxml","13","_loadVideo","True"
"管理端","uview-ui/components/u-parse/libs/trees.wxml","15","error","True"
"管理端","uview-ui/components/u-parse/libs/trees.wxml","17","error","True"
"管理端","uview-ui/components/u-parse/libs/trees.wxml","19","linkpress","True"
"管理端","uview-ui/components/u-picker/u-picker.wxml","1","close","True"
"管理端","uview-ui/components/u-picker/u-picker.wxml","4","getResult","True"
"管理端","uview-ui/components/u-picker/u-picker.wxml","9","change","True"
"管理端","uview-ui/components/u-picker/u-picker.wxml","27","change","True"
"管理端","uview-ui/components/u-picker/u-picker.wxml","54","change","True"
"管理端","uview-ui/components/u-picker/u-picker.wxml","62","change","True"
"管理端","uview-ui/components/u-popup/u-popup.wxml","1","stopPrevent","True"
"管理端","uview-ui/components/u-popup/u-popup.wxml","2","maskClick","True"
"管理端","uview-ui/components/u-popup/u-popup.wxml","3","modeCenterClose","True"
"管理端","uview-ui/components/u-popup/u-popup.wxml","5","close","True"
"管理端","uview-ui/components/u-popup/u-popup.wxml","13","close","True"
"管理端","uview-ui/components/u-radio/u-radio.wxml","2","toggle","True"
"管理端","uview-ui/components/u-radio/u-radio.wxml","6","onClickLabel","True"
"管理端","uview-ui/components/u-rate/u-rate.wxml","1","touchMove","True"
"管理端","uview-ui/components/u-rate/u-rate.wxml","3","click","True"
"管理端","uview-ui/components/u-row/u-row.wxml","1","click","True"
"管理端","uview-ui/components/u-search/u-search.wxml","1","clickHandler","True"
"管理端","uview-ui/components/u-search/u-search.wxml","6","blur","True"
"管理端","uview-ui/components/u-search/u-search.wxml","7","clear","True"
"管理端","uview-ui/components/u-search/u-search.wxml","11","custom","True"
"管理端","uview-ui/components/u-select/u-select.wxml","2","close","True"
"管理端","uview-ui/components/u-select/u-select.wxml","5","getResult","True"
"管理端","uview-ui/components/u-select/u-select.wxml","10","columnChange","True"
"管理端","uview-ui/components/u-subsection/u-subsection.wxml","2","click","True"
"管理端","uview-ui/components/u-swiper/u-swiper.wxml","2","change","True"
"管理端","uview-ui/components/u-swiper/u-swiper.wxml","4","listClick","True"
"管理端","uview-ui/components/u-switch/u-switch.wxml","1","onClick","True"
"管理端","uview-ui/components/u-tabs/u-tabs.wxml","5","clickTab","True"
"管理端","uview-ui/components/u-tag/u-tag.wxml","1","clickTag","True"
"管理端","uview-ui/components/u-tag/u-tag.wxml","2","close","True"
"会员端","components/alert-panel/panel-active.wxml","20","close","True"
"会员端","components/appointment-list/index.wxml","1","appointDetails","True"
"会员端","components/appointment-list/index.wxml","66","toggleDrop","True"
"会员端","components/appointment-list/index.wxml","73","cancelAppointment","True"
"会员端","components/appointment-list/index.wxml","77","cancelLineUp","True"
"会员端","components/card-all-project/index.wxml","1","e0","True"
"会员端","components/card-all-project/index.wxml","17","e1","True"
"会员端","components/dialog/index.wxml","6","close","True"
"会员端","components/ff-bottom-logo/showLogo.wxml","3","openPage","True"
"会员端","components/ff-counts-card/ff-counts-card.wxml","35","moreClick","True"
"会员端","components/ff-date-card/ff-date-card.wxml","43","moreClick","True"
"会员端","components/mumber-card/index.wxml","57","moreProject","True"
"会员端","components/mumber-card/index.wxml","80","moreProject","True"
"会员端","components/privacy/privacy.wxml","4","openPrivacyContract","True"
"会员端","components/privacy/privacy.wxml","6","exitMiniProgram","True"
"会员端","components/privacy/privacy.wxml","7","handleAgreePrivacyAuthorization","True"
"会员端","components/week-calendar/week-calendar.wxml","3","changeSwp","True"
"会员端","components/week-calendar/week-calendar.wxml","6","clickItem","True"
"会员端","components/week-calendar/week-calendar.wxml","12","clickItem","True"
"会员端","node-modules/uview-ui/components/u-button/u-button.wxml","1","getphonenumber","True"
"会员端","node-modules/uview-ui/components/u-calendar/u-calendar.wxml","1","close","True"
"会员端","node-modules/uview-ui/components/u-calendar/u-calendar.wxml","9","changeYearHandler","True"
"会员端","node-modules/uview-ui/components/u-calendar/u-calendar.wxml","12","changeMonthHandler","True"
"会员端","node-modules/uview-ui/components/u-calendar/u-calendar.wxml","16","changeMonthHandler","True"
"会员端","node-modules/uview-ui/components/u-calendar/u-calendar.wxml","19","changeYearHandler","True"
"会员端","node-modules/uview-ui/components/u-calendar/u-calendar.wxml","27","dateClick","True"
"会员端","node-modules/uview-ui/components/u-calendar/u-calendar.wxml","42","btnFix","True"
"会员端","node-modules/uview-ui/components/u-checkbox/u-checkbox.wxml","2","toggle","True"
"会员端","node-modules/uview-ui/components/u-checkbox/u-checkbox.wxml","5","onClickLabel","True"
"会员端","node-modules/uview-ui/components/u-divider/u-divider.wxml","1","click","True"
"会员端","node-modules/uview-ui/components/u-icon/u-icon.wxml","1","click","True"
"会员端","node-modules/uview-ui/components/u-icon/u-icon.wxml","3","touchstart","True"
"会员端","node-modules/uview-ui/components/u-image/u-image.wxml","1","onClick","True"
"会员端","node-modules/uview-ui/components/u-image/u-image.wxml","2","onErrorHandler","True"
"会员端","node-modules/uview-ui/components/u-input/u-input.wxml","1","inputClick","True"
"会员端","node-modules/uview-ui/components/u-input/u-input.wxml","2","handleInput","True"
"会员端","node-modules/uview-ui/components/u-input/u-input.wxml","3","onFocus","True"
"会员端","node-modules/uview-ui/components/u-input/u-input.wxml","5","onClear","True"
"会员端","node-modules/uview-ui/components/u-input/u-input.wxml","9","e0","True"
"会员端","node-modules/uview-ui/components/u-loadmore/u-loadmore.wxml","7","loadMore","True"
"会员端","node-modules/uview-ui/components/u-mask/u-mask.wxml","1","click","True"
"会员端","node-modules/uview-ui/components/u-modal/u-modal.wxml","2","popupClose","True"
"会员端","node-modules/uview-ui/components/u-modal/u-modal.wxml","12","cancel","True"
"会员端","node-modules/uview-ui/components/u-modal/u-modal.wxml","13","confirm","True"
"会员端","node-modules/uview-ui/components/u-parse/libs/trees.wxml","3","imgtap","True"
"会员端","node-modules/uview-ui/components/u-parse/libs/trees.wxml","5","loadImg","True"
"会员端","node-modules/uview-ui/components/u-parse/libs/trees.wxml","13","_loadVideo","True"
"会员端","node-modules/uview-ui/components/u-parse/libs/trees.wxml","15","error","True"
"会员端","node-modules/uview-ui/components/u-parse/libs/trees.wxml","17","error","True"
"会员端","node-modules/uview-ui/components/u-parse/libs/trees.wxml","19","linkpress","True"
"会员端","node-modules/uview-ui/components/u-picker/u-picker.wxml","1","close","True"
"会员端","node-modules/uview-ui/components/u-picker/u-picker.wxml","4","getResult","True"
"会员端","node-modules/uview-ui/components/u-picker/u-picker.wxml","9","change","True"
"会员端","node-modules/uview-ui/components/u-picker/u-picker.wxml","27","change","True"
"会员端","node-modules/uview-ui/components/u-picker/u-picker.wxml","54","change","True"
"会员端","node-modules/uview-ui/components/u-picker/u-picker.wxml","62","change","True"
"会员端","node-modules/uview-ui/components/u-popup/u-popup.wxml","2","maskClick","True"
"会员端","node-modules/uview-ui/components/u-popup/u-popup.wxml","3","modeCenterClose","True"
"会员端","node-modules/uview-ui/components/u-popup/u-popup.wxml","5","close","True"
"会员端","node-modules/uview-ui/components/u-popup/u-popup.wxml","13","close","True"
"会员端","node-modules/uview-ui/components/u-select/u-select.wxml","2","close","True"
"会员端","node-modules/uview-ui/components/u-select/u-select.wxml","5","getResult","True"
"会员端","node-modules/uview-ui/components/u-select/u-select.wxml","10","columnChange","True"
"会员端","node-modules/uview-ui/components/u-swiper/u-swiper.wxml","2","change","True"
"会员端","node-modules/uview-ui/components/u-swiper/u-swiper.wxml","4","listClick","True"
"会员端","node-modules/uview-ui/components/u-tabs/u-tabs.wxml","5","clickTab","True"
"会员端","pageCourse/clusterCourse/components/member-list.wxml","17","confirm","True"
"会员端","pageCourse/clusterCourse/index.wxml","8","back","True"
"会员端","pageCourse/clusterCourse/index.wxml","65","lookMemberList","True"
"会员端","pageCourse/clusterCourse/index.wxml","68","lookMemberList","True"
"会员端","pageCourse/clusterCourse/index.wxml","99","queueUp","True"
"会员端","pageCourse/clusterCourse/index.wxml","110","queueUp","True"
"会员端","pageCourse/clusterCourse/index.wxml","121","appointmentCourse","True"
"会员端","pageCourse/clusterCourse/index.wxml","127","appointmentCourse","True"
"会员端","pageCourse/clusterCourse/index.wxml","128","queueUp","True"
"会员端","pageCourse/clusterCourse/index.wxml","129","cancelAppointment","True"
"会员端","pageCourse/clusterCourse/index.wxml","130","cancelQueueUp","True"
"会员端","pageCourse/clusterCourse/index.wxml","131","endTimeOut","True"
"会员端","pageCourse/clusterCourse/index.wxml","146","quit","True"
"会员端","pageCourse/clusterCourse/index.wxml","156","onPaymentSuccess","True"
"会员端","pageCourse/clusterCourse/index.wxml","158","handleCancel","True"
"会员端","pageCourse/clusterCourse/index.wxml","180","checkboxChange","True"
"会员端","pageCourse/clusterCourse/share-index.wxml","8","back","True"
"会员端","pageCourse/clusterCourse/share-index.wxml","65","lookMemberList","True"
"会员端","pageCourse/clusterCourse/share-index.wxml","68","lookMemberList","True"
"会员端","pageCourse/clusterCourse/share-index.wxml","101","quit","True"
"会员端","pageCourse/clusterCourse/share-index.wxml","111","onPaymentSuccess","True"
"会员端","pageCourse/clusterCourse/share-index.wxml","112","close","False"
"会员端","pageCourse/clusterCourse/share-index.wxml","113","handleCancel","True"
"会员端","pageCourse/coachCourse/components/confirm-modal.wxml","11","cancelbtn","True"
"会员端","pageCourse/coachCourse/components/confirm-modal.wxml","12","confirmbtn","True"
"会员端","pageCourse/coachCourse/components/confirm-modal1.wxml","11","cancelbtn","True"
"会员端","pageCourse/coachCourse/components/confirm-modal1.wxml","13","confirmbtn","True"
"会员端","pageCourse/coachCourse/index.wxml","10","back","True"
"会员端","pageCourse/coachCourse/index.wxml","97","toggleDrop","True"
"会员端","pageCourse/coachCourse/index.wxml","104","cancelAppointment","True"
"会员端","pageCourse/coachCourse/index.wxml","133","appointmentCourse","True"
"会员端","pageCourse/coachCourse/index.wxml","136","shareCourse","True"
"会员端","pageCourse/coachCourse/index.wxml","145","quit","True"
"会员端","pageCourse/coachCourse/index.wxml","156","ok","True"
"会员端","pageCourse/coachCourse/index.wxml","161","update","True"
"会员端","pageCourse/coachCourse/share-index.wxml","8","back","True"
"会员端","pageCourse/coachCourse/share-index.wxml","95","toggleDrop","True"
"会员端","pageCourse/coachCourse/share-index.wxml","102","cancelAppointment","True"
"会员端","pageCourse/coachCourse/share-index.wxml","131","shareCourse","True"
"会员端","pageCourse/coachCourse/share-index.wxml","140","quit","True"
"会员端","pageCourse/coachCourse/share-index.wxml","151","ok","True"
"会员端","pageCourse/coachCourse/share-index.wxml","156","update","True"
"会员端","pageCourse/components/selected-course-timer/index.wxml","6","selectDrainer","True"
"会员端","pageCourse/components/selected-course-timer/index.wxml","16","goBackTodayClick","True"
"会员端","pageCourse/components/selected-course-timer/index.wxml","17","e0","True"
"会员端","pageCourse/components/selected-course-timer/index.wxml","21","datechange","True"
"会员端","pageCourse/components/selected-course-timer/index.wxml","29","timeItemClick","True"
"会员端","pageCourse/components/selected-course-timer/index.wxml","39","timeItemClick","True"
"会员端","pageCourse/components/selected-course-timer/index.wxml","49","timeItemClick","True"
"会员端","pageCourse/components/selected-course-timer/index.wxml","74","confirm","True"
"会员端","pageCourse/components/selected-course-timer/index.wxml","78","calendarChange","True"
"会员端","pageCourse/components/selected-course-timer/index.wxml","79","close","True"
"会员端","pageCourse/components/selected-member-card/components/chosecard.wxml","5","selectCard","True"
"会员端","pageCourse/components/selected-member-card/components/chosecard.wxml","9","moreProject","True"
"会员端","pageCourse/components/selected-member-card/components/chosecard.wxml","27","selectinvalidMore","True"
"会员端","pageCourse/components/selected-member-card/components/chosecard.wxml","37","moreProject","True"
"会员端","pageCourse/components/selected-member-card/components/line-up-success.wxml","20","confirm","True"
"会员端","pageCourse/components/selected-member-card/index.wxml","8","moreProject","True"
"会员端","pageCourse/components/selected-member-card/index.wxml","12","selectioncard","True"
"会员端","pageCourse/components/selected-member-card/index.wxml","32","minus","True"
"会员端","pageCourse/components/selected-member-card/index.wxml","35","plus","True"
"会员端","pageCourse/components/selected-member-card/index.wxml","58","confirm","True"
"会员端","pageCourse/components/selected-member-card/index.wxml","62","close","True"
"会员端","pageCourse/components/selected-member-card/index.wxml","64","selectCard","True"
"会员端","pageHome/buyingCard/buySuccess.wxml","13","goMine","True"
"会员端","pageHome/buyingCard/buySuccess.wxml","14","goHome","True"
"会员端","pageHome/buyingCard/components/confirm-card-info.wxml","25","lookAgreement","True"
"会员端","pageHome/buyingCard/components/confirm-card-info.wxml","25","lookAgreement","True"
"会员端","pageHome/buyingCard/components/confirm-card-info.wxml","32","confirm","True"
"会员端","pageHome/buyingCard/components/confirm-card-info.wxml","44","close","True"
"会员端","pageHome/buyingCard/components/confirm-card-info.wxml","48","ok","True"
"会员端","pageHome/buyingCard/index.wxml","5","cardDetails","True"
"会员端","pageHome/buyingCard/index.wxml","8","moreClick","True"
"会员端","pageHome/buyingCard/index.wxml","9","moreClick","True"
"会员端","pageHome/shopDetails/index.wxml","14","openPhone","True"
"会员端","pageHome/toggleShop/index.wxml","4","toggleShop","True"
"会员端","pageMine/appointmentStatistics/index.wxml","25","tabChange","True"
"会员端","pageMine/components/navigation/headPhoto.wxml","9","back","True"
"会员端","pageMine/modifidInfo/index.wxml","9","getPhoneNumber","True"
"会员端","pageMine/modifidInfo/index.wxml","16","save","True"
"会员端","pageMine/myInfo/index.wxml","3","chooseAvatar","True"
"会员端","pageMine/myInfo/index.wxml","15","formItemClick","True"
"会员端","pageMine/myInfo/index.wxml","21","actionSheetCallback","True"
"会员端","pageMine/myInfo/index.wxml","22","timeActionCallback","True"
"会员端","pageMine/point/index.wxml","2","cancelBubbling","True"
"会员端","pageMine/removeCard/index.wxml","8","moreProject","True"
"会员端","pageMine/removeCard/index.wxml","10","recoverCard","True"
"会员端","pageMine/totalStatistics/index.wxml","14","appointmentDetails","True"
"会员端","pageMine/totalStatistics/index.wxml","58","appointmentDetails","True"
"会员端","pageMine/useRecord/index.wxml","8","tabChange","True"
"会员端","pages/appointmentCourse/index.wxml","15","personalTrainerDetails","True"
"会员端","pages/appointmentCourse/index.wxml","37","e0","True"
"会员端","pages/appointmentCourse/index.wxml","38","goBackTodayClick","True"
"会员端","pages/appointmentCourse/index.wxml","42","datechange","True"
"会员端","pages/appointmentCourse/index.wxml","50","leagueClassDetails","True"
"会员端","pages/appointmentCourse/index.wxml","115","leagueClassDetails","True"
"会员端","pages/appointmentCourse/index.wxml","116","leagueClassDetails","True"
"会员端","pages/appointmentCourse/index.wxml","123","leagueClassDetails","True"
"会员端","pages/appointmentCourse/index.wxml","125","leagueClassDetails","True"
"会员端","pages/appointmentCourse/index.wxml","126","leagueClassDetails","True"
"会员端","pages/appointmentCourse/index.wxml","127","leagueClassDetails","True"
"会员端","pages/appointmentCourse/index.wxml","161","calendarChange","True"
"会员端","pages/appointmentCourse/index.wxml","165","jumpLogin","True"
"会员端","pages/authorization/info/index.wxml","10","onChooseAvatar","True"
"会员端","pages/authorization/info/index.wxml","23","nicknameChange","True"
"会员端","pages/authorization/info/index.wxml","27","confirm","True"
"会员端","pages/authorization/phone/index.wxml","11","getPhoneNumber","True"
"会员端","pages/index/components/card-info.wxml","10","toggleCard","True"
"会员端","pages/index/components/card-info.wxml","11","moreProject","True"
"会员端","pages/index/components/card-info.wxml","16","putWxCardPack","True"
"会员端","pages/index/components/confirm-modal.wxml","11","cancelbtn","True"
"会员端","pages/index/components/confirm-modal.wxml","12","confirmbtn","True"
"会员端","pages/index/components/site-list.wxml","19","closeDialog","True"
"会员端","pages/index/index.wxml","5","handleUSwiperChange","True"
"会员端","pages/index/index.wxml","9","jumpPage","True"
"会员端","pages/index/index.wxml","19","changeShop","True"
"会员端","pages/index/index.wxml","31","openPhone","True"
"会员端","pages/index/index.wxml","44","jumpPage","True"
"会员端","pages/index/index.wxml","50","buyCard","True"
"会员端","pages/index/index.wxml","56","appointmentCourse","True"
"会员端","pages/index/index.wxml","62","jumpPage","True"
"会员端","pages/index/index.wxml","71","informDetails","True"
"会员端","pages/index/index.wxml","81","tabChange","True"
"会员端","pages/index/index.wxml","86","cancelLineUp","True"
"会员端","pages/index/index.wxml","106","ok","True"
"会员端","pages/index/index.wxml","115","goFollow","True"
"会员端","pages/mine/index.wxml","1","e0","True"
"会员端","pages/mine/index.wxml","5","jumpPage","True"
"会员端","pages/mine/index.wxml","7","jumpPage","True"
"会员端","pages/mine/index.wxml","18","jumpPage","True"
"会员端","pages/mine/index.wxml","34","jumpPage","True"
"会员端","pages/mine/index.wxml","38","jumpPage","True"
"会员端","pages/mine/index.wxml","42","jumpPage","True"
"会员端","pages/mine/index.wxml","46","jumpPage","True"
"会员端","pages/mine/index.wxml","50","e1","True"
"会员端","pages/mine/index.wxml","62","toggleCard","True"
"会员端","pages/mine/index.wxml","63","moreProject","True"
"会员端","pages/mine/index.wxml","68","jumpPage","True"
"会员端","pages/mine/index.wxml","72","jumpPage","True"
"会员端","pages/mine/index.wxml","79","jumpPage","True"
"会员端","pages/mine/index.wxml","86","showMore","True"
"会员端","pages/mine/index.wxml","94","jumpPage","True"
"会员端","pages/mine/index.wxml","98","removeCard","True"
"会员端","pages/mine/index.wxml","106","jumpPage","True"
"会员端","pages/mine/index.wxml","111","putWxCardPack","True"
"会员端","pages/mine/index.wxml","119","jumpPage","True"
"会员端","pages/mine/index.wxml","127","jumpPage","True"
"会员端","pages/mine/index.wxml","135","jumpPage","True"
"会员端","pages/mine/index.wxml","143","jumpPage","True"
"会员端","pages/mine/index.wxml","151","jumpPage","True"
"会员端","pages/mine/index.wxml","160","ok","True"
"会员端","pages/mine/index.wxml","167","jumpLogin","True"
"会员端","pages/not/index.wxml","12","changePhone","True"
"会员端","pages/receiveCard/authorization/info/index.wxml","10","onChooseAvatar","True"
"会员端","pages/receiveCard/authorization/info/index.wxml","23","nicknameChange","True"
"会员端","pages/receiveCard/authorization/info/index.wxml","27","confirm","True"
"会员端","pages/receiveCard/authorization/phone/index.wxml","11","getPhoneNumber","True"
"会员端","pages/receiveCard/components/hint.wxml","13","changePhone","True"
"会员端","pages/receiveCard/components/hint.wxml","14","refresh","True"
"会员端","pages/receiveCard/index.wxml","8","backHome","True"
"会员端","pages/receiveCard/index.wxml","19","toggleCard","True"
"会员端","pages/receiveCard/index.wxml","20","moreProject","False"
"会员端","pages/receiveCard/index.wxml","35","backHome","True"
"会员端","pages/receiveCard/index.wxml","36","receiveCard","True"
"会员端","pages/receiveCard/index.wxml","40","backHome","True"
"会员端","pages/receiveCard/index.wxml","48","backHome","True"
"会员端","pages/receiveCard/index.wxml","68","back","True"
"会员端","pages/receiveCard/index.wxml","76","refresh","True"
"会员端","pages/tailor/u-avatar-cropper/u-avatar-cropper.wxml","3","touchStart","True"
"会员端","pages/tailor/u-avatar-cropper/u-avatar-cropper.wxml","7","uploadTap","True"
"会员端","pages/tailor/u-avatar-cropper/u-avatar-cropper.wxml","8","getCropperImage","True"
