"App","Path","Extension","Bytes","Lines","Sha256","Category","ReadStatus"
"会员端",".DS_Store",".ds_store","8196",,"7a5b8ee8495b662ac5b001ffc37ba4786a26f2871edcaa4239f967fe5c304523","metadata","binary"
"会员端","@babel/runtime/helpers/Arrayincludes.js",".js","601","23","7055bad11f7dc80ad840cb74d94b342bac8aabc1995953e59b5f37d86fac6742","third_party","ok"
"会员端","@babel/runtime/helpers/Objectentries.js",".js","175","7","5c1b6a10439c63853629d17830e4b76d18ce8296f5b94b7c728c091be49ffe48","third_party","ok"
"会员端","@babel/runtime/helpers/typeof.js",".js","489","20","5706a19cd0d0fc318bdf340c8505d029f42e20c1d1b3f250f34b611dacbeb04b","third_party","ok"
"会员端","app.js",".js","96","4","edf3dd52cce66972cf0984286fdee9c137cd5f9a5d0def4f3c87fdfbf082797c","first_party_compiled","ok"
"会员端","app.json",".json","2396","91","36c72cceab14bf59ef3c70f7b182a26388d1cfdc3aa1a2689734f5948342627e","first_party_compiled","ok"
"会员端","app.wxss",".wxss","54274","3277","e199f36295b9eae0ced434602f37035713247902fe6777e62259c65e20e55a9a","first_party_compiled","ok"
"会员端","common/main.js",".js","5094","163","a5beb983ff357bd2ac38296d30d0880c9cc6f07fc9e49240cf411e259fac0570","first_party_compiled","ok"
"会员端","common/runtime.js",".js","4669","156","c870db0a658cf1d75e2f20c01e45b4e9d6554888c35fbccce30139605474a235","compiled_runtime","ok"
"会员端","common/vendor.js",".js","896664","24059","01d3a22e0ba97017b2d5237c1e3660f42ac9a71e09718a3c3b87944991e655aa","compiled_runtime","ok"
"会员端","components/.DS_Store",".ds_store","10244",,"67a3c430ee49533b8421cd831e639e752349fa876074f45183b7f17b80e26522","metadata","binary"
"会员端","components/alert-panel/panel-active.js",".js","3460","135","c197d34933f2716f4f2136161052486e5a198a9cc22ca7369b4312bfb7591d28","first_party_compiled","ok"
"会员端","components/alert-panel/panel-active.json",".json","219","9","2dac430632f1b1a5502a8d57d3b8f88f667903fca0c29665a8d8f917dddddfc6","first_party_compiled","ok"
"会员端","components/alert-panel/panel-active.wxml",".wxml","1748","24","999354039cdad09825d94d0b64667bbf883dd3ae2feb0e8436993d13063e1655","first_party_compiled","ok"
"会员端","components/alert-panel/panel-active.wxss",".wxss","1542","67","a27d207c3577aa625722b9ce9ae52751b9fbdd2909a874e10d2f8206114d26d9","first_party_compiled","ok"
"会员端","components/appointment-list/index.js",".js","9141","268","fb2c5e531c00009edee9bd68fa7723e210cf094519c68e82ae7d24c715b2e48a","first_party_compiled","ok"
"会员端","components/appointment-list/index.json",".json","236","9","19e64715c07ae0a4f1d9483f6d4d7c9e4f9be652bc1ce22694e6aaac266ac5ac","first_party_compiled","ok"
"会员端","components/appointment-list/index.wxml",".wxml","7285","89","647472b7cdb3b38fb6da90a2df44a154e96e9b559570e3bc8ef810ddf77f3c01","first_party_compiled","ok"
"会员端","components/appointment-list/index.wxss",".wxss","5843","265","f545877b3d973dc31e8485974365c07f9b3c4aad072301e89d54fe5ab5944e39","first_party_compiled","ok"
"会员端","components/card-all-project/index.js",".js","3133","123","bc471ffcb26b1fd2eb7d8cd10648e8955511962df49df108dd97201c100b1ca8","first_party_compiled","ok"
"会员端","components/card-all-project/index.json",".json","242","9","3868b9d26bd2f3b63ab15a395297099189d94336307df91ff97bcc32fb951b79","first_party_compiled","ok"
"会员端","components/card-all-project/index.wxml",".wxml","1433","22","88dde63607cdc65fa90d26ea73af50c10453031237ad02d8cd01bca814ca09cd","first_party_compiled","ok"
"会员端","components/card-all-project/index.wxss",".wxss","1285","65","41f2322ecaad1de354539ea71f3882c8eb1c99c8162ede71b1710e27efb242fc","first_party_compiled","ok"
"会员端","components/dialog/index.js",".js","3465","134","6e94e2856e9db995944c9d388f042514f634150f6f99c9a931d0c0e97f91f516","first_party_compiled","ok"
"会员端","components/dialog/index.json",".json","174","8","827ef9a749750d9f1eda85e59733ece4a5621546ad2faf038d61c1c718b0ea90","first_party_compiled","ok"
"会员端","components/dialog/index.wxml",".wxml","1441","20","1e1a60ed2ae9274999a684fdd96a74d8cdbb4a966aabc798f99604896c332546","first_party_compiled","ok"
"会员端","components/dialog/index.wxss",".wxss","872","41","f40e0a2088541c189d9c62a3eced6b7051d1cc61cd504ddd4222cb2108e30983","first_party_compiled","ok"
"会员端","components/ff-bottom-logo/index.js",".js","2300","96","7190ffb9b2db4bec4f64b82027b7c1dc594a3702e6d3055a063fc8daad7b9d61","first_party_compiled","ok"
"会员端","components/ff-bottom-logo/index.json",".json","100","5","264a02eda63c5ae15ef9518f7bc63aeb1e7d5c6c51088450179a001f5e63f198","first_party_compiled","ok"
"会员端","components/ff-bottom-logo/index.wxml",".wxml","50","2","550b3965c47f053503902d2a8b620ca2975f0f0d2f013a1d1f7e086e27ff755d","first_party_compiled","ok"
"会员端","components/ff-bottom-logo/index.wxss",".wxss","235","13","48cf032fd624cb21bf808432eb569e1c819bec87ec999ca41d58222a52e3e11b","first_party_compiled","ok"
"会员端","components/ff-bottom-logo/showLogo.js",".js","2307","94","276bc274bda6a8efb48446ae5693dbf88ced0d24604891b6d06fe8459a8d874a","first_party_compiled","ok"
"会员端","components/ff-bottom-logo/showLogo.json",".json","100","5","53e96dd4f8c0f10d4b687861c6561e5c3f88159d5d7eb29c05eac388b3f0f1a2","first_party_compiled","ok"
"会员端","components/ff-bottom-logo/showLogo.wxml",".wxml","326","7","54a23c85a8befe990d8fb65ad7a3530ff8208babc471961e6a5b93bcd1918505","first_party_compiled","ok"
"会员端","components/ff-bottom-logo/showLogo.wxss",".wxss","406","21","f8718a2eb8a175d6235424521581c0a1f9f5bf55f421d05cda833591b166e063","first_party_compiled","ok"
"会员端","components/ff-counts-card/ff-counts-card.js",".js","4606","169","59320d0980efdf2f8db346d961e50b9750a151c970ccafa6ec37d4e23b1ea3bf","first_party_compiled","ok"
"会员端","components/ff-counts-card/ff-counts-card.json",".json","171","8","0633510e47b9e0752305c90caa25671607205ddb5f0e0ad20f83e875795366dd","first_party_compiled","ok"
"会员端","components/ff-counts-card/ff-counts-card.wxml",".wxml","3739","53","01048e5cd2af67c7298824f24c9bec01867f3a2282d4fed7266a4a82cead16bb","first_party_compiled","ok"
"会员端","components/ff-counts-card/ff-counts-card.wxss",".wxss","15310","689","29cb86d95ac95b402d7f720e06fb9e64ace22c52c82e6cf97af8f09c8d4a6411","first_party_compiled","ok"
"会员端","components/ff-date-card/ff-date-card.js",".js","5188","179","f676e7782c098f8e32aca7182bb5050c60c5f74fd5ea55cf53289c9510179f9d","first_party_compiled","ok"
"会员端","components/ff-date-card/ff-date-card.json",".json","100","5","53e96dd4f8c0f10d4b687861c6561e5c3f88159d5d7eb29c05eac388b3f0f1a2","first_party_compiled","ok"
"会员端","components/ff-date-card/ff-date-card.wxml",".wxml","3383","51","2d49af4d20ee219c7ec180520f9128919ddfb7d519683df68c18283b91b47677","first_party_compiled","ok"
"会员端","components/ff-date-card/ff-date-card.wxss",".wxss","15310","689","7e9bace00648b8628f5aa7c3d5d8283feedf7e58779483eff5882965ee3bd62a","first_party_compiled","ok"
"会员端","components/ff-value-card/ff-value-card.js",".js","3712","138","2667fcdd22603a86ffef0801cf8740c442fcf3a2f0cebfdf40f91e8c4ae1264f","first_party_compiled","ok"
"会员端","components/ff-value-card/ff-value-card.json",".json","100","5","53e96dd4f8c0f10d4b687861c6561e5c3f88159d5d7eb29c05eac388b3f0f1a2","first_party_compiled","ok"
"会员端","components/ff-value-card/ff-value-card.wxml",".wxml","2693","42","db9cf241a20686ac2dc1a85bd0934da481c63c4cbec89177c360a0ba93accfb4","first_party_compiled","ok"
"会员端","components/ff-value-card/ff-value-card.wxss",".wxss","15310","689","24ed9ab82ec0a21a6ed7a3e8c5b0cb9e20aee7b39b8ea9c997976167fca93623","first_party_compiled","ok"
"会员端","components/loading/loading-pulse.js",".js","1993","84","c37edf22a18e9a19e01fd8378559bfafdef26ed93b3416d5630bf13dc3a60688","first_party_compiled","ok"
"会员端","components/loading/loading-pulse.json",".json","100","5","53e96dd4f8c0f10d4b687861c6561e5c3f88159d5d7eb29c05eac388b3f0f1a2","first_party_compiled","ok"
"会员端","components/loading/loading-pulse.wxml",".wxml","259","6","af83fc954c52ae694dd21dff7d5d9f80cf17f2718a595afc886244b2c4ae3394","first_party_compiled","ok"
"会员端","components/loading/loading-pulse.wxss",".wxss","1033","50","9418fc0d76ea68402fa67966a08a2a6a05364db631187836ce7c61afea632561","first_party_compiled","ok"
"会员端","components/mumber-card/index.js",".js","7217","240","6e9bd10a4b050ad9103db89e1bdcb365dce6f89f890f95d0681961ecfb5c3370","first_party_compiled","ok"
"会员端","components/mumber-card/index.json",".json","171","8","0633510e47b9e0752305c90caa25671607205ddb5f0e0ad20f83e875795366dd","first_party_compiled","ok"
"会员端","components/mumber-card/index.wxml",".wxml","8218","106","a67563c450127f1ab7d9f4ea2c2afbdf757f1a6d18e3b19e80e78cf31024eac4","first_party_compiled","ok"
"会员端","components/mumber-card/index.wxss",".wxss","15514","700","7d307f5925ef2bc447c3d68cf6cd179e5ff0f15114dc22ca5c577c00bf5623c3","first_party_compiled","ok"
"会员端","components/privacy/privacy.js",".js","3560","128","bc18fd051d5c9d52ea38576ebf50f09ebb62075aad96cd9eedce078c6857978e","first_party_compiled","ok"
"会员端","components/privacy/privacy.json",".json","100","5","53e96dd4f8c0f10d4b687861c6561e5c3f88159d5d7eb29c05eac388b3f0f1a2","first_party_compiled","ok"
"会员端","components/privacy/privacy.wxml",".wxml","1135","11","0a87f36e34dccaa6b0920e6532175fa0e0f8e1303a5203c5fe37d5e0331db983","first_party_compiled","ok"
"会员端","components/privacy/privacy.wxss",".wxss","1542","71","59fd540037ea679595441957effb48c6baf4f58333cc1985d76f84c1e3a16136","first_party_compiled","ok"
"会员端","components/week-calendar/week-calendar.js",".js","8076","256","1e86623c523475a7f4f95cef3d62674e014937129f27520452094403662131f2","first_party_compiled","ok"
"会员端","components/week-calendar/week-calendar.json",".json","100","5","53e96dd4f8c0f10d4b687861c6561e5c3f88159d5d7eb29c05eac388b3f0f1a2","first_party_compiled","ok"
"会员端","components/week-calendar/week-calendar.wxml",".wxml","3355","40","fa95c8ebd415c83f26573d92bdef2ea75d71a7a9daca7cb27f823a99e2b9b6f2","first_party_compiled","ok"
"会员端","components/week-calendar/week-calendar.wxss",".wxss","1747","75","66dd8398dd8a9b70baf34a1973c816d9a9c026c57cd0fd3aaa67e477c58d40b5","first_party_compiled","ok"
"会员端","node-modules/uview-ui/components/u-badge/u-badge.js",".js","4258","145","c040d666849caab47ac1a2e3acc2c1664e5da82e4a85ca6997c87fc1a9352569","third_party","ok"
"会员端","node-modules/uview-ui/components/u-badge/u-badge.json",".json","100","5","264a02eda63c5ae15ef9518f7bc63aeb1e7d5c6c51088450179a001f5e63f198","third_party","ok"
"会员端","node-modules/uview-ui/components/u-badge/u-badge.wxml",".wxml","195","2","8781696715b2c1f42d0c6e8363992b62a39d0c6866bb112939eb84ad1daf7e95","third_party","ok"
"会员端","node-modules/uview-ui/components/u-badge/u-badge.wxss",".wxss","840","40","06fd9b34aa4b4bc9db9b8453fd288b9cffc8c8149477b957e7a85da9552f096a","third_party","ok"
"会员端","node-modules/uview-ui/components/u-button/u-button.js",".js","6944","210","c52f1e48bf8ac72a5d19426852e67a987ed12ad53386352858b89dd701a78e59","third_party","ok"
"会员端","node-modules/uview-ui/components/u-button/u-button.json",".json","100","5","264a02eda63c5ae15ef9518f7bc63aeb1e7d5c6c51088450179a001f5e63f198","third_party","ok"
"会员端","node-modules/uview-ui/components/u-button/u-button.wxml",".wxml","1590","5","16bcce9b8832d06ed8fbc1e592a25d3cb3ff832b46fd8c4593c1e1a4b187f701","third_party","ok"
"会员端","node-modules/uview-ui/components/u-button/u-button.wxss",".wxss","5216","223","2fc3499d3c71ad99a0ca632f8308dc0562071d3614ce4d2547fbbe8e394ae405","third_party","ok"
"会员端","node-modules/uview-ui/components/u-calendar/u-calendar.js",".js","14874","413","ae2dc23c6bc9f275940944b12fe1ad481778ffb250694db83471531e2cd3b325","third_party","ok"
"会员端","node-modules/uview-ui/components/u-calendar/u-calendar.json",".json","310","10","d21383f69b00bea360f598f9f19ba5dab1088585af8b5b439b7808088ed06bac","third_party","ok"
"会员端","node-modules/uview-ui/components/u-calendar/u-calendar.wxml",".wxml","4771","47","bade30bd6f714e046c393221a1cbeed02bd36c396e20d4dd221e6b16ece385e9","third_party","ok"
"会员端","node-modules/uview-ui/components/u-calendar/u-calendar.wxss",".wxss","3091","140","4f62b40c512f4f60f4dd917e269a5a5ee9e2fc7309f61c41126b6ccddcd811eb","third_party","ok"
"会员端","node-modules/uview-ui/components/u-checkbox-group/u-checkbox-group.js",".js","3293","120","4441e0de3024925784981aabd150d8f384ebb75388964d34d95eb9690e46f42c","third_party","ok"
"会员端","node-modules/uview-ui/components/u-checkbox-group/u-checkbox-group.json",".json","100","5","264a02eda63c5ae15ef9518f7bc63aeb1e7d5c6c51088450179a001f5e63f198","third_party","ok"
"会员端","node-modules/uview-ui/components/u-checkbox-group/u-checkbox-group.wxml",".wxml","85","4","6fbd36e2012d2c75e4d35876973add52e24960b86d9761df3a173c1c4c04665c","third_party","ok"
"会员端","node-modules/uview-ui/components/u-checkbox-group/u-checkbox-group.wxss",".wxss","0","0","e3b0c44298fc1c149afbf4c8996fb92427ae41e4649b934ca495991b7852b855","third_party","ok"
"会员端","node-modules/uview-ui/components/u-checkbox/u-checkbox.js",".js","7098","225","ae5f6b5f4cb90d508930c4da18f4186516c1b2d7083ba933de6293e277f02792","third_party","ok"
"会员端","node-modules/uview-ui/components/u-checkbox/u-checkbox.json",".json","171","8","46823de5a6186cc3311d5860abb6e82da72c2b7e40afa5d9a6cd4750ba10ea9f","third_party","ok"
"会员端","node-modules/uview-ui/components/u-checkbox/u-checkbox.wxml",".wxml","675","9","89b79d77b702016705ef7e51e191931c83b471d4d77c96a2109a0e4e67b20da6","third_party","ok"
"会员端","node-modules/uview-ui/components/u-checkbox/u-checkbox.wxss",".wxss","1285","55","8f1726047b40e582d7361514da23eb33e2c2bbc6c161ea30bd514797a14d9a96","third_party","ok"
"会员端","node-modules/uview-ui/components/u-count-down/u-count-down.js",".js","6554","208","5c23bca72bd1aff25d507e7e0fec3240d099eda120cc0fe202817c0a36caaac5","third_party","ok"
"会员端","node-modules/uview-ui/components/u-count-down/u-count-down.json",".json","100","5","264a02eda63c5ae15ef9518f7bc63aeb1e7d5c6c51088450179a001f5e63f198","third_party","ok"
"会员端","node-modules/uview-ui/components/u-count-down/u-count-down.wxml",".wxml","2051","19","a7350921c3e601f13cd5ccb0cd0f5867b5ae796de3b3d65aff2f6a53a42517b7","third_party","ok"
"会员端","node-modules/uview-ui/components/u-count-down/u-count-down.wxss",".wxss","734","35","72ff98bd1a63ef027871bbe341d84b3a294f505ad513ad0c138ac6051782f7d3","third_party","ok"
"会员端","node-modules/uview-ui/components/u-divider/u-divider.js",".js","3299","114","46b0e1be825c590706439ee21e0964276d209aef01daf3649f187779046295b4","third_party","ok"
"会员端","node-modules/uview-ui/components/u-divider/u-divider.json",".json","100","5","264a02eda63c5ae15ef9518f7bc63aeb1e7d5c6c51088450179a001f5e63f198","third_party","ok"
"会员端","node-modules/uview-ui/components/u-divider/u-divider.wxml",".wxml","728","8","0a6b35c1f81e0e6e12e2b6b5082db1e20d2e4c41253e5c40048740211ac9878f","third_party","ok"
"会员端","node-modules/uview-ui/components/u-divider/u-divider.wxss",".wxss","893","38","511f005d9a50feb2165006212958ca94c0ed4a91cd3834dab06e127dc14e4f6b","third_party","ok"
"会员端","node-modules/uview-ui/components/u-form-item/u-form-item.js",".js","9900","322","5375219b5eebc628db80bfde62c82961bec314db6aa8ad2d494ce5ca93339496","third_party","ok"
"会员端","node-modules/uview-ui/components/u-form-item/u-form-item.json",".json","171","8","9a4d146647d71e461ef846c54eac4c6afc7a6c4ae2cf76f5b027077a5eabc504","third_party","ok"
"会员端","node-modules/uview-ui/components/u-form-item/u-form-item.wxml",".wxml","1973","26","5aca55dfea1d88a7f1c13ad5a3ed41fb1360d399a0109a5133121b16b36e4d7d","third_party","ok"
"会员端","node-modules/uview-ui/components/u-form-item/u-form-item.wxss",".wxss","1587","72","44e1ce9994f96a62429051c0fdd9fd68ffa9973bb12215f40133dd36fd0fb4b0","third_party","ok"
"会员端","node-modules/uview-ui/components/u-form/u-form.js",".js","3861","146","14030948036212dd1517e659539915fa3f8f8c697b2751cda37e93723efe89e9","third_party","ok"
"会员端","node-modules/uview-ui/components/u-form/u-form.json",".json","100","5","264a02eda63c5ae15ef9518f7bc63aeb1e7d5c6c51088450179a001f5e63f198","third_party","ok"
"会员端","node-modules/uview-ui/components/u-form/u-form.wxml",".wxml","64","4","736f93c03ce559fcdb641f0e95a9174f2acc04e0ee4a5665192bd0ad3ac0de51","third_party","ok"
"会员端","node-modules/uview-ui/components/u-form/u-form.wxss",".wxss","0","0","e3b0c44298fc1c149afbf4c8996fb92427ae41e4649b934ca495991b7852b855","third_party","ok"
"会员端","node-modules/uview-ui/components/u-icon/u-icon.js",".js","7956","246","9b638b7f2b0a35987bfae1177f205a4f575efc0a42a13aa00d1488794c5a92c9","third_party","ok"
"会员端","node-modules/uview-ui/components/u-icon/u-icon.json",".json","100","5","264a02eda63c5ae15ef9518f7bc63aeb1e7d5c6c51088450179a001f5e63f198","third_party","ok"
"会员端","node-modules/uview-ui/components/u-icon/u-icon.wxml",".wxml","1057","8","36e1e6bfb7b766612b65df0ca697e98c824ff333a2acc255edb8259c634522d3","third_party","ok"
"会员端","node-modules/uview-ui/components/u-icon/u-icon.wxss",".wxss","49988","735","4c5639b50e7ea868f4b2a8ca0645f56626675f9ed79ca4724e3779fa91a08673","third_party","ok"
"会员端","node-modules/uview-ui/components/u-image/u-image.js",".js","6046","199","7b316bf692960d06faad2e88b3a6a0838b5392ee67b728a67119d01b81e79d91","third_party","ok"
"会员端","node-modules/uview-ui/components/u-image/u-image.json",".json","171","8","46823de5a6186cc3311d5860abb6e82da72c2b7e40afa5d9a6cd4750ba10ea9f","third_party","ok"
"会员端","node-modules/uview-ui/components/u-image/u-image.wxml",".wxml","1341","12","e51f5652c22f9e4062162804f4c409a887dad0f1a0df354b6706e17fff2e2391","third_party","ok"
"会员端","node-modules/uview-ui/components/u-image/u-image.wxss",".wxss","485","25","88e46abb24b13458be45cad8e1b5c21c65afe449d026b673a3dd2453f074626b","third_party","ok"
"会员端","node-modules/uview-ui/components/u-input/u-input.js",".js","6831","219","c47fb4ea4ca039a04c17e974d896facd88004bb2ea68cfd822ed4cc23a1f5782","third_party","ok"
"会员端","node-modules/uview-ui/components/u-input/u-input.json",".json","171","8","9a4d146647d71e461ef846c54eac4c6afc7a6c4ae2cf76f5b027077a5eabc504","third_party","ok"
"会员端","node-modules/uview-ui/components/u-input/u-input.wxml",".wxml","3094","16","45a17574c9d142858a58ed9d32ddf5695169e7aed2e76b69ec9457628c6efe1e","third_party","ok"
"会员端","node-modules/uview-ui/components/u-input/u-input.wxss",".wxss","864","40","b4fc2d0059200d27e83b2395715deaffe327acdb9fe107b5121d6f254ceb13eb","third_party","ok"
"会员端","node-modules/uview-ui/components/u-line/u-line.js",".js","3209","111","a93883598c642f83e6709450114aeab6c241beb4ac89815dd772dff8c2d68c60","third_party","ok"
"会员端","node-modules/uview-ui/components/u-line/u-line.json",".json","100","5","264a02eda63c5ae15ef9518f7bc63aeb1e7d5c6c51088450179a001f5e63f198","third_party","ok"
"会员端","node-modules/uview-ui/components/u-line/u-line.wxml",".wxml","66","2","8fbf276d1afede1fb5d12ebcd88725bdb7432f58743aa5ff7b2d88dde4d97306","third_party","ok"
"会员端","node-modules/uview-ui/components/u-line/u-line.wxss",".wxss","54","4","80b4ffb272c5f95d7ac46562e68e0cf0d3a303072d7f4b68daa841bc852ffdee","third_party","ok"
"会员端","node-modules/uview-ui/components/u-loading/u-loading.js",".js","2853","106","e452e84060fe640a95b77afa4c697ea9f564f404cf933cc67998dd76049882e0","third_party","ok"
"会员端","node-modules/uview-ui/components/u-loading/u-loading.json",".json","100","5","264a02eda63c5ae15ef9518f7bc63aeb1e7d5c6c51088450179a001f5e63f198","third_party","ok"
"会员端","node-modules/uview-ui/components/u-loading/u-loading.wxml",".wxml","149","2","6b0920dd8c9e1f0bb674ba3235205aaf43cfb37e040a5a34ccd43ff28fac975f","third_party","ok"
"会员端","node-modules/uview-ui/components/u-loading/u-loading.wxss",".wxss","2844","48","5593c544b8d5d257e0a3b9e32c55a03ffabb48cf134037c913fa1784bc8174c8","third_party","ok"
"会员端","node-modules/uview-ui/components/u-loadmore/u-loadmore.js",".js","4684","162","7abe1eadb54b95c133d121fbccef232f38eb84cee7061c562ab5856c19337512","third_party","ok"
"会员端","node-modules/uview-ui/components/u-loadmore/u-loadmore.json",".json","245","9","81baa8a6bfa8eb9f53ef02ce42bd0eb415dfa5a3c589b5db82839d960a371d79","third_party","ok"
"会员端","node-modules/uview-ui/components/u-loadmore/u-loadmore.wxml",".wxml","1069","11","b3d96044c413bae95feb87ade36b937e9fcea9a64e1e1947fc0d4fa2b01537e0","third_party","ok"
"会员端","node-modules/uview-ui/components/u-loadmore/u-loadmore.wxss",".wxss","699","35","1fd0b1ca09ffb9e244cf50a6e59f909b2879139771e3232f250e2ffb24a22470","third_party","ok"
"会员端","node-modules/uview-ui/components/u-mask/u-mask.js",".js","4853","167","8ee8000c6927d58f6739c4c83eaadef9a0f9aad48a1d1c44d028f726ccb4738c","third_party","ok"
"会员端","node-modules/uview-ui/components/u-mask/u-mask.json",".json","100","5","53e96dd4f8c0f10d4b687861c6561e5c3f88159d5d7eb29c05eac388b3f0f1a2","third_party","ok"
"会员端","node-modules/uview-ui/components/u-mask/u-mask.wxml",".wxml","309","4","54233f1879cfd2aea2a6940e2ff1d0ce4bcd9c0f32db491326e5f97f620ef74f","third_party","ok"
"会员端","node-modules/uview-ui/components/u-mask/u-mask.wxss",".wxss","342","20","d117faac6f46f61b612061d9a1cd2f6cf7e830be0c2499ce97f62520aea8d17d","third_party","ok"
"会员端","node-modules/uview-ui/components/u-modal/u-modal.js",".js","6153","206","5e8da1132f658fefcc711b5f99fd15c0457aa20db2ba63fe6e3f840c3d67a8de","third_party","ok"
"会员端","node-modules/uview-ui/components/u-modal/u-modal.json",".json","248","9","dcd62c59671dc42ab0bb9c2feff5ae67e3bd6d34672825ff754220b5d0d46a1b","third_party","ok"
"会员端","node-modules/uview-ui/components/u-modal/u-modal.wxml",".wxml","2253","24","3f5dbb145b832c13008415526115fc037806b8942ec7ca85ad35257b185b519c","third_party","ok"
"会员端","node-modules/uview-ui/components/u-modal/u-modal.wxss",".wxss","733","37","2edaebef51f3316dbfa5820050d87235a5359896d6ae63c95a94c5496e1b9df6","third_party","ok"
"会员端","node-modules/uview-ui/components/u-parse/libs/handler.wxs",".wxs","458","30","ec449f5f3e5b747995e6cd41a0aa0f66f2e5800b6d90f08758aa6a053091f102","third_party","ok"
"会员端","node-modules/uview-ui/components/u-parse/libs/trees.js",".js","8028","238","1c419e7ec3e4cf336d7319eaf56602bd1f2b107a5e4ddde8eda39ab6142b8886","third_party","ok"
"会员端","node-modules/uview-ui/components/u-parse/libs/trees.json",".json","175","8","bc1c59fc50fe8af964849700bff2a44c1d4a2bb3f7d6a4c9cfa85a54adec2586","third_party","ok"
"会员端","node-modules/uview-ui/components/u-parse/libs/trees.wxml",".wxml","7764","64","8ac2b3e732af3c667946928df3bf611e3636f8b292b5ce671f5f7c52c373fea7","third_party","ok"
"会员端","node-modules/uview-ui/components/u-parse/libs/trees.wxss",".wxss","2009","154","1d4d7732fef854dfad80f9909dce9807b3329d3cb60e5af535bf41e2ec8c7d49","third_party","ok"
"会员端","node-modules/uview-ui/components/u-parse/u-parse.js",".js","11752","313","10c3341c5b4cf77e08f72679e2fa03a62fe5a3965996735768620e8fe00ae2ca","third_party","ok"
"会员端","node-modules/uview-ui/components/u-parse/u-parse.json",".json","175","8","bc1c59fc50fe8af964849700bff2a44c1d4a2bb3f7d6a4c9cfa85a54adec2586","third_party","ok"
"会员端","node-modules/uview-ui/components/u-parse/u-parse.wxml",".wxml","293","7","147b279f93585e58b9b505d20e17807d48e3f5289d834388bbf785e2b54d5c7e","third_party","ok"
"会员端","node-modules/uview-ui/components/u-parse/u-parse.wxss",".wxss","162","17","c1cadf37285fa61723195e7c8b1df28bcabb75964641f0967bb4e0d2a54f1c4d","third_party","ok"
"会员端","node-modules/uview-ui/components/u-picker/u-picker.js",".js","20021","561","ebc62e4b5eedd36f9e0981962bc96cccec7a833356512debaa4d33ec0354735b","third_party","ok"
"会员端","node-modules/uview-ui/components/u-picker/u-picker.json",".json","174","8","a75832badd39ace0502445d55c641f0097e56c3286d6825aa9ebb47d0a589b6c","third_party","ok"
"会员端","node-modules/uview-ui/components/u-picker/u-picker.wxml",".wxml","7095","75","4c1d821289f03423d347b3606317bbd9b4e73a0df3509c361d528ddfdda90fe9","third_party","ok"
"会员端","node-modules/uview-ui/components/u-picker/u-picker.wxss",".wxss","1370","70","7a2c6440dc3c7160f603dc00b0ce79127ae6a6a92af7f0448803c0bae160fa60","third_party","ok"
"会员端","node-modules/uview-ui/components/u-popup/u-popup.js",".js","8822","269","1f2fba01cb235e77a1e1f08633ac98e40f3684bd1dc1462091f1080dc70bb18a","third_party","ok"
"会员端","node-modules/uview-ui/components/u-popup/u-popup.json",".json","236","9","783a21d48ef2a7fb4d16e91ec048b47a82e752a2f674d5d5001eff038e1b3956","third_party","ok"
"会员端","node-modules/uview-ui/components/u-popup/u-popup.wxml",".wxml","2051","21","f41b78713e64222b77558eda2ec8a882168e8f51ca6f1899b94687ab6802338e","third_party","ok"
"会员端","node-modules/uview-ui/components/u-popup/u-popup.wxss",".wxss","1720","95","d0ac6fbeef45d3f90bb3cdaa5ee63bc00d02294905d764fedb9c198877ea007c","third_party","ok"
"会员端","node-modules/uview-ui/components/u-select/u-select.js",".js","8748","272","95dad1643d33b49f0c1ac10df14f181d8d4ea7ec07be3c60861afc1fa3c60344","third_party","ok"
"会员端","node-modules/uview-ui/components/u-select/u-select.json",".json","174","8","a75832badd39ace0502445d55c641f0097e56c3286d6825aa9ebb47d0a589b6c","third_party","ok"
"会员端","node-modules/uview-ui/components/u-select/u-select.wxml",".wxml","2356","21","0b51ee1b270bf25a0c3759777172e06bcf6683afc5adc1205044872d86e8f70f","third_party","ok"
"会员端","node-modules/uview-ui/components/u-select/u-select.wxss",".wxss","1271","58","4a982cbdc4b71d26d126794ca5a36fc22b02c1ae853d05661bc798569187e07f","third_party","ok"
"会员端","node-modules/uview-ui/components/u-swiper/u-swiper.js",".js","5646","185","9410168d66ce4acb4892dbb5a134b5b07a75597ca006ce4708dfb35384b3b92f","third_party","ok"
"会员端","node-modules/uview-ui/components/u-swiper/u-swiper.json",".json","100","5","264a02eda63c5ae15ef9518f7bc63aeb1e7d5c6c51088450179a001f5e63f198","third_party","ok"
"会员端","node-modules/uview-ui/components/u-swiper/u-swiper.wxml",".wxml","2606","23","e1430495b5aeb12fe2a754ced984d9dd95e3d518e7fa98ddd6c462bd5cd729b8","third_party","ok"
"会员端","node-modules/uview-ui/components/u-swiper/u-swiper.wxss",".wxss","2011","91","91f6364bd12a955d1533ed1a3ba55dd11350fa35ca8bb2a33b1c5321584ca49f","third_party","ok"
"会员端","node-modules/uview-ui/components/u-tabs/u-tabs.js",".js","9729","287","ce03a18e616ba99935f7f1a9600ab6775f7568e89f68af6f4d0795c3c247abe4","third_party","ok"
"会员端","node-modules/uview-ui/components/u-tabs/u-tabs.json",".json","174","8","3f4adff006095e95cbbe54ee8d83236b2d940b81d80ff4cd243a0ba6c5fa97bd","third_party","ok"
"会员端","node-modules/uview-ui/components/u-tabs/u-tabs.wxml",".wxml","1013","12","c8d8c3a74b1da2e5ea7de2f3f2bb0909446a2edf20ae46e099adce21cb430780","third_party","ok"
"会员端","node-modules/uview-ui/components/u-tabs/u-tabs.wxss",".wxss","710","35","fe80145d34d4c242be7f135210c78a1ff6330cd104215b3876685c1af78bd062","third_party","ok"
"会员端","pageCourse/.DS_Store",".ds_store","6148",,"926ceef95187a9eaa93a9dd44fded66356863722369c1143347aab04b8704490","metadata","binary"
"会员端","pageCourse/app.wxss",".wxss","0","0","e3b0c44298fc1c149afbf4c8996fb92427ae41e4649b934ca495991b7852b855","first_party_compiled","ok"
"会员端","pageCourse/clusterCourse/components/member-list.js",".js","3214","126","27330fb2fcea20b1a88b9bb424824ea512bd7ea2ad3221149d68f686ac5e2d02","first_party_compiled","ok"
"会员端","pageCourse/clusterCourse/components/member-list.json",".json","164","8","ec5439ab02a57bc7f088144521791a44734b08abb15510dca261e8bfcee3c5b8","first_party_compiled","ok"
"会员端","pageCourse/clusterCourse/components/member-list.wxml",".wxml","1506","21","16161cbb9bc3d259ec8d6605cb8535d402881f60be61a2514585ef49434a8540","first_party_compiled","ok"
"会员端","pageCourse/clusterCourse/components/member-list.wxss",".wxss","9357","49","4f9b32ee4f74fbd85b58e641482993094a56675d2e8ff59a40a1feb7e996f837","first_party_compiled","ok"
"会员端","pageCourse/clusterCourse/index.js",".js","26949","724","026c478fd8907408f1cb198b907ee69d7c99f03769805689d5d6a169f3a4dd3c","first_party_compiled","ok"
"会员端","pageCourse/clusterCourse/index.json",".json","111","6","718e23ad3d496a9940a46e82f3c43c718cdb586ff804f45860baca0dde64ff89","first_party_compiled","ok"
"会员端","pageCourse/clusterCourse/index.wxml",".wxml","16652","192","2816bc35cb98a716bcf8eb0cfc5101f24a322e57a45a065899221440e7a06b98","first_party_compiled","ok"
"会员端","pageCourse/clusterCourse/index.wxss",".wxss","8984","413","cab283be26012d83771c77c81bb920a0d683b8873e68dad27f8c98dbe6299efa","first_party_compiled","ok"
"会员端","pageCourse/clusterCourse/share-index.js",".js","14889","434","ead0c48d8756bb7906c4fc448fd7e2ddd46ce5fe798ce759e0c35800c2eb1369","first_party_compiled","ok"
"会员端","pageCourse/clusterCourse/share-index.json",".json","111","6","718e23ad3d496a9940a46e82f3c43c718cdb586ff804f45860baca0dde64ff89","first_party_compiled","ok"
"会员端","pageCourse/clusterCourse/share-index.wxml",".wxml","8605","119","6539a397d1671ee8be01b8a4b1828963521990587ece80817db53947c1432f05","first_party_compiled","ok"
"会员端","pageCourse/clusterCourse/share-index.wxss",".wxss","7872","365","b2cef8eaf502e8366f915f179231f13e8476943c05b64db7473ce8e5711d6426","first_party_compiled","ok"
"会员端","pageCourse/coachCourse/components/confirm-modal.js",".js","2691","107","4c9cfc8ffd827e7f2f368ffb84eeb2b3d0a5e3e08c27961e145eda2c40051333","first_party_compiled","ok"
"会员端","pageCourse/coachCourse/components/confirm-modal.json",".json","119","7","5e9aea605215a344a51fad4b3e5cd3eda7c9a0b8bf40ab48998cce59a9f5821d","first_party_compiled","ok"
"会员端","pageCourse/coachCourse/components/confirm-modal.wxml",".wxml","1045","16","4755a2c308b5e15d535963177527023097876cade68b51fb70faaef2fa7a707e","first_party_compiled","ok"
"会员端","pageCourse/coachCourse/components/confirm-modal.wxss",".wxss","1083","54","1321d9e4d273bf7ccbafee17dda6173f296f7fe4c0fcb9f39fbf93d32cd8fdc8","first_party_compiled","ok"
"会员端","pageCourse/coachCourse/components/confirm-modal1.js",".js","2857","113","a9c0c2e8e44155c27bcff4c8291051dea4c78d0f5f220a0aff093c1789f57485","first_party_compiled","ok"
"会员端","pageCourse/coachCourse/components/confirm-modal1.json",".json","119","7","5e9aea605215a344a51fad4b3e5cd3eda7c9a0b8bf40ab48998cce59a9f5821d","first_party_compiled","ok"
"会员端","pageCourse/coachCourse/components/confirm-modal1.wxml",".wxml","1146","17","f4cd7c6cf4d4774322b882435c7858b9bcc4d8a14ef1892244a9c5bd0aab8cb6","first_party_compiled","ok"
"会员端","pageCourse/coachCourse/components/confirm-modal1.wxss",".wxss","1361","67","931c3d6cbb71c8a6d14300998f402a05669fc5a75a9d48c97bfb974327ef7fb3","first_party_compiled","ok"
"会员端","pageCourse/coachCourse/index.js",".js","15774","432","3ad1ec31947529a86b006bc7abeb5b2ee6faa4e7715cff51a507896690de00f5","first_party_compiled","ok"
"会员端","pageCourse/coachCourse/index.json",".json","111","6","718e23ad3d496a9940a46e82f3c43c718cdb586ff804f45860baca0dde64ff89","first_party_compiled","ok"
"会员端","pageCourse/coachCourse/index.wxml",".wxml","13202","164","001ed8e43cb4b228945820d0e2df39570c11f7dc801b376b06bae767dd54cf1b","first_party_compiled","ok"
"会员端","pageCourse/coachCourse/index.wxss",".wxss","19343","1100","2063576e6177d07751160ca4c40e4ea9c5ad32ac49e301d2f420bd313ce25965","first_party_compiled","ok"
"会员端","pageCourse/coachCourse/share-index.js",".js","14135","389","f595ff2ce64297258a12ae2798fceca6b56002719f8b284541143dc04339e548","first_party_compiled","ok"
"会员端","pageCourse/coachCourse/share-index.json",".json","111","6","718e23ad3d496a9940a46e82f3c43c718cdb586ff804f45860baca0dde64ff89","first_party_compiled","ok"
"会员端","pageCourse/coachCourse/share-index.wxml",".wxml","12509","159","ce774690dfcfb4a0cf01b00e34d58570082b3e0dee64086d3eea1c5bc2065367","first_party_compiled","ok"
"会员端","pageCourse/coachCourse/share-index.wxss",".wxss","19343","1100","9deb4c9c57f1add2e176adbf8e78111e4297390d533bfc415ff01f5107815bed","first_party_compiled","ok"
"会员端","pageCourse/components/selected-course-timer/index.js",".js","12972","391","6b5a2161204de1cdc0656b7bea4f45916b354d51ceb00507d6a670517285f02c","first_party_compiled","ok"
"会员端","pageCourse/components/selected-course-timer/index.json",".json","512","13","ac4f9ace3609f4d5255fda6b787953bf4e31dca58b905e4c084409216f5c3b80","first_party_compiled","ok"
"会员端","pageCourse/components/selected-course-timer/index.wxml",".wxml","7159","81","9a6eaaaf316244a1b9a58fad6c0de4021bd4787f0c434626260354e75fafcda9","first_party_compiled","ok"
"会员端","pageCourse/components/selected-course-timer/index.wxss",".wxss","4348","202","42d5f6130cd74b54bab4b046273164162ed2c841e12ae46a21c148ad6605a8ed","first_party_compiled","ok"
"会员端","pageCourse/components/selected-member-card/components/chosecard.js",".js","4885","178","68b596ea3c2112da9ae255a4a8df7d4b3c9cc601146ab8c55917533cde1f02e7","first_party_compiled","ok"
"会员端","pageCourse/components/selected-member-card/components/chosecard.json",".json","337","11","ec25b7d4d655037766fe2956bc83ea9f7e875235a8beee423106510a9f435cf9","first_party_compiled","ok"
"会员端","pageCourse/components/selected-member-card/components/chosecard.wxml",".wxml","5161","59","6372f880d250aa7b18ab074119ef329423e618fce73d30c1922860219a8078ba","first_party_compiled","ok"
"会员端","pageCourse/components/selected-member-card/components/chosecard.wxss",".wxss","2518","117","6e41841c71c85ebedde49ac93f6da10dc65e7398c621aa3f1150ff51ba29d883","first_party_compiled","ok"
"会员端","pageCourse/components/selected-member-card/components/line-up-success.js",".js","3270","125","4eba464d844f74f0d0008ec09202bf88fe22adbeed6f0409eb2fcff4225f9a65","first_party_compiled","ok"
"会员端","pageCourse/components/selected-member-card/components/line-up-success.json",".json","164","8","ec5439ab02a57bc7f088144521791a44734b08abb15510dca261e8bfcee3c5b8","first_party_compiled","ok"
"会员端","pageCourse/components/selected-member-card/components/line-up-success.wxml",".wxml","1725","23","641528aeee8429f6cf24b55bdb4c9fe93f01ce50042115426e3922c01dfafc4f","first_party_compiled","ok"
"会员端","pageCourse/components/selected-member-card/components/line-up-success.wxss",".wxss","944","47","1f337ea29bfadc59a53aa394072b610b7de165e6d2bd1799e4f9251f9c403540","first_party_compiled","ok"
"会员端","pageCourse/components/selected-member-card/components/success.js",".js","3189","120","dcfcf1fe8f7c48a63a96772efc5225b32f6b565f78d65ebbd31577909ed5efd6","first_party_compiled","ok"
"会员端","pageCourse/components/selected-member-card/components/success.json",".json","87","5","f117e0c87188f0e841b2aa27e0ebbd6c7706e1387394ca174c73c755fbf0ac66","first_party_compiled","ok"
"会员端","pageCourse/components/selected-member-card/components/success.wxml",".wxml","917","13","8a96d4f444228f9a6ea248e7f47c3ce07fde982a0d42f805d7ac2ed2f4616ee1","first_party_compiled","ok"
"会员端","pageCourse/components/selected-member-card/components/success.wxss",".wxss","898","48","609503e28b5df1d8ab427c88e3b6769d3a679e7b07fd957a4bb5bda7a9192a9e","first_party_compiled","ok"
"会员端","pageCourse/components/selected-member-card/index.js",".js","14589","402","83c62cead2bd356d727238c94dea3b093d85e05724af2e2f1347e54b8be4eb33","first_party_compiled","ok"
"会员端","pageCourse/components/selected-member-card/index.json",".json","671","15","6a0607b412ee200c9e2a6f740eeda10a9ef7798032d59d969a4a6112e52a2a55","first_party_compiled","ok"
"会员端","pageCourse/components/selected-member-card/index.wxml",".wxml","6237","67","6e59395109a652d5570fc5a86045dc11ef8d4a38ba74188cd216a4bfcfced89c","first_party_compiled","ok"
"会员端","pageCourse/components/selected-member-card/index.wxss",".wxss","3787","177","10ba2673fbc852603ddd93cc040d6a97e3f98eab0ea7c7e823055aac61ccce00","first_party_compiled","ok"
"会员端","pageHome/.DS_Store",".ds_store","8196",,"0d9d1b0359f51a289f3b2b74710456556c01622cd27273b247987c9359a86862","metadata","binary"
"会员端","pageHome/app.wxss",".wxss","0","0","e3b0c44298fc1c149afbf4c8996fb92427ae41e4649b934ca495991b7852b855","first_party_compiled","ok"
"会员端","pageHome/appointmentDetails/index.js",".js","6762","211","0b232774e1c8f781dc2874c122a5a6dc957dc8f705dbb3a319dbd4f54a61c1eb","first_party_compiled","ok"
"会员端","pageHome/appointmentDetails/index.json",".json","92","5","364818d30a2d373bb84a0a15711f6b03def7c5cf84c10e338ed954a9ec02c863","first_party_compiled","ok"
"会员端","pageHome/appointmentDetails/index.wxml",".wxml","5984","80","276d33f1f2f8bb5f776dffd558f3a8faeb122e16483b37136dd8e2e711394a28","first_party_compiled","ok"
"会员端","pageHome/appointmentDetails/index.wxss",".wxss","7369","329","168715f099c8964ea82393f12a0b32339d24080a0e01023da0de7897c089bb54","first_party_compiled","ok"
"会员端","pageHome/buyingCard/buySuccess.js",".js","2944","113","2ebdbbab57f3b3d477f829e0eaea684575b31c2c87f967df71c5a2be0df350e1","first_party_compiled","ok"
"会员端","pageHome/buyingCard/buySuccess.json",".json","80","5","e0fe7c77b975e6583386afa9218fba551de8fba12d4b6bc08ec4dbfa99f06fc2","first_party_compiled","ok"
"会员端","pageHome/buyingCard/buySuccess.wxml",".wxml","1148","17","e45e33da8f7a07901ee7d5b8cbd6b7bfdffe95d8c97bccc95212c17214ad7f7b","first_party_compiled","ok"
"会员端","pageHome/buyingCard/buySuccess.wxss",".wxss","860","43","c6a25085a088d38acad7b3da00b9c4f0d15e105c98ba5880b6b8777b0a480466","first_party_compiled","ok"
"会员端","pageHome/buyingCard/components/confirm-card-info.js",".js","9105","280","ded2668c71a80d787a8f853e28cb64d94c6290aff353799002cc0042d2eb28c6","first_party_compiled","ok"
"会员端","pageHome/buyingCard/components/confirm-card-info.json",".json","753","17","bab01bbf4b97f4d01dce51c9418c2dac402303ad0e1d73615fdd72805b0e4959","first_party_compiled","ok"
"会员端","pageHome/buyingCard/components/confirm-card-info.wxml",".wxml","5076","55","7263c7ab7cdf1cda7cace6ae2f90e0e18bb4115a8e1c8e78bda114ba1b009cb7","first_party_compiled","ok"
"会员端","pageHome/buyingCard/components/confirm-card-info.wxss",".wxss","1107","59","98fc9fdb7f47008890cd681354b96e148da06d266dfd59b9d3de2235520f6820","first_party_compiled","ok"
"会员端","pageHome/buyingCard/components/counts-card.js",".js","3324","121","3175801648065c28199f37f49f22ee261bbec7fa6b032caa34a7767a68f1fd23","first_party_compiled","ok"
"会员端","pageHome/buyingCard/components/counts-card.json",".json","45","2","e61538ed2e3fe8fb908fbfa1d66db98bdef3bdb3442f1feec7c034e2c6f7f782","first_party_compiled","ok"
"会员端","pageHome/buyingCard/components/counts-card.wxml",".wxml","1325","24","b97d4db09fd3932d8f86ebb53a2e327c81582e0731755b685dba5d55ff8ca465","first_party_compiled","ok"
"会员端","pageHome/buyingCard/components/counts-card.wxss",".wxss","715","36","c91eb87fa840cbdf994ae50d276bad3053a0ada8de0bf5c0dad0915d6925a3f0","first_party_compiled","ok"
"会员端","pageHome/buyingCard/components/date-card.js",".js","3400","124","c074fba9b8f024b05044ba6a8d605016453fa9c90ab4b2826432c5fcb84b630f","first_party_compiled","ok"
"会员端","pageHome/buyingCard/components/date-card.json",".json","45","2","e61538ed2e3fe8fb908fbfa1d66db98bdef3bdb3442f1feec7c034e2c6f7f782","first_party_compiled","ok"
"会员端","pageHome/buyingCard/components/date-card.wxml",".wxml","1236","24","8fa387f6962d299583f160d3d20f970834106ef89e11171fe73747c77f9d2894","first_party_compiled","ok"
"会员端","pageHome/buyingCard/components/date-card.wxss",".wxss","715","36","a232b1462e13cf3b2daf060a44b11edcc93105a4fb74a2682d11e6709b6a196f","first_party_compiled","ok"
"会员端","pageHome/buyingCard/components/value-card.js",".js","2674","105","af0a9eb5cbfe11b43d018d5cf068ee1683f6f39646e57e8a654321ee702d28d8","first_party_compiled","ok"
"会员端","pageHome/buyingCard/components/value-card.json",".json","45","2","e61538ed2e3fe8fb908fbfa1d66db98bdef3bdb3442f1feec7c034e2c6f7f782","first_party_compiled","ok"
"会员端","pageHome/buyingCard/components/value-card.wxml",".wxml","1374","25","81e5c14e1e160224d5a3830c6d25c7da054a04ac31cc4256cbaa9a69cecf4693","first_party_compiled","ok"
"会员端","pageHome/buyingCard/components/value-card.wxss",".wxss","715","36","7025acb912549a95ea11f48a14b6806216d187c3cb12db139c3df9938468fb0e","first_party_compiled","ok"
"会员端","pageHome/buyingCard/index.js",".js","10230","302","5616ea00b31d9fe54e55c29451e7b8c9615ab1dd6cdde3131aab3b555af98b2e","first_party_compiled","ok"
"会员端","pageHome/buyingCard/index.json",".json","86","5","ee1a0afd75261fd262fd5817cd89dda562a0dc9bd897b80d8c8085d7d9a285a0","first_party_compiled","ok"
"会员端","pageHome/buyingCard/index.wxml",".wxml","2871","36","259564842880a8c5607c4b51369701486109e111af43d92773de382beb9dbb06","first_party_compiled","ok"
"会员端","pageHome/buyingCard/index.wxss",".wxss","1767","79","57b49442c727a77933899a8715333450020204d698f6644b33dadcb50bf09022","first_party_compiled","ok"
"会员端","pageHome/informDetails/index.js",".js","2318","95","103b1ccd90e8ea64dd318bd4f64b8d070b044d12fe1a748ad409e576ab8689ca","first_party_compiled","ok"
"会员端","pageHome/informDetails/index.json",".json","86","5","d1f86a8901eebba0b79053b0dcb6b5a41fc8e8c1b763f18c957cf5aeb662c939","first_party_compiled","ok"
"会员端","pageHome/informDetails/index.wxml",".wxml","473","10","f14a5e06cd10d0f22aa6f0dc6e60f9400ac9026d5c56bfe06fa8bb99d2bf27f5","first_party_compiled","ok"
"会员端","pageHome/informDetails/index.wxss",".wxss","428","23","fab4c16888f289cbf5a82a7ba55a447ee263487fcd9028f70c55117c6364c4a7","first_party_compiled","ok"
"会员端","pageHome/QRcode/QRcode.js",".js","2227","87","b2d55b24919b559808561647da8d68bdfd8eea18c062c7980e91472f06aa4a86","first_party_compiled","ok"
"会员端","pageHome/QRcode/QRcode.json",".json","121","6","0a3ef438ee49f62842462e0fbbf71e11d4f3bb67200124db7721223bdaeb7f6e","first_party_compiled","ok"
"会员端","pageHome/QRcode/QRcode.wxml",".wxml","967","20","4f0260a6c97c0bf3f68c4545f067c9fbd1e5825e86c8c7d2d9cc06199e262382","first_party_compiled","ok"
"会员端","pageHome/QRcode/QRcode.wxss",".wxss","1096","54","098bb0d1d789a17d6d6e030d53aa16717c836a2abb449856f5d1bd9f1a4f9226","first_party_compiled","ok"
"会员端","pageHome/shopDetails/index.js",".js","2649","107","1f53d8bc3955529177f7b9468678b6975c3b983a7d701f0f4b452af160595754","first_party_compiled","ok"
"会员端","pageHome/shopDetails/index.json",".json","92","5","8e0effdb40ad42ba799db7fffbda00be61794a732bd3ad5689228a3aaea98dc1","first_party_compiled","ok"
"会员端","pageHome/shopDetails/index.wxml",".wxml","1116","19","42aeac50d1c70d22c8c31fdb8a7fb85a967fc3c165884cc37475845e04186988","first_party_compiled","ok"
"会员端","pageHome/shopDetails/index.wxss",".wxss","1374","66","398809c54d37438e4735782cfff287a78c6d065e8065d831c7d2b5f9cc2f259f","first_party_compiled","ok"
"会员端","pageHome/toggleShop/index.js",".js","3400","127","d6877c3336a2c395444f40a02206fd75799c390565190216fde6c6d41c7264cb","first_party_compiled","ok"
"会员端","pageHome/toggleShop/index.json",".json","92","5","3eb6e1410866b160ab1c9014431e2536e65143974edd689867a8a4366e4bb9be","first_party_compiled","ok"
"会员端","pageHome/toggleShop/index.wxml",".wxml","1327","21","4cbf577f085358dfe4827b37c27fb3030ca46ae4820bce2d98712822d2c9e8ef","first_party_compiled","ok"
"会员端","pageHome/toggleShop/index.wxss",".wxss","1494","73","b5e0bd2f3c201ba89bd3470b17c8b7ac57ae2acd2741755e7711d9d9906b3446","first_party_compiled","ok"
"会员端","pageMine/.DS_Store",".ds_store","8196",,"d6d9920b685e055d646ae8e8c5a727ddae9f6af32885d2e65c4563fe6fe77748","metadata","binary"
"会员端","pageMine/app.wxss",".wxss","0","0","e3b0c44298fc1c149afbf4c8996fb92427ae41e4649b934ca495991b7852b855","first_party_compiled","ok"
"会员端","pageMine/appointmentStatistics/index.js",".js","7138","233","1b5a5aab973311ebc854a2fa898e4529f9fe4baf22ccaa1912ae25f8597ddbf6","first_party_compiled","ok"
"会员端","pageMine/appointmentStatistics/index.json",".json","92","5","8080d4023c1e961a98db78cdd96716c5091228959d60dd56e26d607a26e37f05","first_party_compiled","ok"
"会员端","pageMine/appointmentStatistics/index.wxml",".wxml","2981","47","ec27297d095f853034be64df3668802c8c5ff173c020ffe832bc4d1d2dbae3b8","first_party_compiled","ok"
"会员端","pageMine/appointmentStatistics/index.wxss",".wxss","8393","401","8e354cb0b57da726f4e14ca46c6ee43508ce2a822078868c110a0f2304832eaf","first_party_compiled","ok"
"会员端","pageMine/components/navigation/headPhoto.js",".js","3107","116","8eea12855971b96a95f6be4e323b9d5d1c3229fa7d2f8bef758abaeab7197e03","first_party_compiled","ok"
"会员端","pageMine/components/navigation/headPhoto.json",".json","45","2","e61538ed2e3fe8fb908fbfa1d66db98bdef3bdb3442f1feec7c034e2c6f7f782","first_party_compiled","ok"
"会员端","pageMine/components/navigation/headPhoto.wxml",".wxml","1056","18","ac8d6559f267b302c84245032e56571c4d1929297c5bfeeecd2e17f497064755","first_party_compiled","ok"
"会员端","pageMine/components/navigation/headPhoto.wxss",".wxss","885","47","be3cd4afc57acf64737571fad2b270c39cf64d93b7384e7e2567421996498fa5","first_party_compiled","ok"
"会员端","pageMine/memberAgreement/index.js",".js","2668","105","492eb83a2a1ad05148bbb431ffd289e8f3d5018a74e7c55b15e679ad9c30ae7f","first_party_compiled","ok"
"会员端","pageMine/memberAgreement/index.json",".json","92","5","1f43e54fdd03ab2f8617f3045c6020b9099b0a4809bdd890e9866fd173fa78fb","first_party_compiled","ok"
"会员端","pageMine/memberAgreement/index.wxml",".wxml","544","11","087807ccc30e22491f027bb6aabcb67750aa42fe6bc986ff2499c9fb6f1bd9e0","first_party_compiled","ok"
"会员端","pageMine/memberAgreement/index.wxss",".wxss","478","26","a61746b2eed6793f92066bee6afe19103b23944eebe89b3f6e8ddb67e291c422","first_party_compiled","ok"
"会员端","pageMine/modifidInfo/index.js",".js","6166","199","96fb203504252347b9ff1d867e186649c611c27654c7a2227d1f5df4b514c6f9","first_party_compiled","ok"
"会员端","pageMine/modifidInfo/index.json",".json","92","5","de3a1338cea7d6bad871edba5be4019702c135fbfe594870e41bbb34f3aaf883","first_party_compiled","ok"
"会员端","pageMine/modifidInfo/index.wxml",".wxml","1747","20","5d5ab51986dd9c5232e2d7ad05a036faee00e23d6a881f3173102f4e4202cbf3","first_party_compiled","ok"
"会员端","pageMine/modifidInfo/index.wxss",".wxss","811","43","948d2a059050182d2bea3d8aea17499e5c98f77e293eef8c51c5f2e1ee7d6873","first_party_compiled","ok"
"会员端","pageMine/myInfo/index.js",".js","12989","383","cdcdab327990b5e0e0b666c73ed1f934664c07bfb258da74b3a2b4c65a71caee","first_party_compiled","ok"
"会员端","pageMine/myInfo/index.json",".json","92","5","0f6df0dc668fca78900aeb5a0433d966a6ab64cf95215b324071c93f1a20a6b2","first_party_compiled","ok"
"会员端","pageMine/myInfo/index.wxml",".wxml","2472","24","800fed41dd3bea9368cf899c8584497291497d2ace9da4961a548335867c1120","first_party_compiled","ok"
"会员端","pageMine/myInfo/index.wxss",".wxss","820","41","a28bd2f7251c92b7f139952ef0452ea4cf2cc34b2804bb9c3b8f0a048e40ce5d","first_party_compiled","ok"
"会员端","pageMine/myInterests/index.js",".js","3251","124","9fe257268f00536ac093c567af1f2166ec8669480bde4535e156393941e7447b","first_party_compiled","ok"
"会员端","pageMine/myInterests/index.json",".json","95","5","ce3b43394bd746c6de0b71190ce8b9bccc57a8e0827f7746fdb6cc61b5c1d2eb","first_party_compiled","ok"
"会员端","pageMine/myInterests/index.wxml",".wxml","630","12","a1dbc1bc63587eea6112f32b521e72dd55c20a9760be63a380ffc6106572485f","first_party_compiled","ok"
"会员端","pageMine/myInterests/index.wxss",".wxss","284","17","d5d8a5314e9e4d4689cfab3a4ca0034698435bc5279b6ba059ddb3b0cba8616a","first_party_compiled","ok"
"会员端","pageMine/point/index.js",".js","6029","199","f8fd982616897c0dab98b016dadd6395cd8eca7bdeb2f20e7e23af8f94f7ef7d","first_party_compiled","ok"
"会员端","pageMine/point/index.json",".json","113","6","b1c78dba2efa3afbd6b310b55cacbabc5952685055b9f0411fe84308aa83d274","first_party_compiled","ok"
"会员端","pageMine/point/index.wxml",".wxml","4703","59","7d099b17334733145420484207e13a9273594e98128f61480e6d4a7039f556a6","first_party_compiled","ok"
"会员端","pageMine/point/index.wxss",".wxss","5765","318","3974c7e6c9259fb29a4c801a7b64c1cb2c8326083939328af102272d2dc63ac8","first_party_compiled","ok"
"会员端","pageMine/rankingRecord/index.js",".js","4432","158","46543956162c991d16e1b8a01b812ec89b1aa734d6911b778b28872499e5b114","first_party_compiled","ok"
"会员端","pageMine/rankingRecord/index.json",".json","92","5","88bce42f9fa97366d98402a1aab0a9c79870a0682f518fbcb3edf63ee9a7d597","first_party_compiled","ok"
"会员端","pageMine/rankingRecord/index.wxml",".wxml","3153","47","d823c0f14a455625a9017348ff8ed432674e5e97f63af4e8417e85f8dfcf4af1","first_party_compiled","ok"
"会员端","pageMine/rankingRecord/index.wxss",".wxss","3097","147","ffbe2b44dedc25259dfb988c88f5bba044f25ee23cbb052301335a04f1aa9249","first_party_compiled","ok"
"会员端","pageMine/removeCard/index.js",".js","4444","152","7712d2847b8895af0b45bd64deb324f96d0d92d42d9b830c99a0b988d93abf9c","first_party_compiled","ok"
"会员端","pageMine/removeCard/index.json",".json","95","5","c756a5b89b3141027f8d8b5ff9ba5d46228eaa31cfb770e325160cb11cddaea7","first_party_compiled","ok"
"会员端","pageMine/removeCard/index.wxml",".wxml","1444","21","1327d1091a60ef8de6c05f1fca554c0bf688650e7bab60275b6395098d30b7fb","first_party_compiled","ok"
"会员端","pageMine/removeCard/index.wxss",".wxss","857","42","5f06cb9309da82c9bafb89cb5155d900d79b5fecd71b9b9888ad4ed5dfa6aa2a","first_party_compiled","ok"
"会员端","pageMine/totalStatistics/index.js",".js","3337","120","8925e1d7e9522ec49799b897e9392ca566d1e60efe9a6e18f0873cc8b3430cc2","first_party_compiled","ok"
"会员端","pageMine/totalStatistics/index.json",".json","92","5","4164c86d5fd983d355f7caa2e03595a7b94085004174060439d50ffdc4a9fddd","first_party_compiled","ok"
"会员端","pageMine/totalStatistics/index.wxml",".wxml","5841","90","523128fd5ec9b7ff3e02da1c7111ebcb7793f50604eeb55338095834f184bb88","first_party_compiled","ok"
"会员端","pageMine/totalStatistics/index.wxss",".wxss","2996","134","e09b17f5a8b00ab814f4574bb6a966959066d766c0af5b7a50641673407fbc61","first_party_compiled","ok"
"会员端","pageMine/useRecord/index.js",".js","9753","286","0d17d2b71f047b5eea5d8328cf57d66955983a177b99ddb99252b0ed9412e974","first_party_compiled","ok"
"会员端","pageMine/useRecord/index.json",".json","92","5","e090d28aa5d277e228861f200b99a3c39edad9c9e4f69bb854c8cd21cd5ccbae","first_party_compiled","ok"
"会员端","pageMine/useRecord/index.wxml",".wxml","5718","73","3ae4b17c2d107ebb6859b438eeb5fde30ad14352e1f19d88346e35b3c5a71a67","first_party_compiled","ok"
"会员端","pageMine/useRecord/index.wxss",".wxss","4777","235","fb6f2a92514cbe04277d3240950e142802fa02ba7399d8e0f054583372b2a612","first_party_compiled","ok"
"会员端","pages/.DS_Store",".ds_store","8196",,"0fe68900e44071b77ee5420c969475064572d9e60dc82ee089b83dc057878702","metadata","binary"
"会员端","pages/appointmentCourse/index.js",".js","29538","751","39733ecba04402309464817d977f9d556fe0e512ac20e4acfcddcda95bf24738","first_party_compiled","ok"
"会员端","pages/appointmentCourse/index.json",".json","610","15","f6ce17c8c90012b13530611eaced1163073c938c16b3f2b21032b3bd426e731e","first_party_compiled","ok"
"会员端","pages/appointmentCourse/index.wxml",".wxml","19234","171","101cf7c68e990e20903020d5d7561ee47ca93e67b6868dbcd753cc151f88ab55","first_party_compiled","ok"
"会员端","pages/appointmentCourse/index.wxss",".wxss","16825","901","c08023b16fbdb123c4d3e1b54a10aaac9d7a7770a16fc9b36e1b03ba9dd4ed6c","first_party_compiled","ok"
"会员端","pages/authorization/info/index.js",".js","4819","166","d36c91112ce347b8bd586b971dd27209b87c2457fcd6b5c7486065b3f40708fd","first_party_compiled","ok"
"会员端","pages/authorization/info/index.json",".json","273","10","705cac43e38eda282f3a87669c033409f7a6a093658a801b63b0f43b175aa2cf","first_party_compiled","ok"
"会员端","pages/authorization/info/index.wxml",".wxml","2364","37","774369cfde42540e5e301a0f7b5d32d46f9f63d7a8776a2f08841c3f25998b8b","first_party_compiled","ok"
"会员端","pages/authorization/info/index.wxss",".wxss","2536","119","9e1873e2ac6ca5c254674927d639734bc33bf59a0bf483e6cec2bdca78477c7d","first_party_compiled","ok"
"会员端","pages/authorization/noLogin/index.js",".js","2464","99","9c27cae4ab4783247ff4076e43c54e15c801c20bfbdeea2effb53f61af74b5b4","first_party_compiled","ok"
"会员端","pages/authorization/noLogin/index.json",".json","230","9","f667a7f129098cba6bbb4437a54e74ac4c24ca4eefc0a667669a3e1c07bd82ab","first_party_compiled","ok"
"会员端","pages/authorization/noLogin/index.wxml",".wxml","1222","26","d99f35367de04ac9e93c02674363b6d2ca8a88ab1218922e05888bd2655c46ff","first_party_compiled","ok"
"会员端","pages/authorization/noLogin/index.wxss",".wxss","7763","66","17c01a8ad9e9745b72802847f3c983536f531602c262f9923af61ee7ae59d84a","first_party_compiled","ok"
"会员端","pages/authorization/phone/index.js",".js","8857","255","72c60611e2eb55a710e87e7c06380b4782f8a72b130cf44b69976931220ef80a","first_party_compiled","ok"
"会员端","pages/authorization/phone/index.json",".json","156","6","69f9e36be994db579b07a1c9148a1460dae808ed6c9668756535835e22d37e5c","first_party_compiled","ok"
"会员端","pages/authorization/phone/index.wxml",".wxml","894","18","1b1bee4f39b2496a978c25cb726ef7a19dd827ab3d9cd93266d5811ed90a9777","first_party_compiled","ok"
"会员端","pages/authorization/phone/index.wxss",".wxss","1282","69","5a0c6daffd2cafb4545dd60bd9efc387534fd5cdd8ca5acd1e572a95674d71e3","first_party_compiled","ok"
"会员端","pages/index/components/card-info.js",".js","6786","214","1730593bce9bb345ea9d8fb72b4ecf746833b7ccf29812484fd94866092ad848","first_party_compiled","ok"
"会员端","pages/index/components/card-info.json",".json","333","11","c5d005c4c4feaa5490ea4537e286872596474c87fc3e406ed370ea54308e357f","first_party_compiled","ok"
"会员端","pages/index/components/card-info.wxml",".wxml","2200","23","16d99bbbe20a51d3bc96111efc74bc32e866a14f8a0fc941110ccb50e89aed69","first_party_compiled","ok"
"会员端","pages/index/components/card-info.wxss",".wxss","786","41","7ba55bbbdb14d3665dfbc5813e8bcd7f93715198ae137a7afbff4b9c7f59a0c8","first_party_compiled","ok"
"会员端","pages/index/components/confirm-modal.js",".js","2668","110","195ec1fbf9d2c46321b0a98922a4c4499ffe27668df9536c500ab9a55cb54492","first_party_compiled","ok"
"会员端","pages/index/components/confirm-modal.json",".json","174","8","805a697076d2fadab3d820216e32d05fc07ef6e2e58af47efce13707bdf2bb10","first_party_compiled","ok"
"会员端","pages/index/components/confirm-modal.wxml",".wxml","1045","16","12c4fa611f577f6f450dbf0bdec1fe2af74b5102c8c224e6f5473c268fd48628","first_party_compiled","ok"
"会员端","pages/index/components/confirm-modal.wxss",".wxss","1083","54","651ff230282a82974b631c97c2b7b5c6f2a2eeff7223b57fa3f5c84378c96c57","first_party_compiled","ok"
"会员端","pages/index/components/site-list.js",".js","3133","125","699d52471715e0098c7159375e2170e147b52d57ddd21c6adca8c43eb25210d4","first_party_compiled","ok"
"会员端","pages/index/components/site-list.json",".json","219","9","2dac430632f1b1a5502a8d57d3b8f88f667903fca0c29665a8d8f917dddddfc6","first_party_compiled","ok"
"会员端","pages/index/components/site-list.wxml",".wxml","1507","23","32ced8e32f1311758a2f0f5298a9257c1f0b926067ba6fea8496370c61b78c69","first_party_compiled","ok"
"会员端","pages/index/components/site-list.wxss",".wxss","1158","56","b08549562d82be0787a9a53f5700342ffc2dcd495a51499eedbbc9fa1e9dff08","first_party_compiled","ok"
"会员端","pages/index/index.js",".js","17021","460","e53e2d54e7ad130649064c4de1a951f703ac2c01319e7ccd19f2d0da36125c03","first_party_compiled","ok"
"会员端","pages/index/index.json",".json","795","18","ab95cc8fa55b929631ebe851b7577a13ac4a99f4dc4502bb5698b4a148730ef8","first_party_compiled","ok"
"会员端","pages/index/index.wxml",".wxml","9485","120","8569087119e23af6dd5d13887439862798a5dc2f79c246ef15f4cdcb63387c4e","first_party_compiled","ok"
"会员端","pages/index/index.wxss",".wxss","6713","298","6f93a432352637beefc50b0a8c79a1697e6bf71f4e6a9e56bb83b1bd55cfa489","first_party_compiled","ok"
"会员端","pages/mine/index.js",".js","13908","413","64c2f628f307a81edc16f9ed1e824438a7dcee448f112742e21946b0d0e545a1","first_party_compiled","ok"
"会员端","pages/mine/index.json",".json","675","17","790e116125c51d14d4082a19f6f1ab36c5ec480417171f920d53d96dd2e117e1","first_party_compiled","ok"
"会员端","pages/mine/index.wxml",".wxml","15071","173","db17634d28476468b31f49c4827c69eab3950e0a27c51af4abd6e4f22e66eb7d","first_party_compiled","ok"
"会员端","pages/mine/index.wxss",".wxss","7774","378","f18d7d12bbba275e0f5255aad9949c357835b99b6dc58ba05eda84d453dfd944","first_party_compiled","ok"
"会员端","pages/myOrder/index.js",".js","5216","176","221654b46d5594670031cde8626a8cdd62b372d7b86d08b6339f51e898909fde","first_party_compiled","ok"
"会员端","pages/myOrder/index.json",".json","366","11","cfc2271fdaaa11dd6c2902a7b4cfe1f1e43b77b056a214740af8b83baaf0d31a","first_party_compiled","ok"
"会员端","pages/myOrder/index.wxml",".wxml","2335","38","7c06aed433ace1cfdc07c24be250756795d1a2cbbdbd7b07b451fa5bdc2955bc","first_party_compiled","ok"
"会员端","pages/myOrder/index.wxss",".wxss","2043","102","a89800b9d864ba9a1f6c1485b7ebd80c9b08a2cdc4518061e3f85f8758cdc972","first_party_compiled","ok"
"会员端","pages/not/index.js",".js","2814","108","486ecbf1f3f6837bd98dd2a2cac38ac34ad173795e2c3de60893c1cd7d6cbe5a","first_party_compiled","ok"
"会员端","pages/not/index.json",".json","182","8","aa80162a102cc89b7d19414c65774e3fe19c91b94bd032b55af4160318e845be","first_party_compiled","ok"
"会员端","pages/not/index.wxml",".wxml","1353","19","4ef11fc4c40e49abe87f4bd67a70f77baa49700022595e925852c0ae1b9c84b3","first_party_compiled","ok"
"会员端","pages/not/index.wxss",".wxss","1489","74","6b818afe659b9b7bcaf443179b52e12f980901bef4ba6a41ea0a3b6b9dda2541","first_party_compiled","ok"
"会员端","pages/receiveCard/authorization/info/index.js",".js","5159","174","dc68b49e860ac33d32c5b3eb8a01053fb50a3c796e250a336f251ac254ab320c","first_party_compiled","ok"
"会员端","pages/receiveCard/authorization/info/index.json",".json","304","11","2643c42e8a4112934cffd2f68a73a6c8bc309e1f720e7b0f045aad5eca37a4a8","first_party_compiled","ok"
"会员端","pages/receiveCard/authorization/info/index.wxml",".wxml","2139","33","f2ef95904ffba74cfc9c2fdb1f9dba217f4d9650b1fd793977a9a244be2aa31b","first_party_compiled","ok"
"会员端","pages/receiveCard/authorization/info/index.wxss",".wxss","1964","92","5b5342858d09883a560ada96c77e8ba7cb84a4aefc277d8d51ad230934ff0156","first_party_compiled","ok"
"会员端","pages/receiveCard/authorization/phone/index.js",".js","9373","232","8e145634962fb2df224b6e85e15700ad0b9e094d7e97b693c12f7511de417b9f","first_party_compiled","ok"
"会员端","pages/receiveCard/authorization/phone/index.json",".json","156","6","69f9e36be994db579b07a1c9148a1460dae808ed6c9668756535835e22d37e5c","first_party_compiled","ok"
"会员端","pages/receiveCard/authorization/phone/index.wxml",".wxml","669","14","dc0bfd32c6325f456d7fa33d070c3001e69e529ff98ef222d889ba44b0fdfc0f","first_party_compiled","ok"
"会员端","pages/receiveCard/authorization/phone/index.wxss",".wxss","1133","62","cada04fb510fe0c1142c974d41d4ca08fcd59e26146956cb7e903a18aa9a435a","first_party_compiled","ok"
"会员端","pages/receiveCard/components/hint.js",".js","3052","119","5a73134becf93bdb8b5793f4ad163c6df40c155cc93a91c69a83cb088f13104d","first_party_compiled","ok"
"会员端","pages/receiveCard/components/hint.json",".json","213","9","7e2747845a9337c8dcc888f3651341b1c60a33f7e58f0915704b4d1735c74ebe","first_party_compiled","ok"
"会员端","pages/receiveCard/components/hint.wxml",".wxml","1462","20","fbea611389298f0dc1781eb8be34d4adfae78f2b567ad81ff9b1d41181400622","first_party_compiled","ok"
"会员端","pages/receiveCard/components/hint.wxss",".wxss","947","48","affdf67c0ee0295cd4217619af64f2b5999ae9beb5dc9f782059d9075d0e3f88","first_party_compiled","ok"
"会员端","pages/receiveCard/index.js",".js","9064","281","0dc84f5536f1a200f9fb18beb61aac6ecfefa871de263f82392ef03d7102a530","first_party_compiled","ok"
"会员端","pages/receiveCard/index.json",".json","308","11","72ffe3fad3a7ed52d21ab23de46117ec399b35d43484ad66042161fc9a336602","first_party_compiled","ok"
"会员端","pages/receiveCard/index.wxml",".wxml","6233","78","2341145e6439d53501082bbfe9173591003ab24a538a98b08d7e56ceefac6258","first_party_compiled","ok"
"会员端","pages/receiveCard/index.wxss",".wxss","8162","408","e7e882830cd01f3cb051ac86b10e2512ce14431e24c8dc5df1cecc7000c6f534","first_party_compiled","ok"
"会员端","pages/start/index.js",".js","7135","215","6d41d35ddcd63ede1eea80455b43bb673f6d7af99af3e253fa7830c9e996bc79","first_party_compiled","ok"
"会员端","pages/start/index.json",".json","187","7","8752ee36a701caba6d5b801085918deed4fecaadd2013ef007ef8c929387819e","first_party_compiled","ok"
"会员端","pages/start/index.wxml",".wxml","867","19","7b5f2008b06ed730a75046ccdf4bdc9270673c802e8cd5817ed29314441ec1c0","first_party_compiled","ok"
"会员端","pages/start/index.wxss",".wxss","3193","153","18cb0cbada71f366a47128fd20690b768fe711fe6cde7392305bf2911207bd1e","first_party_compiled","ok"
"会员端","pages/tailor/u-avatar-cropper/u-avatar-cropper.js",".js","6833","213","e263e67aa67e4466ab8e477b4cc5fee87d67bf04d99c1e067ec922ffdaf509b2","first_party_compiled","ok"
"会员端","pages/tailor/u-avatar-cropper/u-avatar-cropper.json",".json","168","6","267bf78265e67d009a1a458a894f0d6b7831b520f2d04e4ea048fb01bafbfd00","first_party_compiled","ok"
"会员端","pages/tailor/u-avatar-cropper/u-avatar-cropper.wxml",".wxml","1433","11","995103c9eeade0773714c6bbf9a592f63b7cd248c1cabef86da41b1c85a59e1c","first_party_compiled","ok"
"会员端","pages/tailor/u-avatar-cropper/u-avatar-cropper.wxss",".wxss","973","49","9872b2cc16fa550d333ab5a07b63f90d7640e90c052ff7756b60b05bd721970b","first_party_compiled","ok"
"会员端","pages/webView/index.js",".js","1737","73","ae44728009e996f18f612831f8648288aede5c9110851646875d49fda8f76103","first_party_compiled","ok"
"会员端","pages/webView/index.json",".json","111","5","5b39a790df411026f7eca6942a99c7cdce3cd230f63b5750f2101c2bb14e56f5","first_party_compiled","ok"
"会员端","pages/webView/index.wxml",".wxml","88","4","6fa2fb13f50e009b709a3cbdfbe3bdd56c0caaf1fc020d325cdd5f49f4b7a944","first_party_compiled","ok"
"会员端","pages/webView/index.wxss",".wxss","0","0","e3b0c44298fc1c149afbf4c8996fb92427ae41e4649b934ca495991b7852b855","first_party_compiled","ok"
"会员端","project.config.json",".json","145","11","655fa85bba246d8489c4d64466d703964f9c65427426674a20bb04db4a0ea3c4","first_party_compiled","ok"
"会员端","project.private.config.json",".json","45","6","88b903ddaaebfd05316394e807c589b217c877a8192ead6a9e6970a8a037d898","first_party_compiled","ok"
"会员端","static/.DS_Store",".ds_store","6148",,"87f491bb80dd9438020ffbd5ada2477a49ed8aefb9c0826890f1e9362d94b6de","metadata","binary"
"会员端","static/imgs/laba.png",".png","2522",,"b5c75ef8523a48e0eb7e26ff604222f77adbc4af78b333c9f8faa1a5e8693edd","asset","binary"
"会员端","static/imgs/startlogo.png",".png","10684",,"02239ae8f9d7a14ec29d5f5044a72625854f425fba2c878fa9d83f60950903bd","asset","binary"
"会员端","static/tabbar/appointment_icon.png",".png","3069",,"f0b85807e6323d98ce296598a9f7629d397f91ce6d92fbb77467b6a56acb5e31","asset","binary"
"会员端","static/tabbar/appointment_selected_icon.png",".png","3564",,"9685944d0e098af89954f026bbc945057c314c6934f54fe0cf6d50d912f9b2a5","asset","binary"
"会员端","static/tabbar/index_icon.png",".png","2558",,"4360586ecdf285e7af017949d96a79ba084f06f19c51d69558cfb6771388b6e1","asset","binary"
"会员端","static/tabbar/index_selected_icon.png",".png","2707",,"61272ee97c85f41d70150e00bfcc881288e73944e42ceace9113b1d1f8875c8a","asset","binary"
"会员端","static/tabbar/mine_icon.png",".png","2572",,"29aa6a8d24fe0146a7925ed3097d5d2596f3e2802e67b3e8f3435ab54d618f4c","asset","binary"
"会员端","static/tabbar/mine_selected_icon.png",".png","3025",,"bb4c5bf454b93caf0adbe667add5595c899f22c159193ad5dbd5cfee34fd92e4","asset","binary"
"管理端",".DS_Store",".ds_store","8196",,"9b92795acb1bda61aa3a43cba8c4694b0153bdd3d470233cc8bc438417ddb7a3","metadata","binary"
"管理端","app.js",".js","96","4","edf3dd52cce66972cf0984286fdee9c137cd5f9a5d0def4f3c87fdfbf082797c","first_party_compiled","ok"
"管理端","app.json",".json","34458","231","7cb476e5d0a437ee5f587bc0ecee877dd5310ea44ee2c4d1aace9ad949e410df","first_party_compiled","ok"
"管理端","app.wxss",".wxss","56802","3418","4cb0865b682d7daf3fd6dd8b38b43205b654320efd9dfb75842d2585e63c3749","first_party_compiled","ok"
"管理端","common/main.js",".js","7131","227","826d162102ce17e246ed16b70c0448801826e5640242c64bfc4486ed1b765115","first_party_compiled","ok"
"管理端","common/runtime.js",".js","4619","155","6acc6925cd0ecceef6ef0361fd42d404d8c362d6c6fe3c51dfb81f56b126b17c","compiled_runtime","ok"
"管理端","common/vendor.js",".js","645222","1","d35db0a3db11e116d858516801ea3363f434efef252fa16a80ce626209144a82","compiled_runtime","ok"
"管理端","components/.DS_Store",".ds_store","10244",,"4a94b384a1dcd4db275f8b92be9a123a3be573dd5aa74baac792e98ecf9e012c","metadata","binary"
"管理端","components/card-all-project/index.js",".js","3205","128","569e305995c431b70cbdeaad7249073fd045744a588f9868cd75b9beb8db453f","first_party_compiled","ok"
"管理端","components/card-all-project/index.json",".json","222","9","b691fb898d075624a59d44db8647fab2c51e1c3f48fc7edfbeb2c682e9db2a1b","first_party_compiled","ok"
"管理端","components/card-all-project/index.wxml",".wxml","1433","22","88dde63607cdc65fa90d26ea73af50c10453031237ad02d8cd01bca814ca09cd","first_party_compiled","ok"
"管理端","components/card-all-project/index.wxss",".wxss","1285","65","41f2322ecaad1de354539ea71f3882c8eb1c99c8162ede71b1710e27efb242fc","first_party_compiled","ok"
"管理端","components/cardToolbox/administer/balance.js",".js","11964","354","bc3e2ea1b4247cc0ba94fe7bf1b971428f4a89b6891f52930e02416156819004","first_party_compiled","ok"
"管理端","components/cardToolbox/administer/balance.json",".json","334","11","e109ee803a4ed665b15d61822d9d8bc9dd2455c504a75cb25413c95c2f7b8176","first_party_compiled","ok"
"管理端","components/cardToolbox/administer/balance.wxml",".wxml","6200","57","74a7a10f98f17c9ea38a5179ade32e8e770cac5cecaf8f721fc64e5bf7096a35","first_party_compiled","ok"
"管理端","components/cardToolbox/administer/balance.wxss",".wxss","3250","135","7ca7657679de0564bae8f0c79d5aaf7b65d3519421df76953b6dd3f81eaa0524","first_party_compiled","ok"
"管理端","components/cardToolbox/administer/card_stopping.js",".js","8818","258","0b0833041698e43c25f6d8279363c4263e92f8e4f074c6402c688f7ccf392359","first_party_compiled","ok"
"管理端","components/cardToolbox/administer/card_stopping.json",".json","337","11","9baaf07a0cf01319020cedd2271dbc2e4bf8ec3cc43975dd1dc17005e3fc5c56","first_party_compiled","ok"
"管理端","components/cardToolbox/administer/card_stopping.wxml",".wxml","4906","53","053ab880e7e3ccc9dd4d6acb3040535c434b8fedaa90368ea485df5d7c51d9a1","first_party_compiled","ok"
"管理端","components/cardToolbox/administer/card_stopping.wxss",".wxss","3656","162","eb2aaed1a417a8de0a3f2a5b931ae71ab977088915399ca91185c8da01b0807a","first_party_compiled","ok"
"管理端","components/cardToolbox/administer/card-set.js",".js","6982","227","f4c8525c4ec05df87ca41fac50485c55447239e4426bbe347fbf8d8a7f5e3d0a","first_party_compiled","ok"
"管理端","components/cardToolbox/administer/card-set.json",".json","463","13","2c9f6a723be33203e8635039b200f80bc28fdf30ec7f6d10c903290b8ef54a57","first_party_compiled","ok"
"管理端","components/cardToolbox/administer/card-set.wxml",".wxml","3228","35","029d83469b3463b4e4ff86212bb5c46f2dfc4a610e5f7dac0c83d599af79badd","first_party_compiled","ok"
"管理端","components/cardToolbox/administer/card-set.wxss",".wxss","1301","61","df0763802bd973de15a4977fddc2c8056b73fe7383626390dfb36ed5a45e7164","first_party_compiled","ok"
"管理端","components/cardToolbox/administer/leave.js",".js","11059","331","a52a87cc9bcbbf6c45c7f61a3566a7f2f4279f69be6e0767dbadbafafaa6f9b3","first_party_compiled","ok"
"管理端","components/cardToolbox/administer/leave.json",".json","389","12","be3b4a2b46caeece01db13960ab9d44238adc70465477c2f40f6326289a4233e","first_party_compiled","ok"
"管理端","components/cardToolbox/administer/leave.wxml",".wxml","5276","51","d18cb7907da55cabeef900f9811f5a5503c7b1d109efc26e5e12522fc546a70e","first_party_compiled","ok"
"管理端","components/cardToolbox/administer/leave.wxss",".wxss","4269","193","7ee074a699fe1fb2da3889297d1b1a6ff83f803f6c5562c3de54b844ce8eaaa0","first_party_compiled","ok"
"管理端","components/cardToolbox/administer/mark-pop.js",".js","4757","181","b922476444352665ad5eab109fb29e721990dea59c48549734a2b5333b808a82","first_party_compiled","ok"
"管理端","components/cardToolbox/administer/mark-pop.json",".json","341","11","ed847d39e168cc298da37a948b6aadaf964128e7a4bfe46fa711b15194de6650","first_party_compiled","ok"
"管理端","components/cardToolbox/administer/mark-pop.wxml",".wxml","2301","27","2050f9de20d0aae8c9029566bff96f27525d1d6dd809595719c6212b37ee229a","first_party_compiled","ok"
"管理端","components/cardToolbox/administer/mark-pop.wxss",".wxss","1124","48","983001e6e00544e0d680ea2f0cefa2a6445b20ff4222dc0f8fce777102312d58","first_party_compiled","ok"
"管理端","components/cardToolbox/administer/remarks.js",".js","3307","127","f3cd231952b11e99545d2142dcf5eedca270ddd63930f0566918e6b80a30c4c3","first_party_compiled","ok"
"管理端","components/cardToolbox/administer/remarks.json",".json","219","9","f93ffe247a6e575479e3516920ff391c66e7711b13007a0d4c172663d749919d","first_party_compiled","ok"
"管理端","components/cardToolbox/administer/remarks.wxml",".wxml","1457","17","64d5ba8365c98cb5eef535ecbcc87b3d53533bf63b019168adb1d44274ac068a","first_party_compiled","ok"
"管理端","components/cardToolbox/administer/remarks.wxss",".wxss","1096","50","7883007b96e8e3a70b2cb08bf106ed9b6e2a7e413805cd66df180f727b345945","first_party_compiled","ok"
"管理端","components/cardToolbox/administer/renew.js",".js","13960","418","dcdeb909ee9e84b66bfe4e33e83a5baede90aa2cb7ce81ed65b91a5e5d17b31c","first_party_compiled","ok"
"管理端","components/cardToolbox/administer/renew.json",".json","392","12","5461b51fc5c4f391011648bb2676aa7ca8a6c052e066a72545b56f59b5581ded","first_party_compiled","ok"
"管理端","components/cardToolbox/administer/renew.wxml",".wxml","8583","80","9900a87b1b9cf38dbdc1cb8f077a4d4ae6528da96dd21a185320d55b1bf94f40","first_party_compiled","ok"
"管理端","components/cardToolbox/administer/renew.wxss",".wxss","4088","174","47349a3d78dab73f622d0096e83244ac053c6e0d9860d234d45e75a3d7fd03e2","first_party_compiled","ok"
"管理端","components/cardToolbox/administer/validity.js",".js","8414","258","e8cc15e3cc7748de1ce4c4103df9b32a922916954756ef6068cc59017ccd70af","first_party_compiled","ok"
"管理端","components/cardToolbox/administer/validity.json",".json","395","12","da6bc5d3c790fbf7bc0ddc8cc819dddfafdc1affe2100795103b9d10a5d74050","first_party_compiled","ok"
"管理端","components/cardToolbox/administer/validity.wxml",".wxml","3803","39","fe152a32c2d438b2b16fba04ba8c33eb8f27ee6b993fde7012ed6482f08c9a40","first_party_compiled","ok"
"管理端","components/cardToolbox/administer/validity.wxss",".wxss","1712","76","2ef238dd72a68c897b2f725b2eeafbb0fed4c97823346089c78252e6151c1949","first_party_compiled","ok"
"管理端","components/cardToolbox/getCard/index.js",".js","6146","196","ed899b98ae84bee84cca38c561e973a38b7293d8d22798a2a230e6340af41c80","first_party_compiled","ok"
"管理端","components/cardToolbox/getCard/index.json",".json","225","9","c6617af7b1d08243dccac2469f67a533c50f18643af98bdaeb2e38574409f208","first_party_compiled","ok"
"管理端","components/cardToolbox/getCard/index.wxml",".wxml","3070","46","8e64ae6931467e50ee1bb20f47a630b632f5541e9eb654bec69a4059d4ba8d25","first_party_compiled","ok"
"管理端","components/cardToolbox/getCard/index.wxss",".wxss","3422","163","976127fc148f34d16cc785ddc22432d03eb0e40fd525d8e978a99f5ed352ecaa","first_party_compiled","ok"
"管理端","components/cardToolbox/immediatelyCard/card_limit.js",".js","22129","599","e6564100a800c274ee53fe960038221c22b52a3538129eb6b5600dea1814bbb6","first_party_compiled","ok"
"管理端","components/cardToolbox/immediatelyCard/card_limit.json",".json","832","19","bcd0e33cbdc63885651dcabc9828af8c6970f0e5815600139b7ffc34997c96ab","first_party_compiled","ok"
"管理端","components/cardToolbox/immediatelyCard/card_limit.wxml",".wxml","19368","179","820a5f66089a3216d40cad8d8aa3221e611048acca98d8f9652f50d493bb93f6","first_party_compiled","ok"
"管理端","components/cardToolbox/immediatelyCard/card_limit.wxss",".wxss","3654","155","3b1e1fcac4edd00217b9a4e6c04c7e293ab2d96dddccb28449a1fee0b6d7a0dc","first_party_compiled","ok"
"管理端","components/cardToolbox/immediatelyCard/new_card.js",".js","6202","210","515d0266c5cb2096cc6b663678855cbc44391289972f6bdd808102523677dd19","first_party_compiled","ok"
"管理端","components/cardToolbox/immediatelyCard/new_card.json",".json","597","15","4fa91c464a39cfcd043ba47285065fbfa5cd69eeedf3f9b427ea7cf1f5e98891","first_party_compiled","ok"
"管理端","components/cardToolbox/immediatelyCard/new_card.wxml",".wxml","4010","38","cd3587c3ca46fea1f152b9f1ce71b38502c7af1d32218d31989b2979642c93eb","first_party_compiled","ok"
"管理端","components/cardToolbox/immediatelyCard/new_card.wxss",".wxss","1925","98","24d60f69df0462a440ce89e6e993e3a62383e12bd780e5d9baf176f777cb070e","first_party_compiled","ok"
"管理端","components/cardToolbox/immediatelyCard/time.js",".js","4601","170","87733997322ec999f9cb793c7a35f82cdc858925d4600ee82fc598903af4d16b","first_party_compiled","ok"
"管理端","components/cardToolbox/immediatelyCard/time.json",".json","219","9","f93ffe247a6e575479e3516920ff391c66e7711b13007a0d4c172663d749919d","first_party_compiled","ok"
"管理端","components/cardToolbox/immediatelyCard/time.wxml",".wxml","2451","30","843502e70a66ff5e5d5bf65f11fd0e3ed7bbba9e529b40a5874101584ad3b985","first_party_compiled","ok"
"管理端","components/cardToolbox/immediatelyCard/time.wxss",".wxss","1529","65","29b308bf7876bebe522a3dafda77328a2d84fcf75645c22e469cf840d9c81f16","first_party_compiled","ok"
"管理端","components/cardToolbox/member-details.js",".js","30820","846","57cd80870362874a4cf6f5afcbb541e89261637a57561660241e7c39c2ea14cf","first_party_compiled","ok"
"管理端","components/cardToolbox/member-details.json",".json","1032","22","fc377a035e3433011f8fb207af50314bc65f6c6dd83613045f802ad6778ac4eb","first_party_compiled","ok"
"管理端","components/cardToolbox/member-details.wxml",".wxml","14711","152","29b39ff7480d8bffa313985b68d79e922266947b6f32c583e2aba2498c9318ed","first_party_compiled","ok"
"管理端","components/cardToolbox/member-details.wxss",".wxss","11286","526","9885c80a471c52ca1bfb4fee7b7fc14723927588f2d6d167d7c5873c5dac4a8c","first_party_compiled","ok"
"管理端","components/confirm-modal/confirm-modal.js",".js","2694","112","bbb5c2df3948a4c06bc26269b1d29169c28ada38c3b4e0789a1963038ba2ba2d","first_party_compiled","ok"
"管理端","components/confirm-modal/confirm-modal.json",".json","167","8","e20f3191e6b67c30e935c53115c518f7bf637e8dbc53fabf2217f38a77061559","first_party_compiled","ok"
"管理端","components/confirm-modal/confirm-modal.wxml",".wxml","1027","16","14333cc2af95d69319379722a20466ccacfa94730b64b3a622ceea22ed8d730d","first_party_compiled","ok"
"管理端","components/confirm-modal/confirm-modal.wxss",".wxss","471","24","ec361ba1f96e0402965c8ca8ed52ce5142766426b9ed7e28535d908c9d81cf36","first_party_compiled","ok"
"管理端","components/editor-textarea/index.js",".js","2925","116","aa45f22f676df5b2edf3d741af89671b6e4cd9e94a7fa32a0f635a4c1a7642f8","first_party_compiled","ok"
"管理端","components/editor-textarea/index.json",".json","112","7","dd1d5510e387f6560f9f37b98c86e4f31cb6d9b00ea6fed32dc33283f71755dd","first_party_compiled","ok"
"管理端","components/editor-textarea/index.wxml",".wxml","295","2","9a4b87d52edbc654c72f384f6aaf09c9669e2b21ef4156856acdb17685697884","first_party_compiled","ok"
"管理端","components/editor-textarea/index.wxss",".wxss","178","10","c616f3bda2246af8e94e4efe35cc1f02bddc249129ab6462345731efc851278a","first_party_compiled","ok"
"管理端","components/expiredAlert/expiredAlert.js",".js","7098","227","2efb57f44880227b27fdf4b255a333e1cbcaa211aa1703f58ecc5d5b96085a59","first_party_compiled","ok"
"管理端","components/expiredAlert/expiredAlert.json",".json","167","8","d1dd43517de98b2784172634d410744c816b5129fa53b17f05dc514392a1ff29","first_party_compiled","ok"
"管理端","components/expiredAlert/expiredAlert.wxml",".wxml","1668","22","36f39f0a6b6a9eaf5cf6a52a1084de00428d18822d5bdc767f606f99b76c1625","first_party_compiled","ok"
"管理端","components/expiredAlert/expiredAlert.wxss",".wxss","1619","71","76cf9730e82217f22ae4d91f1e3dd774a92adc695e2127feb32668f4118f9171","first_party_compiled","ok"
"管理端","components/ff-bottom-logo/ff-bottom-logo.js",".js","2592","107","d0315d0a4c5f0feea03d9f7534e0e799a6ebcadbfb536e73060dd50e60fe9184","first_party_compiled","ok"
"管理端","components/ff-bottom-logo/ff-bottom-logo.json",".json","112","7","dd1d5510e387f6560f9f37b98c86e4f31cb6d9b00ea6fed32dc33283f71755dd","first_party_compiled","ok"
"管理端","components/ff-bottom-logo/ff-bottom-logo.wxml",".wxml","270","5","9ef1569ac264e0a78d1b5a9b8fbd44932cff1e28432dbc1fe1c7e99d344e817c","first_party_compiled","ok"
"管理端","components/ff-bottom-logo/ff-bottom-logo.wxss",".wxss","224","12","7d09fee1c9dbdd9291e7ac0bf1123420757c51970a102c15990110bbde31c3ca","first_party_compiled","ok"
"管理端","components/ff-counts-card/ff-counts-card.js",".js","3510","139","92926600f53739570231c5c5595c6a81a17fda17493c82c5036c9001c6f02848","first_party_compiled","ok"
"管理端","components/ff-counts-card/ff-counts-card.json",".json","164","8","f9e55f69122a366a198ac4399ab257fce4e742480e7087c990b189bab8bdf10e","first_party_compiled","ok"
"管理端","components/ff-counts-card/ff-counts-card.wxml",".wxml","3681","53","8d875f06e56615267d280f867d759ca10b6185332ab2b9fb5023a342119c1747","first_party_compiled","ok"
"管理端","components/ff-counts-card/ff-counts-card.wxss",".wxss","15310","689","387e653e6f919511a226503c015c337d8e021940e51a8685f719fe836f96bf82","first_party_compiled","ok"
"管理端","components/ff-date-card/ff-date-card.js",".js","4934","174","81bc4ed3ee42fcbfe51c8880384d6161163cdf891078484b8dcc499114144072","first_party_compiled","ok"
"管理端","components/ff-date-card/ff-date-card.json",".json","112","7","dd1d5510e387f6560f9f37b98c86e4f31cb6d9b00ea6fed32dc33283f71755dd","first_party_compiled","ok"
"管理端","components/ff-date-card/ff-date-card.wxml",".wxml","3444","52","7e7e2aae7fc61ae774a52d9849ce37b11d7a14a9b47ff6ab39c5a8dacea706a4","first_party_compiled","ok"
"管理端","components/ff-date-card/ff-date-card.wxss",".wxss","15310","689","5b199806f7dbe03a03b8b1feb699c3e08434cb3226e7d04caf97e9c16d1185b3","first_party_compiled","ok"
"管理端","components/ff-popup/ff-popup.js",".js","4354","161","9a06154647a3d00ed97a842c6663a5262ef48c75acdd162de7505e4c25bdda68","first_party_compiled","ok"
"管理端","components/ff-popup/ff-popup.json",".json","219","9","839e6db24119882ae03ac3c6e342fca58b631b89e704e810c4c5745393f13259","first_party_compiled","ok"
"管理端","components/ff-popup/ff-popup.wxml",".wxml","1969","26","2bc31ce4f81318e610569523897e577a51216aed6a172f01969dd7f9710c8084","first_party_compiled","ok"
"管理端","components/ff-popup/ff-popup.wxss",".wxss","1220","59","9ad6b02553a57899483ed6c40692b4ec4d5f63787d80c610b76fbcc20f561a70","first_party_compiled","ok"
"管理端","components/ff-textarea/ff-textarea.js",".js","3933","146","d845958cbacab7bc2c4251b36c87d993267986e3c0ff45d99fd3967fa29c6fe6","first_party_compiled","ok"
"管理端","components/ff-textarea/ff-textarea.json",".json","219","9","f93ffe247a6e575479e3516920ff391c66e7711b13007a0d4c172663d749919d","first_party_compiled","ok"
"管理端","components/ff-textarea/ff-textarea.wxml",".wxml","1674","21","cb52c9aafbe7f3e7339c7f41eeb03d63b7b11adddac72e17ad4d0317b1c83c33","first_party_compiled","ok"
"管理端","components/ff-textarea/ff-textarea.wxss",".wxss","912","43","6fcadf838d16bb8113f57be8617471f2007f0b23185f41978246ca8118e0375a","first_party_compiled","ok"
"管理端","components/ff-value-card/ff-value-card.js",".js","3345","130","21d3c0e71a2d96bf1f36e576dcb720081883e2059020a0993745385014fe5d4b","first_party_compiled","ok"
"管理端","components/ff-value-card/ff-value-card.json",".json","112","7","dd1d5510e387f6560f9f37b98c86e4f31cb6d9b00ea6fed32dc33283f71755dd","first_party_compiled","ok"
"管理端","components/ff-value-card/ff-value-card.wxml",".wxml","2685","42","aa2637bea9507f9c66391098e75141767969e8d751c00cf8eae23c5d9461b314","first_party_compiled","ok"
"管理端","components/ff-value-card/ff-value-card.wxss",".wxss","15310","689","146f8cc423370bc0694d08763f63d1ca5c563b11a475ccc9e737460250093cc5","first_party_compiled","ok"
"管理端","components/mumber-card/index.js",".js","7443","252","5f600b20cf967bae8b4711e00374941fe2cac824028d509090966610966a1594","first_party_compiled","ok"
"管理端","components/mumber-card/index.json",".json","164","8","f9e55f69122a366a198ac4399ab257fce4e742480e7087c990b189bab8bdf10e","first_party_compiled","ok"
"管理端","components/mumber-card/index.wxml",".wxml","8521","109","f56ce8dfd8b3f96faf0bea8cc90b09638bca6cb57ef13f62bb37a1fbe7879eb1","first_party_compiled","ok"
"管理端","components/mumber-card/index.wxss",".wxss","15514","700","626c0cf4cfd0ab24c8e323c7bbef4f7c0abe40f6cfe9523264c2ccded732b187","first_party_compiled","ok"
"管理端","components/navigation/index.js",".js","3076","116","eca37c45aabe982300c0177557c46d1c8b07b731022e93945db3182e5f6213cd","first_party_compiled","ok"
"管理端","components/navigation/index.json",".json","112","7","dd1d5510e387f6560f9f37b98c86e4f31cb6d9b00ea6fed32dc33283f71755dd","first_party_compiled","ok"
"管理端","components/navigation/index.wxml",".wxml","879","15","c5c7c0a9e0d47f9fa60cefcca4173f6f8582a5a2afd7b364697e4bebdea71d3d","first_party_compiled","ok"
"管理端","components/navigation/index.wxss",".wxss","670","37","49a9a79f9144d2b1f6fdb2dc6e9520ebe995bd8c7ce5ecad8ace1a845f66d168","first_party_compiled","ok"
"管理端","components/nodata/nodata.js",".js","3265","115","a5bf66fd47bbc33432765e85502a1f7cd4d2992413a5d948356fc4cda0a0ce78","first_party_compiled","ok"
"管理端","components/nodata/nodata.json",".json","112","7","dd1d5510e387f6560f9f37b98c86e4f31cb6d9b00ea6fed32dc33283f71755dd","first_party_compiled","ok"
"管理端","components/nodata/nodata.wxml",".wxml","210","5","3ec94cbfa5bca5e3118e2b01c5df43d72416c5433729dd034c8303985c855baa","first_party_compiled","ok"
"管理端","components/nodata/nodata.wxss",".wxss","284","16","f936eb7327aeb98e27ed6b963b4ede7520a30e64d4be305dc4065518799bd547","first_party_compiled","ok"
"管理端","components/privacy/privacy.js",".js","3664","133","0297e72b4b3c247053c814167513293bf085233e1913f93dd0d9b2691c683e09","first_party_compiled","ok"
"管理端","components/privacy/privacy.json",".json","112","7","dd1d5510e387f6560f9f37b98c86e4f31cb6d9b00ea6fed32dc33283f71755dd","first_party_compiled","ok"
"管理端","components/privacy/privacy.wxml",".wxml","1135","11","f590fa5ff066cbb2444140e71e0242b7c343b53ad863a3cc818d4a2222450e2f","first_party_compiled","ok"
"管理端","components/privacy/privacy.wxss",".wxss","1546","71","34bc90aa1f95e9cb435a905600cb82ca639f970f3e9c7c41ba2fe1e80f37c636","first_party_compiled","ok"
"管理端","components/time-picker/time-picker.js",".js","4533","169","6f6a6e4b0bd81c7a982063d51e1ca33cd2943f17b4ebd1d157e216c4b8a549bc","first_party_compiled","ok"
"管理端","components/time-picker/time-picker.json",".json","219","9","f93ffe247a6e575479e3516920ff391c66e7711b13007a0d4c172663d749919d","first_party_compiled","ok"
"管理端","components/time-picker/time-picker.wxml",".wxml","2451","30","54181964b151784149ed78078b0294bf08ba61993c04abcaad7dbf193c614fbb","first_party_compiled","ok"
"管理端","components/time-picker/time-picker.wxss",".wxss","1529","65","c73eef09e90acd791345d3b30ce9cf600344057498ea9fae1aaadb835eb4a9d3","first_party_compiled","ok"
"管理端","components/time-popup/time-popup.js",".js","9934","285","2c9714f84766e4446b3adca8c581dd8c6d0d114774d4b5bca7772cb87020f956","first_party_compiled","ok"
"管理端","components/time-popup/time-popup.json",".json","527","14","80b7f8ddbb9b1eb93cbc294395c079eb63db54e341d00d549946bc3810485cbc","first_party_compiled","ok"
"管理端","components/time-popup/time-popup.wxml",".wxml","5343","56","74815b5bf99a79ce48d0eecfe022ca8fcaede3f8cdd6dbf1706bfe49bde192bc","first_party_compiled","ok"
"管理端","components/time-popup/time-popup.wxss",".wxss","2533","104","623294a9c0b5feefa795b44ff71e7c2d384081a649edd0e5ba65e48ab984c796","first_party_compiled","ok"
"管理端","components/zero-loading/static/loading-pulse.js",".js","2151","90","a233739bfe99daa7c052f8111b850b5fd5d10ad8f2830dea6ed7b6f51b97b74b","first_party_compiled","ok"
"管理端","components/zero-loading/static/loading-pulse.json",".json","112","7","dd1d5510e387f6560f9f37b98c86e4f31cb6d9b00ea6fed32dc33283f71755dd","first_party_compiled","ok"
"管理端","components/zero-loading/static/loading-pulse.wxml",".wxml","259","6","6ea2d88c5cd5e2a428c688c4d4f4b495707c9bf5bfd70102b817c9bced46a541","first_party_compiled","ok"
"管理端","components/zero-loading/static/loading-pulse.wxss",".wxss","1033","50","bfbfd8d5c8b28d7f236d7597d6a0f396bd86faf87f6f3e7d3b2d55313ff5c024","first_party_compiled","ok"
"管理端","components/zero-loading/zero-loading.js",".js","2802","116","d8a14aa2f7a8fcce33e46b4d90659ef101a5d859e26654a422ab5c1d6656b668","first_party_compiled","ok"
"管理端","components/zero-loading/zero-loading.json",".json","176","8","b0ea67bbad1349d4aeeb383dab6e6db3215a452e23d03a336980c3e19458cae9","first_party_compiled","ok"
"管理端","components/zero-loading/zero-loading.wxml",".wxml","413","8","feddb47cd73eaa11b906d95c0af4ff1a67c58b5bb17de011fd5c0f0ad790984d","first_party_compiled","ok"
"管理端","components/zero-loading/zero-loading.wxss",".wxss","328","19","e0e3fd569048dea85dd75808d22e0eba7705757841f4bb790d972eaee05dcc0f","first_party_compiled","ok"
"管理端","pageChain/.DS_Store",".ds_store","8196",,"267f9cf371a044fdbe4f06bf9a252b3e9658f22e417999085138f98e976b8edb","metadata","binary"
"管理端","pageChain/app.wxss",".wxss","0","0","e3b0c44298fc1c149afbf4c8996fb92427ae41e4649b934ca495991b7852b855","first_party_compiled","ok"
"管理端","pageChain/brand/index.js",".js","6872","221","74628068fcd812c69353e6330376a4e041ae1d5bae40e4d6c13689bcd1d8f245","first_party_compiled","ok"
"管理端","pageChain/brand/index.json",".json","365","12","504d2bbcb7b174d20dda691ae142d15dd0877054cd39c4ba5d4365f141840794","first_party_compiled","ok"
"管理端","pageChain/brand/index.wxml",".wxml","2253","27","5581c6411b28fbe98d194f009c318a95c4efdf967293198f4a1df8c8b2472488","first_party_compiled","ok"
"管理端","pageChain/brand/index.wxss",".wxss","2216","91","5a7889b047c4cf54a228e7fa5844eeeb8411ef8d1124202f8ef02a6767864be4","first_party_compiled","ok"
"管理端","pageChain/card/card-subject/index.js",".js","8405","267","7e5ad19493edd3599f39f914b8dd12f0b84a4864cc6a9ab64a3da61998adb3a7","first_party_compiled","ok"
"管理端","pageChain/card/card-subject/index.json",".json","624","16","b96e097fbc36b8a2682ef1ba6a6eb4a10c85b0eda2f54236cdddcecee5e65e0e","first_party_compiled","ok"
"管理端","pageChain/card/card-subject/index.wxml",".wxml","9719","99","31b98e935da65b73d6a5730c8500c55171413cfa9c455ff8bd457f74f9a61dff","first_party_compiled","ok"
"管理端","pageChain/card/card-subject/index.wxss",".wxss","25042","941","4a413b76d0fbc90a69ed4b4e085465372e9084d2ab1e19c00c3c72fe2e6690c5","first_party_compiled","ok"
"管理端","pageChain/card/components/create-mode.js",".js","2810","116","05b54661391a7c980e651a2f66bb06e2853384868651ad5650d166d0bbf310c9","first_party_compiled","ok"
"管理端","pageChain/card/components/create-mode.json",".json","161","8","f36e55140eeb0410a1d521af6dad794186af20cfa437767c8f34da032b82e8ec","first_party_compiled","ok"
"管理端","pageChain/card/components/create-mode.wxml",".wxml","864","12","aca664d1c185304b31cfc41ed0a25d4caaed10e2c97d627502b8bc45b1578e6f","first_party_compiled","ok"
"管理端","pageChain/card/components/create-mode.wxss",".wxss","522","26","78d5a62fc23fcb7a03070785882bf56b731d1d11bb1f15d51f8f0102c374f056","first_party_compiled","ok"
"管理端","pageChain/card/create/create.js",".js","2903","110","a315f5571d5a1f5d2c9c3c74b4f4a1a89efda34f856ac83ffbf05a6a11ef724a","first_party_compiled","ok"
"管理端","pageChain/card/create/create.json",".json","247","9","c3f9da3f885230f9f2d645c1355f8cf3494d272dd08eba4c8164a7c8cba75b8c","first_party_compiled","ok"
"管理端","pageChain/card/create/create.wxml",".wxml","2061","30","86d3d94205a5167403ed662db2d3aaa88bb315fbb3fed8461559781cfa733913","first_party_compiled","ok"
"管理端","pageChain/card/create/create.wxss",".wxss","797","36","05c023c1bdc2613782a6909f7d2c9b93da462e25cf51d7ef38b6cdfb4c717369","first_party_compiled","ok"
"管理端","pageChain/card/home/home.js",".js","10968","323","6ca9c7dab7c13e7b2f5dea69f92d7c2f01274f14c6291f52af6282e7b49411f0","first_party_compiled","ok"
"管理端","pageChain/card/home/home.json",".json","667","16","60ff1aad648fd2ac312105fcc3b84bfcabecbfe40d9e2e3fad5a33d36eec75dd","first_party_compiled","ok"
"管理端","pageChain/card/home/home.wxml",".wxml","5887","74","5c0489dcd3cd4411d8ac6e5fe224f492223f8c2ff941b94a00aa0e68895539bb","first_party_compiled","ok"
"管理端","pageChain/card/home/home.wxss",".wxss","5165","252","ccdf766f5cb0ea5fabe6f6f26afdb5da200bd777741b9b3c878d5cf4f9997fce","first_party_compiled","ok"
"管理端","pageChain/card/home/subbranch-home.js",".js","9742","294","9bf67092942c2f11d7f981f50794249898dde1f9df2cfe37beca65a4c6006dd4","first_party_compiled","ok"
"管理端","pageChain/card/home/subbranch-home.json",".json","727","18","92e4f2cdf671480046c54b7879c828aedf3cd2dea53dda442155ece1848c85d8","first_party_compiled","ok"
"管理端","pageChain/card/home/subbranch-home.wxml",".wxml","8111","87","1b227a1c65d7df1c86ab0b5f23e81f47b336e4f5111e70a72675c954f16be930","first_party_compiled","ok"
"管理端","pageChain/card/home/subbranch-home.wxss",".wxss","5072","229","59ab8cbf55fd3605d4f1c0a0cf20f6af7cd7eb68c54d241650d0bbfae2c279d4","first_party_compiled","ok"
"管理端","pageChain/card/setting-more-subject/index.js",".js","16291","449","0ab566a588ccd204ee27b607b326f0410c2406025973feae2a64458edc1c4d4a","first_party_compiled","ok"
"管理端","pageChain/card/setting-more-subject/index.json",".json","562","15","269199912d2f534a4eec6b14f24d4fc0374662902ecf0bca4e06afcd9c11fd64","first_party_compiled","ok"
"管理端","pageChain/card/setting-more-subject/index.wxml",".wxml","4652","40","0d826961515e176cce62027e90d2c87ae9879e3fed1bf2e95319352d56d8bcb1","first_party_compiled","ok"
"管理端","pageChain/card/setting-more-subject/index.wxss",".wxss","20128","921","a659e25c47a8d094988e8b1058234fc7e072687ba946cae4472069fc4670e54b","first_party_compiled","ok"
"管理端","pageChain/card/setting-single-subject/index.js",".js","18320","499","a853cb9baccd22f0d52c5e97730ea56525b7665039602a631a45b8068b7468d8","first_party_compiled","ok"
"管理端","pageChain/card/setting-single-subject/index.json",".json","836","19","29ac75c69a5b4fdfcc7bb3f3e79bfea19fb3100f32d2bc9b94053da61707f4c5","first_party_compiled","ok"
"管理端","pageChain/card/setting-single-subject/index.wxml",".wxml","6277","55","3039a58880198955df1ac86c5eb0de5c7000a5dced6f2a1b7802b699364fe528","first_party_compiled","ok"
"管理端","pageChain/card/setting-single-subject/index.wxss",".wxss","21095","969","6198a1172f72b5e913b2ee86637cf9e184650813a2877f18bf1eda058a3dc016","first_party_compiled","ok"
"管理端","pageChain/cardStatistics/components/businessdata-money-popup.js",".js","4217","153","1bc28b8b938032525d6a62852a320bc0a2e88e9f9380da7d335d4fa704afad8f","first_party_compiled","ok"
"管理端","pageChain/cardStatistics/components/businessdata-money-popup.json",".json","274","10","ee7d58a0db72f3d7c9786dccdd9d40f0cef25fe9b07bd5d2090a91bb836f5ecd","first_party_compiled","ok"
"管理端","pageChain/cardStatistics/components/businessdata-money-popup.wxml",".wxml","1492","18","2bb3b01d04885d546ff8520315aedba613fa1fbb7d7c39b6a1883d074e2efc5e","first_party_compiled","ok"
"管理端","pageChain/cardStatistics/components/businessdata-money-popup.wxss",".wxss","446","19","307ddf392041f48ec0b8e7438cc9c56afc65ad1338882b097b65aac164c4b3ff","first_party_compiled","ok"
"管理端","pageChain/cardStatistics/detailed-records.js",".js","12921","388","0ccfa5982483448eae03660c274fb33bea0f36f96eccc92de631370d4d6b76e4","first_party_compiled","ok"
"管理端","pageChain/cardStatistics/detailed-records.json",".json","899","20","8fe2a7185f40e4551fb3b2bc7bdca4fd21164e62ffb6a51bc282b2dd6370eec7","first_party_compiled","ok"
"管理端","pageChain/cardStatistics/detailed-records.wxml",".wxml","12693","138","579ee197b1cea3a978ed04cea00086a99457330315523658c99a13e4278c6cdf","first_party_compiled","ok"
"管理端","pageChain/cardStatistics/detailed-records.wxss",".wxss","24225","1089","194845868867baf3b6c32733fdc15b61f83c67589586858d20b4d9c50257c021","first_party_compiled","ok"
"管理端","pageChain/cardStatistics/index.js",".js","15350","445","d994e5a14ab68c783cb51b0b614d73625727aa39ce4d9fd2cd877a933f192697","first_party_compiled","ok"
"管理端","pageChain/cardStatistics/index.json",".json","1046","23","43cc56fd92dc131b5cab9e88af5e7bf90035939f5e99de5aeeab9573741d9b2c","first_party_compiled","ok"
"管理端","pageChain/cardStatistics/index.wxml",".wxml","17543","194","f5ac69ec7b2ec1a23dc49774db3b2d2c3d6747261c079d7cdf61469baef7e3fc","first_party_compiled","ok"
"管理端","pageChain/cardStatistics/index.wxss",".wxss","39210","1772","a16c033382842865ec3fb2bc2d61c96667e3f542dcdcf7819b6f59938bdd4f2f","first_party_compiled","ok"
"管理端","pageChain/components/courseSelect/deductionDays.js",".js","4042","145","1f3307a1cb6ffa394fa4b33744e38cce7044976e6f181949ca7f5c6689dbd18f","first_party_compiled","ok"
"管理端","pageChain/components/courseSelect/deductionDays.json",".json","402","12","e7df46e432a62ca67d0b1ab3b9f2fdeabd1b12b9a12f25081bd54b9a884dcea4","first_party_compiled","ok"
"管理端","pageChain/components/courseSelect/deductionDays.wxml",".wxml","2577","19","d1d5e09eb30ca2cf8bbfcffd13636b3e5a9269b75f22e22ea73b1914ba0f27f1","first_party_compiled","ok"
"管理端","pageChain/components/courseSelect/deductionDays.wxss",".wxss","1155","56","b260210ee89a842cb9959ff91c8487c61be0cf726560d485afd1ed4af7196022","first_party_compiled","ok"
"管理端","pageChain/components/courseSelect/more-grcl.js",".js","5312","193","81b74b156cf6d8ff0fabb48d2ba2baaf5dfbfdd42f2fa8124e22bbb07bf8e083","first_party_compiled","ok"
"管理端","pageChain/components/courseSelect/more-grcl.json",".json","176","8","1effbc98ae54aacb8f85e58302a58c4b89c0aa42c9185fc800d270b5e69e6f95","first_party_compiled","ok"
"管理端","pageChain/components/courseSelect/more-grcl.wxml",".wxml","2558","28","1520ed9b305126ae6b3f7c1cce305c3da202c434b598ac8fdf4d7edda9740e42","first_party_compiled","ok"
"管理端","pageChain/components/courseSelect/more-grcl.wxss",".wxss","5489","154","0ce24e503d2a74446a501bec1fcb208bdf9130e05122b16faa4401dbf68324d8","first_party_compiled","ok"
"管理端","pageChain/components/courseSelect/more-priv.js",".js","4951","182","a66e4315f3f86c1727fd09e26bedbf3fd52cc741a7bf6902a0e980ba7bcf161c","first_party_compiled","ok"
"管理端","pageChain/components/courseSelect/more-priv.json",".json","176","8","1effbc98ae54aacb8f85e58302a58c4b89c0aa42c9185fc800d270b5e69e6f95","first_party_compiled","ok"
"管理端","pageChain/components/courseSelect/more-priv.wxml",".wxml","4072","40","a50b1e6aef82574ae14a0668b040a961a60a323ad1f5f12a9f4b84e98a5f2612","first_party_compiled","ok"
"管理端","pageChain/components/courseSelect/more-priv.wxss",".wxss","5317","148","34a4534b8dea0b9b3c0d88060946ef5b20b5baffad6042c520c471d4318f30d2","first_party_compiled","ok"
"管理端","pageChain/components/courseSelect/single-grcl.js",".js","5538","196","671db1df004d5e65b07959161922d3632c95ef7f6dbca40d8554da9e5bcd88f1","first_party_compiled","ok"
"管理端","pageChain/components/courseSelect/single-grcl.json",".json","228","9","c209f57491eb0290c65efd03a280014f47d8095cbde04070611011f37a1a9448","first_party_compiled","ok"
"管理端","pageChain/components/courseSelect/single-grcl.wxml",".wxml","3363","33","106832a08d12121e68a6eba982e3638883f6665273ff9530bbe75bf8aafc15ff","first_party_compiled","ok"
"管理端","pageChain/components/courseSelect/single-grcl.wxss",".wxss","5637","160","1e380dc1247179366cd99624ba0a192717ed3c53c3e2a597259ba4d9de85f30b","first_party_compiled","ok"
"管理端","pageChain/components/courseSelect/single-priv.js",".js","5626","200","4eea428d10c57b751407a3d90ba3d8b4a3f593aa98adc754d110a5e488c6391e","first_party_compiled","ok"
"管理端","pageChain/components/courseSelect/single-priv.json",".json","228","9","c209f57491eb0290c65efd03a280014f47d8095cbde04070611011f37a1a9448","first_party_compiled","ok"
"管理端","pageChain/components/courseSelect/single-priv.wxml",".wxml","5707","52","bc5f1ac53b0c1aff07af947035d0d71d44f849e1538db1ff275f0c4f0f7e6844","first_party_compiled","ok"
"管理端","pageChain/components/courseSelect/single-priv.wxss",".wxss","5387","151","1661194a85f8407fa1bf7057843381dee1a10b182aee9852b8d2c3e3304c5f57","first_party_compiled","ok"
"管理端","pageChain/configStaff/index.js",".js","6945","224","5a2932313a52993e89021e1535cd646a09dc50d0cb3f2363a53e3ec4e95feaaf","first_party_compiled","ok"
"管理端","pageChain/configStaff/index.json",".json","414","13","c5530bc07ab238fedf19eb469283eb4ed721546bbfdb39115364e5198ad70918","first_party_compiled","ok"
"管理端","pageChain/configStaff/index.wxml",".wxml","7423","82","506e1f397144754f3ebdec625daa402abac12a008ff22391b8ff3fe247c2e69f","first_party_compiled","ok"
"管理端","pageChain/configStaff/index.wxss",".wxss","7324","366","beb24f02879f041015bd591c52e0e1873970aedd28f9a42a8c20818d7793ace3","first_party_compiled","ok"
"管理端","pageChain/configStaff/staff-edit.js",".js","14903","407","e6a0a360930c4694fef2d21261d20edd72d040ab7b0f95613161a8c597dd7e0c","first_party_compiled","ok"
"管理端","pageChain/configStaff/staff-edit.json",".json","816","19","5146d2dd5ec471cde93b030d6c52f06cf26b82e4c50340754d100b2a76dc4a7b","first_party_compiled","ok"
"管理端","pageChain/configStaff/staff-edit.wxml",".wxml","5983","53","fd8c3bc00e415c146faabf4c8bac3c2d99f2e256cd1b6c6867a9ffde208dd565","first_party_compiled","ok"
"管理端","pageChain/configStaff/staff-edit.wxss",".wxss","4521","179","b03da15f2ad3e3f8bc86706946ee47bdb677c145073fef991a80996400720c1e","first_party_compiled","ok"
"管理端","pageChain/courseStatistics/compontents/calendar-month.js",".js","3514","137","b90a2d76cddfbed3684796188e4571b3f108b3e5502a7db517f62fc8cce6985c","first_party_compiled","ok"
"管理端","pageChain/courseStatistics/compontents/calendar-month.json",".json","213","9","61ec04f59cb62bd0fedf0d323362fa9ae51f7e21d1df86bf2c93729b143f9502","first_party_compiled","ok"
"管理端","pageChain/courseStatistics/compontents/calendar-month.wxml",".wxml","1694","22","4975f949d94dc2a452629c578485340bacdb1463e859f0b19616854cbe3ae072","first_party_compiled","ok"
"管理端","pageChain/courseStatistics/compontents/calendar-month.wxss",".wxss","1189","43","e5dd1066439259a3ce7be98dbed471dcd3ef8a11efaf05124682bf2fe11ae6c4","first_party_compiled","ok"
"管理端","pageChain/courseStatistics/detailed.js",".js","15248","456","f1e3095ebbf79c47810491585ecfe5578ae31f6dbb7fb7f6481c210d7fd04ba0","first_party_compiled","ok"
"管理端","pageChain/courseStatistics/detailed.json",".json","538","14","799f9da2404952ae34695b204265e4384eca98542d73bc2947bc8b2d02c76a58","first_party_compiled","ok"
"管理端","pageChain/courseStatistics/detailed.wxml",".wxml","17004","195","9092a4804d4417339445aa42d968181cb54780ae860dfc870f38fad52601d42a","first_party_compiled","ok"
"管理端","pageChain/courseStatistics/detailed.wxss",".wxss","18584","1046","7c7e11bf55368fab897fe32c7e20f7eab57df928c2493c23d6e7d748e55bbfd5","first_party_compiled","ok"
"管理端","pageChain/courseStatistics/index.js",".js","8835","281","116fbf8a046b5b3be84fbd07a52847f216db1c8a7812428adf0fb5d3b5df6cd7","first_party_compiled","ok"
"管理端","pageChain/courseStatistics/index.json",".json","442","13","3ef45bb62a7cfdb3d5d8c774de9056d7be676b2f9a75d770f938544d052df53b","first_party_compiled","ok"
"管理端","pageChain/courseStatistics/index.wxml",".wxml","4379","59","8874b6df9bf421f047ef6fd610edad9121a09dc4035e766d8c9311e594c97bc0","first_party_compiled","ok"
"管理端","pageChain/courseStatistics/index.wxss",".wxss","5412","277","f24c5d396daa8fe966d45836f9c7d9789ba1ea725a05a3c3abde2736a123fde7","first_party_compiled","ok"
"管理端","pageChain/instructions/index.js",".js","3817","139","88c5e928a0738aab2043bbc923fa676eb51eabb01dc45884278a0f5e2d01e9a7","first_party_compiled","ok"
"管理端","pageChain/instructions/index.json",".json","310","11","e7192aab89f60ed48927a077f04e00149406a11e826950043b46b60bf63b9d27","first_party_compiled","ok"
"管理端","pageChain/instructions/index.wxml",".wxml","5978","84","f612ebcab2b9d07435d150573eeabd6141f560e8e397871f859055059ec53c78","first_party_compiled","ok"
"管理端","pageChain/instructions/index.wxss",".wxss","1580","74","6a4971113f71be62b339dba3234a1bd4d19654c8fbff1d75acb64eae286f7fef","first_party_compiled","ok"
"管理端","pageChain/storesManagement/index.js",".js","12394","369","40cebd0d8c9a1319949e3a2d9d6e012496c07c7a1f8b2e3bdaea9d0f2271aa3f","first_party_compiled","ok"
"管理端","pageChain/storesManagement/index.json",".json","599","16","61f205028a0444e6166ad173eb3a70eb9b986822874adb6f83cb8fdc5d9691f4","first_party_compiled","ok"
"管理端","pageChain/storesManagement/index.wxml",".wxml","9337","108","9e06d5f362bbbf5bae77253dacb82ccff471478171b32503468abd077582fa8f","first_party_compiled","ok"
"管理端","pageChain/storesManagement/index.wxss",".wxss","5648","263","49f1f88b3e780afc86217feb383f835626f04bb824024d0917e7162d73bfe559","first_party_compiled","ok"
"管理端","pageConfig/.DS_Store",".ds_store","10244",,"1a4a19dd4f7c3afe53a36fd249caac3415a24e0e345a4048ec61e95fbcd90f56","metadata","binary"
"管理端","pageConfig/app.wxss",".wxss","0","0","e3b0c44298fc1c149afbf4c8996fb92427ae41e4649b934ca495991b7852b855","first_party_compiled","ok"
"管理端","pageConfig/appointment/index.js",".js","4684","159","dd3cb19413c1d6a9dcfcfbcfa28c36c4da61c6be9b92776f1cb62f1191686800","first_party_compiled","ok"
"管理端","pageConfig/appointment/index.json",".json","284","10","fdd491b271ba576c9e8271ef70da9497a994cd3faa7ef7c925f2259a2b8d28f2","first_party_compiled","ok"
"管理端","pageConfig/appointment/index.wxml",".wxml","3972","55","93d569458d030c1ad42b79ae80e45ee82e70f23f2efb57479300f2abaa8d3b13","first_party_compiled","ok"
"管理端","pageConfig/appointment/index.wxss",".wxss","5239","85","cac61246beb2485cd2c33a056b166e3f7a4e6e2e89a139c3dbf21e929e9589fd","first_party_compiled","ok"
"管理端","pageConfig/appointSetting/index.js",".js","13234","355","a412260da1bf33506fb14dbfbb5b42a1d2189927a480cd310414375a6f2c9461","first_party_compiled","ok"
"管理端","pageConfig/appointSetting/index.json",".json","709","18","a6fbeecb99ae8f33d74e2f3a171fca2725e3548ef12c0fdce8a2b0d78f033200","first_party_compiled","ok"
"管理端","pageConfig/appointSetting/index.wxml",".wxml","27916","255","88b5f6dba0ff6e918d1a36fa3778e82f9d1a29ecea8b01230841eedb8a74fa06","first_party_compiled","ok"
"管理端","pageConfig/appointSetting/index.wxss",".wxss","9133","256","c98893a15bbaaf3dfe745d1abb257b901f0882af91fa8be36df7afd96f13af36","first_party_compiled","ok"
"管理端","pageConfig/coachLeave/coachLeave.js",".js","8156","246","78c71bdb114c5eb845eefa145f297683042e70d100c81ba1a1a995e21e30bc15","first_party_compiled","ok"
"管理端","pageConfig/coachLeave/coachLeave.json",".json","438","13","9a7cd755d31841843bff80cb56c8209fbdc48638fda1819a8acff7db5ee7f373","first_party_compiled","ok"
"管理端","pageConfig/coachLeave/coachLeave.wxml",".wxml","5039","69","f10bff92fd352dc97fe3066a29cad36eb5c32901757a375f09e303ede680a269","first_party_compiled","ok"
"管理端","pageConfig/coachLeave/coachLeave.wxss",".wxss","2857","127","a6287d55c3ed7d1a2ddfbf27c95977765c291265baf20ef658a7ae53b75f834d","first_party_compiled","ok"
"管理端","pageConfig/coachLeave/editLeave.js",".js","11893","340","90875e8ac1dad32c7982756618e069844c52278b94a601268e103f3cb34e077e","first_party_compiled","ok"
"管理端","pageConfig/coachLeave/editLeave.json",".json","592","15","3860922c7fc6da92840ad921cd3dac74cc1418af234c633cfb7190a4285e67c4","first_party_compiled","ok"
"管理端","pageConfig/coachLeave/editLeave.wxml",".wxml","8457","90","e972ee12c624d2d23621397e90476b7ee4974f407433595fe3f32f8336af1944","first_party_compiled","ok"
"管理端","pageConfig/coachLeave/editLeave.wxss",".wxss","4049","180","775b7c00a8c64aa572c790c549ff9074aa91d92f4158285b11c3768f92b2625b","first_party_compiled","ok"
"管理端","pageConfig/coachLeave/index.js",".js","6653","205","15f5a0b082aa99ad5cfb3f0538d3eb38cb42d9418c4cf7fffcb307ae2576f263","first_party_compiled","ok"
"管理端","pageConfig/coachLeave/index.json",".json","388","12","36f4c0390c118888c5da2450adf6d8d46ac70d093252a60a8aaba455b667de83","first_party_compiled","ok"
"管理端","pageConfig/coachLeave/index.wxml",".wxml","5329","73","4d96e7989f468d097f14e5bc9270edf7f16f83cb91235e23453176f2c37acbe3","first_party_compiled","ok"
"管理端","pageConfig/coachLeave/index.wxss",".wxss","3966","183","78cc72de36f4afc7aa3663082277ab31b1d668648bf3cc5bb071b5f32a88d43a","first_party_compiled","ok"
"管理端","pageConfig/common/vendor.js",".js","8344","258","f2c65ed2e53d034dabcac767aff234c003e75af9a8d8b2144543c3195d994f5e","first_party_compiled","ok"
"管理端","pageConfig/components/confirm-modal/index.js",".js","2905","112","154cb1401ace02dc470655ecd90c28461f5ad4ceff8a86412d84257d6305190f","first_party_compiled","ok"
"管理端","pageConfig/components/confirm-modal/index.json",".json","167","8","e20f3191e6b67c30e935c53115c518f7bf637e8dbc53fabf2217f38a77061559","first_party_compiled","ok"
"管理端","pageConfig/components/confirm-modal/index.wxml",".wxml","625","12","ab5667bfff938b3d3dbe0ecfab651bfb2dbf3fa2e6c9e9e111a17e825e486ea3","first_party_compiled","ok"
"管理端","pageConfig/components/confirm-modal/index.wxss",".wxss","825","40","91b61a0a287c5195878ccd65cba10c2caa69b2ed584fc489b2bc8ca377413b8c","first_party_compiled","ok"
"管理端","pageConfig/components/fixed-btn/index.js",".js","2367","95","b65949def80af47acc9f40a1790a66f6f2d90e14345529805226aa37e482b750","first_party_compiled","ok"
"管理端","pageConfig/components/fixed-btn/index.json",".json","112","7","dd1d5510e387f6560f9f37b98c86e4f31cb6d9b00ea6fed32dc33283f71755dd","first_party_compiled","ok"
"管理端","pageConfig/components/fixed-btn/index.wxml",".wxml","360","11","1ea02dbdf3a58dc2220f8ca746b43f762a215f29c381c713d2737f9f47c5e2d9","first_party_compiled","ok"
"管理端","pageConfig/components/fixed-btn/index.wxss",".wxss","666","32","83ee70c754cdd9bbfd781ecb2c25f7a00c0ee87b3763010bca7b28da86eef18b","first_party_compiled","ok"
"管理端","pageConfig/components/kindReminder/personalCourse.js",".js","2680","101","c553c18abe7a4189bf17ddb631fe3eb84799ccd65906194d38772eddceef665b","first_party_compiled","ok"
"管理端","pageConfig/components/kindReminder/personalCourse.json",".json","167","8","221a6f6cb1ea87882cfc87ff0732dd6a25a82a576ca2b900bb4532551fc655bf","first_party_compiled","ok"
"管理端","pageConfig/components/kindReminder/personalCourse.wxml",".wxml","3105","73","717f885d5f36e7b32846460a237afdc23d31b0428e6f04b089dd4b39390f9e68","first_party_compiled","ok"
"管理端","pageConfig/components/kindReminder/personalCourse.wxss",".wxss","5218","243","b6804e52ac8d63eec095c6b3e42af07ff03fb00cb2b8336824d563aa6def8f9d","first_party_compiled","ok"
"管理端","pageConfig/components/kindReminder/teamCourse.js",".js","2666","101","bb629cdbf7eef125173749e326c4239d8c53a8c571b984e608fbf4a8828c6e63","first_party_compiled","ok"
"管理端","pageConfig/components/kindReminder/teamCourse.json",".json","167","8","221a6f6cb1ea87882cfc87ff0732dd6a25a82a576ca2b900bb4532551fc655bf","first_party_compiled","ok"
"管理端","pageConfig/components/kindReminder/teamCourse.wxml",".wxml","2682","61","766095772b45815bfe893865fece26e5458d2dd0511efdd9c6d0e2da1875b3a9","first_party_compiled","ok"
"管理端","pageConfig/components/kindReminder/teamCourse.wxss",".wxss","3717","180","035f19650cf84567c4df94a54e66316eccd2fbdd4a9fb8f95c4ae5b23bcd2e9d","first_party_compiled","ok"
"管理端","pageConfig/components/select-time.js",".js","4216","149","ba20532de7d253413090410aa9149afbde44a0d278b685a6a9a55dda0cbb6922","first_party_compiled","ok"
"管理端","pageConfig/components/select-time.json",".json","219","9","f93ffe247a6e575479e3516920ff391c66e7711b13007a0d4c172663d749919d","first_party_compiled","ok"
"管理端","pageConfig/components/select-time.wxml",".wxml","2167","27","04b7f58809d8f70211de89cf7998ff8b8a7c879613e30ede9950f0101e92dcf6","first_party_compiled","ok"
"管理端","pageConfig/components/select-time.wxss",".wxss","323","15","526ce47f82029747730902aadd4cbed52accc4d26d0f817b0b981f0dff4cb10a","first_party_compiled","ok"
"管理端","pageConfig/components/top-hint/index.js",".js","2453","98","f5468e1efa15621223c74517bba2c7befd9d69d458970b61e3cf9f10fe3daf59","first_party_compiled","ok"
"管理端","pageConfig/components/top-hint/index.json",".json","164","8","a4a1796bedd598923dcd4e92db8b25d672194470d65c8644423291463bf40202","first_party_compiled","ok"
"管理端","pageConfig/components/top-hint/index.wxml",".wxml","292","9","798cbc8960dc9e135cfe04f6036181e6e0836904e50c0a90668439b45e0eeaf5","first_party_compiled","ok"
"管理端","pageConfig/components/top-hint/index.wxss",".wxss","327","18","75fd61469054f00ef78b9b51487e4db5003df4e06003cf48faf1946497d9bc75","first_party_compiled","ok"
"管理端","pageConfig/displayHide/index.js",".js","11819","348","ed32e06a3c658c9474b9e351b97d469dc2ba9fcc11e25de361f598f9ba0fba02","first_party_compiled","ok"
"管理端","pageConfig/displayHide/index.json",".json","632","16","493fcc7d5d3feb878a3d7b366b076a7ee850de998a43f1fc1f5eb8aeca8ab72d","first_party_compiled","ok"
"管理端","pageConfig/displayHide/index.wxml",".wxml","11680","131","69339d9c0d7f23f064779c73887c3ad2d6ae8ca281ba0ad9ae893f65bd29298c","first_party_compiled","ok"
"管理端","pageConfig/displayHide/index.wxss",".wxss","10023","293","c1d1cb61ca01603c4486845102914db653c61547dee5a648c7f3005aefe8f484","first_party_compiled","ok"
"管理端","pageConfig/embershipAgreement/editAgreement.js",".js","7799","230","d86cf058942b12634e63af74cb700369771f6958c91390cccfb823c8a84aae6f","first_party_compiled","ok"
"管理端","pageConfig/embershipAgreement/editAgreement.json",".json","345","11","9bc28e9b4834d45b7c8bae5b7a63cbc50fb7a14d035c34e90fc583708032e931","first_party_compiled","ok"
"管理端","pageConfig/embershipAgreement/editAgreement.wxml",".wxml","3647","45","36729778886381f6bd8b40cf611a06ca74fba9256fb95010e6eb8f570298251b","first_party_compiled","ok"
"管理端","pageConfig/embershipAgreement/editAgreement.wxss",".wxss","15544","337","c6aa1508da3617fa505b6bb123464feaa120665f2fa6ccb91b48205156801f31","first_party_compiled","ok"
"管理端","pageConfig/embershipAgreement/index.js",".js","4352","149","3e4804e69d4523152521f9c81c7b08e4ef303291381dc29136ce9e85a0e5ff69","first_party_compiled","ok"
"管理端","pageConfig/embershipAgreement/index.json",".json","413","13","8f29cf6ba3dbeefa333d8021ab80e19831f05f693975a7541f2222695bcaf93d","first_party_compiled","ok"
"管理端","pageConfig/embershipAgreement/index.wxml",".wxml","2214","31","9d66f3fb2cd93dc796438fb1cf0b333b1a8fc26b6d73484b548553c52a99e8fb","first_party_compiled","ok"
"管理端","pageConfig/embershipAgreement/index.wxss",".wxss","2299","100","46ebc021dc215319e86d93036e1806fa6e8df6d8e3b092afbc8633f8b40fe969","first_party_compiled","ok"
"管理端","pageConfig/memberConfigCourse/index.js",".js","5724","185","70c4cee57f42860f0399ead0a0c5417288324f642520e2072b4267526dc3c64f","first_party_compiled","ok"
"管理端","pageConfig/memberConfigCourse/index.json",".json","284","10","fdd491b271ba576c9e8271ef70da9497a994cd3faa7ef7c925f2259a2b8d28f2","first_party_compiled","ok"
"管理端","pageConfig/memberConfigCourse/index.wxml",".wxml","6561","108","84547ce1e95a71ef99f388dc0421ee6db9fe34e035b718524f7f8ae6d56b0f5a","first_party_compiled","ok"
"管理端","pageConfig/memberConfigCourse/index.wxss",".wxss","3508","161","f251e103db3cbf74b221a02ce9f6be60f22d86063ce3518f77ce412d74ab9886","first_party_compiled","ok"
"管理端","pageConfig/memberConfigKindReminder/editMemberConfigKindReminder.js",".js","10545","291","58bd8782b0cbfc14f518ebf3255af781db0d6c2c811371019050b7cc34322c72","first_party_compiled","ok"
"管理端","pageConfig/memberConfigKindReminder/editMemberConfigKindReminder.json",".json","374","12","3df0bcd60b03de0a8df7e6383e9b8c42a675073f3d8b4d07beb85575dced30fe","first_party_compiled","ok"
"管理端","pageConfig/memberConfigKindReminder/editMemberConfigKindReminder.wxml",".wxml","3794","48","df1c2bb25c2cbb336fd85367cb71997f1fa3ae8b258e0dcf7cb670f44c3212c1","first_party_compiled","ok"
"管理端","pageConfig/memberConfigKindReminder/editMemberConfigKindReminder.wxss",".wxss","15876","354","3a0efcf1b25f44ca227df213451938d62d001747696ff75aad1c5b6afed60964","first_party_compiled","ok"
"管理端","pageConfig/memberConfigKindReminder/index.js",".js","6489","206","273228dad4081719fa76a760ab75aee576c62615eddfaeb50b2fa6d5fc49aa16","first_party_compiled","ok"
"管理端","pageConfig/memberConfigKindReminder/index.json",".json","594","15","4b2d3712827d8e279e1da55e169df6610c63e490e270a176e786c35b26cd0f48","first_party_compiled","ok"
"管理端","pageConfig/memberConfigKindReminder/index.wxml",".wxml","2455","34","3e95a48b74ef86856b033e25e0d63a999eeccad32e5d3cb3031ff821f4237a02","first_party_compiled","ok"
"管理端","pageConfig/memberConfigKindReminder/index.wxss",".wxss","914","50","74ab032bf1c5f7ec5ee0bba0877cac4f8248cba5121fe912f246109fadd3f408","first_party_compiled","ok"
"管理端","pageConfig/memberConfigShow/editMenberConfigShow.js",".js","11155","314","ecb4cb0d75942cf074ffce05eb48f0f280fbba33183f5caa46da3e6fb725955f","first_party_compiled","ok"
"管理端","pageConfig/memberConfigShow/editMenberConfigShow.json",".json","427","13","98c95efef0d5908dd0da75e945f08b674bb493ad0b9fab7df85c955754cc25ac","first_party_compiled","ok"
"管理端","pageConfig/memberConfigShow/editMenberConfigShow.wxml",".wxml","2617","46","34f4332af87e7ade055644b046402cd36f5b76051e490628b33f8c65b46fec46","first_party_compiled","ok"
"管理端","pageConfig/memberConfigShow/editMenberConfigShow.wxss",".wxss","1352","71","e6ac6d8f52b32755e6e6b9441e7142a796187fce17d93a6f41dbc88a480fb0d1","first_party_compiled","ok"
"管理端","pageConfig/memberConfigShow/index.js",".js","5713","182","245f88f6f9fc3a2d05d152e6669d455ef6521bfad3ec3a0a6f3f7e7dc1a70d5f","first_party_compiled","ok"
"管理端","pageConfig/memberConfigShow/index.json",".json","454","13","31be1329327efb878dfb1c4adca930f4ef253b4a0ff8b3d57662d28538acf1ba","first_party_compiled","ok"
"管理端","pageConfig/memberConfigShow/index.wxml",".wxml","1960","27","d74b605ca2ab12b9ab58503b76cee901b2772019024087949c94de560dd93f52","first_party_compiled","ok"
"管理端","pageConfig/memberConfigShow/index.wxss",".wxss","1192","61","249c3dd450c112d78f26e77b28b674b5e40d7eff1452e4c7235c162e650a33ed","first_party_compiled","ok"
"管理端","pageConfig/membership/index.js",".js","8637","250","378e5a4e9e963f50160873797ce3ce8b3458c8a6aa0036bdf34d2a381a4f060b","first_party_compiled","ok"
"管理端","pageConfig/membership/index.json",".json","565","15","19eb713cb59f5f6eaf3b3095cd05a37b417ac855d7e883c7d0b663075301b61a","first_party_compiled","ok"
"管理端","pageConfig/membership/index.wxml",".wxml","4565","50","17ad7903523b0e1398930281fa92fc8237d18ab85aa2d35d84f253dbf291de01","first_party_compiled","ok"
"管理端","pageConfig/membership/index.wxss",".wxss","3845","166","caddfd088f9d487f37a43e073b003cabd32f3deae188459e2ef7a4588c1b77ec","first_party_compiled","ok"
"管理端","pageConfig/notificationManagement/index.js",".js","9037","268","dcd3e28f94018ae9a4ab2efadc5f722dfdb654be1c55be94f6450a352bc4c947","first_party_compiled","ok"
"管理端","pageConfig/notificationManagement/index.json",".json","661","17","a7716db54b66ca43a59987e9efd7f16e09021045cbdb8379657055a05d2af21f","first_party_compiled","ok"
"管理端","pageConfig/notificationManagement/index.wxml",".wxml","5840","80","156c147733564af0a20d81d2cb3cbdb141f4474bf0af5ffb981d6bbf2d3743a2","first_party_compiled","ok"
"管理端","pageConfig/notificationManagement/index.wxss",".wxss","5734","275","65fa174a59e566f3531a797a1cf4eb742c9c38e909369dfb913b4433fe721c79","first_party_compiled","ok"
"管理端","pageConfig/notificationManagement/notification.js",".js","10289","291","92ee44ea18ce7e65e0d9b0bf6f5031c625c1725427f50621b8a2483eade75982","first_party_compiled","ok"
"管理端","pageConfig/notificationManagement/notification.json",".json","351","11","e5b4181ac151c086fcbc5146b73b58b9d1f7c7f569824e4dc83fbbc6ac0a715e","first_party_compiled","ok"
"管理端","pageConfig/notificationManagement/notification.wxml",".wxml","5059","58","b8d6771e7579604a5fcb054bda017741992f99989c963523653061cc1fddaae5","first_party_compiled","ok"
"管理端","pageConfig/notificationManagement/notification.wxss",".wxss","3273","154","bebcbcada9c68296f1d2c12baae575338fe6716bb3cb700d4e2ce11b3b20faf5","first_party_compiled","ok"
"管理端","pageConfig/paySetting/index.js",".js","3831","136","26f395c545593ef96739f15174e4c08ef0a2a32c85358a753894bbb40105dbc0","first_party_compiled","ok"
"管理端","pageConfig/paySetting/index.json",".json","284","10","fdd491b271ba576c9e8271ef70da9497a994cd3faa7ef7c925f2259a2b8d28f2","first_party_compiled","ok"
"管理端","pageConfig/paySetting/index.wxml",".wxml","2504","33","1668ed7ce7f48c4370be581843f25077246198140970426c154974c5785671db","first_party_compiled","ok"
"管理端","pageConfig/paySetting/index.wxss",".wxss","1809","85","78927b96c26336e8300bec165e01f0b00b40f47f35a5289860f797aeb98ec5fb","first_party_compiled","ok"
"管理端","pageConfig/reminderSettings/index.js",".js","9960","295","8ec8ca7200b42af9d9ea9a72f7fb9d1ea0d540dd49e4a4d26312ab356a61306c","first_party_compiled","ok"
"管理端","pageConfig/reminderSettings/index.json",".json","501","14","7a972b9b2a83ebbd219a2253f9a7184c3df0ec726e003f29a6d2e0e0916947ee","first_party_compiled","ok"
"管理端","pageConfig/reminderSettings/index.wxml",".wxml","8461","97","a61746d4d3e8bff78e49e30cb88791929054fa52f237be5238d646ffb5277144","first_party_compiled","ok"
"管理端","pageConfig/reminderSettings/index.wxss",".wxss","11588","359","66c5f29ea92026813ffcbcc7775d5aecf09fa48dd18e8d7f7748fd5c00ad0a74","first_party_compiled","ok"
"管理端","pageConfig/shopReport/index.js",".js","14773","381","0aa316fbe09560c2500f7d8dd03f9ed2a025e209dcd7c7bb55d23b8b0660f979","first_party_compiled","ok"
"管理端","pageConfig/shopReport/index.json",".json","502","14","d602fb2151f9dc11d75ed3d03574767e45ac1bc2164fca5642fb91ee83644c56","first_party_compiled","ok"
"管理端","pageConfig/shopReport/index.wxml",".wxml","6548","93","b1a8530c22628190661b262d439cbdd10e1a6e72bf9c0c03416afe847b27e4d9","first_party_compiled","ok"
"管理端","pageConfig/shopReport/index.wxss",".wxss","3443","153","463ec832ae134bfb6f6dc19cdbef02fabdc3c3d23514cf4bc3c07bfa935906d8","first_party_compiled","ok"
"管理端","pageConfig/stopDoing/editStopDoing.js",".js","16944","449","e16d2bb30dac26b85a1197b3b3023a7c8e80923df95aa01b673838d7f5e2945c","first_party_compiled","ok"
"管理端","pageConfig/stopDoing/editStopDoing.json",".json","773","18","05cced35005cef70b7ab042fb2e177563ddc02c5a0e5e50e3996b9179fe6195e","first_party_compiled","ok"
"管理端","pageConfig/stopDoing/editStopDoing.wxml",".wxml","14616","138","65f7bf78cbca5d287e05009a28ccb2217e4b774efad395ae6bd1484dea18e5ab","first_party_compiled","ok"
"管理端","pageConfig/stopDoing/editStopDoing.wxss",".wxss","7116","302","b6d8bcbd5cea07748d3ced445c6ccb000b42032dd8a9a584b0e37a5c5210f532","first_party_compiled","ok"
"管理端","pageConfig/stopDoing/index.js",".js","8579","257","959b622074830460eff5398690f725e4ba27c87ff0438abe7c1143a83dc62c5b","first_party_compiled","ok"
"管理端","pageConfig/stopDoing/index.json",".json","601","16","e6e35877c1a4a08b37c69a817fa371074b95b4e73f4ef5f4fa01ae7b42807216","first_party_compiled","ok"
"管理端","pageConfig/stopDoing/index.wxml",".wxml","5699","77","9c2c21a071cdd41ab0e9912bc7761d62b73c2eb84839b5b993c0b2b98ee16b2a","first_party_compiled","ok"
"管理端","pageConfig/stopDoing/index.wxss",".wxss","3987","175","8e0df60e23a985459ab9602a25a9553899f21d5583ab59b845a1adf4af4e2d6a","first_party_compiled","ok"
"管理端","pageMember/.DS_Store",".ds_store","6148",,"8345a4735445d2df133b777a2d6c15cea9891c7e3ed09e3338b18390e9d4df89","metadata","binary"
"管理端","pageMember/app.wxss",".wxss","0","0","e3b0c44298fc1c149afbf4c8996fb92427ae41e4649b934ca495991b7852b855","first_party_compiled","ok"
"管理端","pageMember/common/vendor.js",".js","318","13","0ded4fa61b85615af5288c648e160986304b70289283ad7c9b0ccb5ee18b3566","first_party_compiled","ok"
"管理端","pageMember/components/addPoint.js",".js","7166","214","b4aa4d528922a7b73d9e13300cc46361bb9a57cef75f5090729c038fd5a5bc8f","first_party_compiled","ok"
"管理端","pageMember/components/addPoint.json",".json","274","10","ee7d58a0db72f3d7c9786dccdd9d40f0cef25fe9b07bd5d2090a91bb836f5ecd","first_party_compiled","ok"
"管理端","pageMember/components/addPoint.wxml",".wxml","2150","23","c93ce6949baae5ec83ba2e1f059fb590d46bda8fff0d90176b32579fc3c60bf0","first_party_compiled","ok"
"管理端","pageMember/components/addPoint.wxss",".wxss","586","30","767b53bce4a7ae4b9d9bc589bc645711a70487fbd05bd62fd5127dbf518d5836","first_party_compiled","ok"
"管理端","pageMember/components/businessdata-money-popup.js",".js","4966","162","a97b135f95132ce8451ade41de36d7884af652f40c1cd17ff0e16566ada6d8d0","first_party_compiled","ok"
"管理端","pageMember/components/businessdata-money-popup.json",".json","274","10","ee7d58a0db72f3d7c9786dccdd9d40f0cef25fe9b07bd5d2090a91bb836f5ecd","first_party_compiled","ok"
"管理端","pageMember/components/businessdata-money-popup.wxml",".wxml","1492","18","7dd5f03b501d0c288aab5af52571c8251e32accb0396aca7e27ececeab54280e","first_party_compiled","ok"
"管理端","pageMember/components/businessdata-money-popup.wxss",".wxss","446","19","bcb051f9c859c3520b6b0ffd87a2860046b7f19bf9ffc59728f490ff76627d92","first_party_compiled","ok"
"管理端","pageMember/components/calendar-month.js",".js","3711","137","b39a31f7e60be8f869c0e1db9664cf2fd7370ee51d29cc1e302ec816c08fded5","first_party_compiled","ok"
"管理端","pageMember/components/calendar-month.json",".json","213","9","61ec04f59cb62bd0fedf0d323362fa9ae51f7e21d1df86bf2c93729b143f9502","first_party_compiled","ok"
"管理端","pageMember/components/calendar-month.wxml",".wxml","1694","22","143e7a20aa9b58b51059f4b008156e2c7cbad43ba112296ef949f7a1d9baf8d9","first_party_compiled","ok"
"管理端","pageMember/components/calendar-month.wxss",".wxss","1189","43","edacfd25964cc7385c5ea48b5b4a35f5a527498eccf47bcb942cdb1be6fdae2b","first_party_compiled","ok"
"管理端","pageMember/components/card-set.js",".js","7374","224","9c30d4c9c3924cb6dcb62074ec081d5256f95dc8a4d4104df00b89966a7e9a1d","first_party_compiled","ok"
"管理端","pageMember/components/card-set.json",".json","463","13","2c9f6a723be33203e8635039b200f80bc28fdf30ec7f6d10c903290b8ef54a57","first_party_compiled","ok"
"管理端","pageMember/components/card-set.wxml",".wxml","3212","35","0fd965051fc771724c705b4dfffa763c2ca5970ec0ae6bb6a7e33273c89e0bc5","first_party_compiled","ok"
"管理端","pageMember/components/card-set.wxss",".wxss","1269","60","f1f77f12fa178f71ec55db155467bd83e38ef6c80b25342842c5d65c00bccb36","first_party_compiled","ok"
"管理端","pageMember/components/choseCard.js",".js","5335","179","20af6041d12719a0e8c8e25816e07b9fa26da4f31a4b8c14dc54f628dd4f6f72","first_party_compiled","ok"
"管理端","pageMember/components/choseCard.json",".json","463","13","34b410bc82824d75e55539b1d8af35c49cdefbe7625caf6ee38b467d543c23c1","first_party_compiled","ok"
"管理端","pageMember/components/choseCard.wxml",".wxml","3855","40","ac28c6fcd6ce227846d00d03b37274f4243638eecbc7eea1175760fac185bd81","first_party_compiled","ok"
"管理端","pageMember/components/choseCard.wxss",".wxss","2215","103","38e0eed387e1e0473a23eba69db1191fa68bdff80a0c11489c9df7523ff16faa","first_party_compiled","ok"
"管理端","pageMember/components/editPoint.js",".js","6608","203","329b1026e8b2ede4082b15d3903d33b5d5d30cf3f5f499d77923d29cb1e8903a","first_party_compiled","ok"
"管理端","pageMember/components/editPoint.json",".json","274","10","ee7d58a0db72f3d7c9786dccdd9d40f0cef25fe9b07bd5d2090a91bb836f5ecd","first_party_compiled","ok"
"管理端","pageMember/components/editPoint.wxml",".wxml","2149","23","2c8e54c0b52c3ea588e578011ede30bce33f7904c997643bc4a7b8ddfe44c630","first_party_compiled","ok"
"管理端","pageMember/components/editPoint.wxss",".wxss","523","27","7e1a0e94e2ed986ddded47f8d09ff2a710b84dfdbc927fe2ffb88049ee56cd51","first_party_compiled","ok"
"管理端","pageMember/components/immediatelyCard/card_limit.js",".js","24372","632","b87fca652bae9737890b4875c547bc833b2a805aebc9306c99f79614c2218d65","first_party_compiled","ok"
"管理端","pageMember/components/immediatelyCard/card_limit.json",".json","884","20","eed1fbaedc1c2023f647a6964ea0bf05650379ad6957519eeeed6efb2493df93","first_party_compiled","ok"
"管理端","pageMember/components/immediatelyCard/card_limit.wxml",".wxml","20557","194","ccfe63171a7f61a60f61e5e549788f29c49be0652d9edba6d00293aa58c4b11b","first_party_compiled","ok"
"管理端","pageMember/components/immediatelyCard/card_limit.wxss",".wxss","4078","176","5d46afe580295530197d008b1b60c7b7fcbf7bc6b012a15d699e563c94b02006","first_party_compiled","ok"
"管理端","pageMember/components/immediatelyCard/new_card.js",".js","5988","195","15d57cfc7784cb1738d91c71675036de87be1c00b866c528873311803cb47164","first_party_compiled","ok"
"管理端","pageMember/components/immediatelyCard/new_card.json",".json","534","14","652ac7e531c7a0304847fbd24b32153f991687abf179131ed6b18aa4f59b0ad4","first_party_compiled","ok"
"管理端","pageMember/components/immediatelyCard/new_card.wxml",".wxml","3631","37","0a80712c8323aa2cdf2db6fa7e0bda1ab7d137b5d52fe773478063a810c74abd","first_party_compiled","ok"
"管理端","pageMember/components/immediatelyCard/new_card.wxss",".wxss","1417","74","ee9f5289e16b2c5c006b37d6e3531bbff2d4493c806cadc1c6dc7aa4a64b22f3","first_party_compiled","ok"
"管理端","pageMember/components/immediatelyCard/time.js",".js","4948","171","cb44f410d1d76a1887dd316f5370cd6d6d9631b8d9344a7bda1ab28379a93eeb","first_party_compiled","ok"
"管理端","pageMember/components/immediatelyCard/time.json",".json","219","9","f93ffe247a6e575479e3516920ff391c66e7711b13007a0d4c172663d749919d","first_party_compiled","ok"
"管理端","pageMember/components/immediatelyCard/time.wxml",".wxml","2451","30","9eb9a8a0895c21fae0102eb6de6c0605e25d6f0b8f3220ac75f5b4cf28e42818","first_party_compiled","ok"
"管理端","pageMember/components/immediatelyCard/time.wxss",".wxss","1529","65","f29411cb6f6b8173cbd11a1d909465c39618192ec4e057de4d5f55e507d446ad","first_party_compiled","ok"
"管理端","pageMember/components/make-over.js",".js","6458","205","dbf533b02e37e448a997c2596e4944a3e8e9cde655a0a0cb01fa4a646948a89d","first_party_compiled","ok"
"管理端","pageMember/components/make-over.json",".json","474","13","c48fe059f8b28ab6f2ad94e50d539371388f3c6588c57b54d2f1a58efbea3533","first_party_compiled","ok"
"管理端","pageMember/components/make-over.wxml",".wxml","3819","39","b03288773ff149731c40d33336bbab753b940c39dfc5f5ed0bcc7e3c0f079d90","first_party_compiled","ok"
"管理端","pageMember/components/make-over.wxss",".wxss","387","18","a025ebddec9ab9df20bf64177ee1b7e4816e6d0b56bf318ddadd81fdb6a38453","first_party_compiled","ok"
"管理端","pageMember/components/mark-pop.js",".js","5167","181","4e3e2e3fbdeb3304b141cf0edf4130202f450f450efe4d4519848ff28326ef9d","first_party_compiled","ok"
"管理端","pageMember/components/mark-pop.json",".json","341","11","ed847d39e168cc298da37a948b6aadaf964128e7a4bfe46fa711b15194de6650","first_party_compiled","ok"
"管理端","pageMember/components/mark-pop.wxml",".wxml","2329","27","0d80bd2ce051354ab7676f28e0e848664d2d0baafd34418505e0214d49f2683d","first_party_compiled","ok"
"管理端","pageMember/components/mark-pop.wxss",".wxss","1181","51","46a100baa68c0f5dc5846adbbe58795ad9ec1a31120c47fd96ad1a6b11f11427","first_party_compiled","ok"
"管理端","pageMember/components/membershipConsultant.js",".js","4578","158","0e2d6571e2bff693a30f01442a0f1941e982e6b6f87f9a27674a95e210ee9e6a","first_party_compiled","ok"
"管理端","pageMember/components/membershipConsultant.json",".json","268","10","559bb72e093b9fe58d9a98f2680d7644f021a46d70fb425ccbfa7c95bc2ee3df","first_party_compiled","ok"
"管理端","pageMember/components/membershipConsultant.wxml",".wxml","3558","45","2d07a70d40f5ed0206feb9047b49499d156936826c7496c229eb76f86247c503","first_party_compiled","ok"
"管理端","pageMember/components/membershipConsultant.wxss",".wxss","4533","215","59857badaefb5b53601af4ba2321813e87bbdad0b5025fcf920db734f0638b05","first_party_compiled","ok"
"管理端","pageMember/components/navigation/headPhoto.js",".js","3738","129","73e77306a1ba41bfc20024234faddfde0a6001fed7a60e42a002f9f8c51a849e","first_party_compiled","ok"
"管理端","pageMember/components/navigation/headPhoto.json",".json","112","7","dd1d5510e387f6560f9f37b98c86e4f31cb6d9b00ea6fed32dc33283f71755dd","first_party_compiled","ok"
"管理端","pageMember/components/navigation/headPhoto.wxml",".wxml","1056","18","5ea9e7ca3dcdc25ecf93dabc3482b0850818dc631db904d13a2f09ca8dc0d684","first_party_compiled","ok"
"管理端","pageMember/components/navigation/headPhoto.wxss",".wxss","885","47","0eb6d310c5fd5694b1d515aa2610814cc7963e7e08c9c12064f1398b223513ee","first_party_compiled","ok"
"管理端","pageMember/components/operation-data.js",".js","2700","101","85cec90e4ebd94ca0996d6eb5f8fd292f6cb88bc06a65508812cc404008e5737","first_party_compiled","ok"
"管理端","pageMember/components/operation-data.json",".json","112","7","dd1d5510e387f6560f9f37b98c86e4f31cb6d9b00ea6fed32dc33283f71755dd","first_party_compiled","ok"
"管理端","pageMember/components/operation-data.wxml",".wxml","520","11","75f7058b085cf41e9c34dff6c728959533443c36cc6834579dd47742aab53872","first_party_compiled","ok"
"管理端","pageMember/components/operation-data.wxss",".wxss","429","25","17f450d7fdba7c7425a00dcc6e3383a6d621dc5b50636dfcfde192893c3d7d67","first_party_compiled","ok"
"管理端","pageMember/components/quantity.js",".js","9946","280","97857628f96314688f86f3fc476cf7700a80f4bbd6e042268c5121ffc784ed1d","first_party_compiled","ok"
"管理端","pageMember/components/quantity.json",".json","594","15","5168a0e5b6ad3cea1501efdc076ead063cd01cf4c42c264c4ec074c1d559c9a0","first_party_compiled","ok"
"管理端","pageMember/components/quantity.wxml",".wxml","6986","62","e0265003f55e7bbbc3a587c52ef9b13f386c3e4f5ea8b490ff732fa2ccb6c719","first_party_compiled","ok"
"管理端","pageMember/components/quantity.wxss",".wxss","3484","174","19d53ecc9208ac5630c10b4cac10c824cc87f0f8e572b80cfc246281d014214d","first_party_compiled","ok"
"管理端","pageMember/components/remarks.js",".js","3535","125","75513f06552e553c5304a65996ac45ba6fb5e3885cb090b5ff895777a892dc41","first_party_compiled","ok"
"管理端","pageMember/components/remarks.json",".json","219","9","f93ffe247a6e575479e3516920ff391c66e7711b13007a0d4c172663d749919d","first_party_compiled","ok"
"管理端","pageMember/components/remarks.wxml",".wxml","1521","18","cf2289f7cced230ae1bfe60f8010eee57ef7d554bd5598344dad35b0f62f207b","first_party_compiled","ok"
"管理端","pageMember/components/remarks.wxss",".wxss","1074","49","ef4fcb5865d302e99126a6c0aff4077c422258be7816d3d624c78af51bf1f9e4","first_party_compiled","ok"
"管理端","pageMember/components/search-header/index.js",".js","3857","140","7361c609598223a511ec5ff49aeaf82f695e5c35fc338967e4857636c0b225c6","first_party_compiled","ok"
"管理端","pageMember/components/search-header/index.json",".json","112","7","dd1d5510e387f6560f9f37b98c86e4f31cb6d9b00ea6fed32dc33283f71755dd","first_party_compiled","ok"
"管理端","pageMember/components/search-header/index.wxml",".wxml","1848","29","a3d8187234d2b1773c1634d3051bd87e358c4310365730edb663100c6a7af16c","first_party_compiled","ok"
"管理端","pageMember/components/search-header/index.wxss",".wxss","1516","64","1ed36cdb4e985cb37dddeaf8b45ba9248ffc2f7a4a250b664c169b2123acde7f","first_party_compiled","ok"
"管理端","pageMember/components/stopping.js",".js","5527","182","b641b31efff30ac8e1480fff444d0960acb36993d2566c0ac02d8fb0a064ee3a","first_party_compiled","ok"
"管理端","pageMember/components/stopping.json",".json","347","11","f64a81f4d39f52ed4b2d81e3d32f68f72b1d4ec4f5bfd2be8b3eb129d400ecc5","first_party_compiled","ok"
"管理端","pageMember/components/stopping.wxml",".wxml","4197","50","ba369cad3b4a226704eca4ae795cb1766f4daa43203ecffd8b954df3e0bd1f0e","first_party_compiled","ok"
"管理端","pageMember/components/stopping.wxss",".wxss","2201","97","7e6e69e201bdfd6179337031e95996b0351f43afb2cdff189a05caf46bf92c32","first_party_compiled","ok"
"管理端","pageMember/components/userCard/amount-paid.js",".js","6813","209","3cfed66beea406dd7eac645b634ec8f99726930db5ad8a496b221ee3e0ba26ef","first_party_compiled","ok"
"管理端","pageMember/components/userCard/amount-paid.json",".json","326","11","66716646ead7825e7a99aeff09bbba51877847c110fc127edfa5b96fe73ffe99","first_party_compiled","ok"
"管理端","pageMember/components/userCard/amount-paid.wxml",".wxml","3462","39","2432b771a081f2d44f2749dcf769434657018043e5fbdf61b7fbf006382cb319","first_party_compiled","ok"
"管理端","pageMember/components/userCard/amount-paid.wxss",".wxss","1420","55","d40a5473e675e6c1781a209e446cc44b19363c22edb5cf49776b31930d40c874","first_party_compiled","ok"
"管理端","pageMember/components/userCard/card-balance.js",".js","3661","129","44dade9d5fcefbf22f73732d5a88d59596404f76d4ab597cdc0d8789507dd547","first_party_compiled","ok"
"管理端","pageMember/components/userCard/card-balance.json",".json","164","8","f9e55f69122a366a198ac4399ab257fce4e742480e7087c990b189bab8bdf10e","first_party_compiled","ok"
"管理端","pageMember/components/userCard/card-balance.wxml",".wxml","1377","18","409033acc8c7f510622ad847a1e15d0ac9e2e115b97bfc18ad50e2029464eea3","first_party_compiled","ok"
"管理端","pageMember/components/userCard/card-balance.wxss",".wxss","1484","68","f75290c6bdf0f9ed5f7b59d796e4b8ed8cb2de3e63a05e86771e42011b5b1947","first_party_compiled","ok"
"管理端","pageMember/components/userCard/card-detail.js",".js","2647","106","6e8bf3ae7be5966d8935a741085fb111a9cd737cd5b5846753c16afdf141ccc3","first_party_compiled","ok"
"管理端","pageMember/components/userCard/card-detail.json",".json","164","8","f9e55f69122a366a198ac4399ab257fce4e742480e7087c990b189bab8bdf10e","first_party_compiled","ok"
"管理端","pageMember/components/userCard/card-detail.wxml",".wxml","4599","78","0774dd117ebd4b939923082ebf805d4991e01efb1387f34b4033963ad105046d","first_party_compiled","ok"
"管理端","pageMember/components/userCard/card-detail.wxss",".wxss","426","22","4025a22ed59bb6b5e570c8d54681ea9038aab78e393f87f094b2159362942ba0","first_party_compiled","ok"
"管理端","pageMember/components/userCard/card-management.js",".js","17923","472","85607b9ad641a0de9182b62ce8d322a17c9a8b1756e6c9af819d3b64237ee999","first_party_compiled","ok"
"管理端","pageMember/components/userCard/card-management.json",".json","551","14","a7e59eac6bd2cc98ab813feba9da20e94cff0f45a1afaf80de38b074a936231e","first_party_compiled","ok"
"管理端","pageMember/components/userCard/card-management.wxml",".wxml","4272","44","aff903a102d95d7fcb62a1752208ab7a7fb6aa9b04c6ef3e619f0c120ed19ae7","first_party_compiled","ok"
"管理端","pageMember/components/userCard/card-management.wxss",".wxss","2591","120","7c55736e2b1ccfb643473e79f630cb5c23ece21b4e467d2ffd48060acdc5c018","first_party_compiled","ok"
"管理端","pageMember/components/userCard/change-log.js",".js","2632","100","e64c43ae225a8bf1437b8a25e1be63bd4aa196ed503e8f5365efe6fb866c1569","first_party_compiled","ok"
"管理端","pageMember/components/userCard/change-log.json",".json","112","7","dd1d5510e387f6560f9f37b98c86e4f31cb6d9b00ea6fed32dc33283f71755dd","first_party_compiled","ok"
"管理端","pageMember/components/userCard/change-log.wxml",".wxml","1692","29","11f2264b3f9a70f56365281f7f2f31fdacce5d1266d910f42bfc29ad975f5608","first_party_compiled","ok"
"管理端","pageMember/components/userCard/change-log.wxss",".wxss","2571","136","a56261e0c27a40919e83a67a846e87a38e6eca2b44d67e2528b0780c1370fc1a","first_party_compiled","ok"
"管理端","pageMember/components/userCard/funds-received.js",".js","4982","166","a2c2e81f82248bd600914e000f6708778306cda9705ccc8083123cd45298e666","first_party_compiled","ok"
"管理端","pageMember/components/userCard/funds-received.json",".json","274","10","ee7d58a0db72f3d7c9786dccdd9d40f0cef25fe9b07bd5d2090a91bb836f5ecd","first_party_compiled","ok"
"管理端","pageMember/components/userCard/funds-received.wxml",".wxml","1987","22","8af4bb1aa93eef8cba648aed7d59329c69ac9e81faa91ea92e61a58888e5cff3","first_party_compiled","ok"
"管理端","pageMember/components/userCard/funds-received.wxss",".wxss","446","19","9bce0f4f8fb340572fb928daf4ff3f34e5901cd7c6ff94785ea76076e81c27a7","first_party_compiled","ok"
"管理端","pageMember/components/userCard/penalty-record.js",".js","2654","98","db090d789dd30439afe8bd97ae1aba5bffbfc695a09b0916cf9f3076f24e5bdc","first_party_compiled","ok"
"管理端","pageMember/components/userCard/penalty-record.json",".json","112","7","dd1d5510e387f6560f9f37b98c86e4f31cb6d9b00ea6fed32dc33283f71755dd","first_party_compiled","ok"
"管理端","pageMember/components/userCard/penalty-record.wxml",".wxml","1414","25","91032d932995648a5a18e291e18058d17b32e506e8b1c60b2ea1412b237a5c52","first_party_compiled","ok"
"管理端","pageMember/components/userCard/penalty-record.wxss",".wxss","2366","118","d5c433abbab508c54f18adc0350f0dd88c7669897a61e802ff066ef156195da2","first_party_compiled","ok"
"管理端","pageMember/components/validity.js",".js","6354","201","cc123642c55ba6d92af481f8c9b86d1058161232f146d341d122c16f5c39d5ad","first_party_compiled","ok"
"管理端","pageMember/components/validity.json",".json","402","12","eb7bef38a42e58b3b10e3cd001886db269528f4d9594cef184476de57b3ca4f4","first_party_compiled","ok"
"管理端","pageMember/components/validity.wxml",".wxml","8017","85","d96dd522bdb2736be9b2b655d1f2dca0c199d2d7518e21b4f07da297c55ed51c","first_party_compiled","ok"
"管理端","pageMember/components/validity.wxss",".wxss","1826","78","5def296335d30589edc0cafcb699da004f36303b09ff86bf18a1a9d167a69e10","first_party_compiled","ok"
"管理端","pageMember/del-card/del-card.js",".js","7238","223","3908b5081bcc021794afd9a2e38b93a8d75df84677468b448c11677e6704f881","first_party_compiled","ok"
"管理端","pageMember/del-card/del-card.json",".json","434","13","bd630c9def981250377e39e1864bd5f93fcb4bf25763bf41a34d413f2837097c","first_party_compiled","ok"
"管理端","pageMember/del-card/del-card.wxml",".wxml","3370","44","65d9927a9263f68af79510596940fc1bb9daedf2a0d12a5b6a6a78c86c3eed6f","first_party_compiled","ok"
"管理端","pageMember/del-card/del-card.wxss",".wxss","4962","246","8a769e29dd0aada3b3ce5704e1e7ed7b204b3eab945575233960aac74006f390","first_party_compiled","ok"
"管理端","pageMember/del-member/del-member.js",".js","7380","222","6f12c362e53434bb058408c8b84a60e2ce7adcdbdc6905f683dc17fb71025fbe","first_party_compiled","ok"
"管理端","pageMember/del-member/del-member.json",".json","434","13","997ef2ccaaf75d40c77260e0ebaa61569c0a847928d6a17ffac96456413d7943","first_party_compiled","ok"
"管理端","pageMember/del-member/del-member.wxml",".wxml","6690","78","09a192f9dee379313279f65bc86bbfbdaa88b50a1cc3db375932e17ae6968955","first_party_compiled","ok"
"管理端","pageMember/del-member/del-member.wxss",".wxss","3432","172","2b34b2c3b814a418283b9638b2fdb332b2b1b527c8b78818340b9aa0ec9e9191","first_party_compiled","ok"
"管理端","pageMember/details/card-consumption.js",".js","13829","394","fa4c969c87d64ba89bc786e115359cdc5f889ac6c4f40cba87128e3a868900a7","first_party_compiled","ok"
"管理端","pageMember/details/card-consumption.json",".json","772","18","d757e117066d01674ca901b3287a0373d23da593762818b5b38daef66ac64846","first_party_compiled","ok"
"管理端","pageMember/details/card-consumption.wxml",".wxml","21968","217","ec48ce4061d3b0edafef57f6ccfb6d231cc3bc040f238e433bfac86edb6d7fcf","first_party_compiled","ok"
"管理端","pageMember/details/card-consumption.wxss",".wxss","29334","1436","b4343a7eded1d736b256f4bc7878e48289950ff8267073ec1e76e1348d8faab4","first_party_compiled","ok"
"管理端","pageMember/details/cardDetail.js",".js","39171","1027","5a8af13be3acad1ce05b1207f7ea11e2f6a96fb47ebac806cfb22bcd75db10cf","first_party_compiled","ok"
"管理端","pageMember/details/cardDetail.json",".json","1488","30","375085034fef0f6a464956f5c82571ee714b557e6d7af40d9689dc15d0aa8f8f","first_party_compiled","ok"
"管理端","pageMember/details/cardDetail.wxml",".wxml","23497","257","5244dd77bed52493cba5d2ee3a235032653d3e046f9a4190157d0734f68ca5ec","first_party_compiled","ok"
"管理端","pageMember/details/cardDetail.wxss",".wxss","20474","970","77167fc269d4ed319748e75b32e086e8115a1e58a80e69c93fe2cb3eddca33ae","first_party_compiled","ok"
"管理端","pageMember/details/courseDetail.js",".js","11716","322","6b83922135d4d5774dfbd9d13d50c57be67f052f396884f9e593ef435805a73a","first_party_compiled","ok"
"管理端","pageMember/details/courseDetail.json",".json","549","15","606c30b61b33f9b6b21b8aaab00873e85fecc92f6385dc7fb4a10b1f189dd88b","first_party_compiled","ok"
"管理端","pageMember/details/courseDetail.wxml",".wxml","11753","124","f206ded358b873959872a977a6e574fc55665450a429b04b174d39c63bc2cc5e","first_party_compiled","ok"
"管理端","pageMember/details/courseDetail.wxss",".wxss","20602","999","dbdb47b33db5abb0fbfb71516a62471feee57b3beed6f9528be58b9bc58d1c7a","first_party_compiled","ok"
"管理端","pageMember/details/index.js",".js","35279","917","2906db2706b924f8aa5daba515fd6b0ba26e90591a910349334386bad74f36c6","first_party_compiled","ok"
"管理端","pageMember/details/index.json",".json","966","22","3dbf93ca249dd07656c91fe84d9210a416489421bb9163fd95bd7be8072f9b66","first_party_compiled","ok"
"管理端","pageMember/details/index.wxml",".wxml","26538","270","068e2d78cef88066d4153ba229e6e433868071e34cd14a57a044bf5d84c30855","first_party_compiled","ok"
"管理端","pageMember/details/index.wxss",".wxss","18190","916","6546b35761fe12b12c84e74f867e2252cea58c2c5549ae4b2faee4d83d89e508","first_party_compiled","ok"
"管理端","pageMember/details/memberPoint.js",".js","12397","357","ba89285a782c93a307f2669ae54e9fbc3a5e6b02823b323406e56eb43758b58c","first_party_compiled","ok"
"管理端","pageMember/details/memberPoint.json",".json","616","16","0e04c35a752c795f809eca1d9ac12fa3e4beba69cf3917db6f48e6242141f78a","first_party_compiled","ok"
"管理端","pageMember/details/memberPoint.wxml",".wxml","8653","98","943dcadf3288c31470626714d43d18434d0efaa3f86e138359892179d248a4d7","first_party_compiled","ok"
"管理端","pageMember/details/memberPoint.wxss",".wxss","8391","488","116927798fb45ee628007c4a2640c30eeb7d9816458aaade071bf499524e0ad3","first_party_compiled","ok"
"管理端","pageMember/details/rechargeAmount.js",".js","13044","355","647ca092e95f9b35412d8bda52008e17779c2443068a1dbb61e949484803fd3f","first_party_compiled","ok"
"管理端","pageMember/details/rechargeAmount.json",".json","535","14","bfddd424832052a64464a88ee0338d67894cab0144ba3ea6b85a7f9d37e46f71","first_party_compiled","ok"
"管理端","pageMember/details/rechargeAmount.wxml",".wxml","6255","71","009f7d10362ab4fb78cf89ff87c023c3ab3fdbe059bfc617e1e20e6b543e7bab","first_party_compiled","ok"
"管理端","pageMember/details/rechargeAmount.wxss",".wxss","6863","363","8fec0b133373beeaa5126817b3ca58747adebe2d46fd6f250e07d2f0fd48442c","first_party_compiled","ok"
"管理端","pageMember/details/recordDetails.js",".js","6576","208","ff7c64ae1a8da57bc6a3f413ab0ec78842cfaf5da4cf3f72d7444c855a643f03","first_party_compiled","ok"
"管理端","pageMember/details/recordDetails.json",".json","363","11","8808199e8f5362b2c2e7f8a129634ade933ca0c849d8073d78b8b38ba539a0fe","first_party_compiled","ok"
"管理端","pageMember/details/recordDetails.wxml",".wxml","6880","90","87d2c103d2876a65a697691dcd5c120611592c2fc2ab7dcc575916d904ba38f5","first_party_compiled","ok"
"管理端","pageMember/details/recordDetails.wxss",".wxss","7817","345","3407f00dd00e33f1d0c60edb4027b8e553f0a9286e5d810bdda999dee3451766","first_party_compiled","ok"
"管理端","pageMember/index.js",".js","4799","163","7a8ae49aa5ea7a05278848bc094d7ccf6546423bf5783e13bb5bb6fa86d8cb65","first_party_compiled","ok"
"管理端","pageMember/index.json",".json","167","8","d1dd43517de98b2784172634d410744c816b5129fa53b17f05dc514392a1ff29","first_party_compiled","ok"
"管理端","pageMember/index.wxml",".wxml","1054","14","9c68f53b1929a3beb50dada6600e514740622ba2ff36662ad1150d9bb3a4777f","first_party_compiled","ok"
"管理端","pageMember/index.wxss",".wxss","1352","65","a802b59d02ccf9051ec64c5dff79bf94965bc16e8022dc9a746b2a84e788558e","first_party_compiled","ok"
"管理端","pageMember/information/index.js",".js","23839","628","232190744f0eea8929e093dafbf8f1108193ab4dd9aefc5a0dad1f243022db66","first_party_compiled","ok"
"管理端","pageMember/information/index.json",".json","779","19","3d2d1b502d36720a00e32a2b4f5cf0913c3407371035121ce1e61ccb6d9ba3ae","first_party_compiled","ok"
"管理端","pageMember/information/index.wxml",".wxml","14707","162","b4c33797e7caadf4928dde0f3deb649d4f128b06d0fa7b814987bfc00ac8de2b","first_party_compiled","ok"
"管理端","pageMember/information/index.wxss",".wxss","7710","370","72790db5c44bff0efbdab0034db3089889d7e130f60fb02bfd7ddd5a40bf758e","first_party_compiled","ok"
"管理端","pageMember/screen.js",".js","54056","1365","1bf06af54bed853b75c6af062eaa8c0a384e4ed737a0a28a2771fb655b54cce8","first_party_compiled","ok"
"管理端","pageMember/screen.json",".json","1483","31","0f3091fe548fc4bcaa3808907e9eb0c4e45d4ab600fc8f96c0598afb900f889f","first_party_compiled","ok"
"管理端","pageMember/screen.wxml",".wxml","38150","372","0b49d6c2d055334e295ee3798bdd78ead98647c394ee31caac2a8b02fad64830","first_party_compiled","ok"
"管理端","pageMember/screen.wxss",".wxss","19947","932","92c77cc01b5c7272ddb94610a13b0367106c51d0e491c7e0c62aea91e8bea3ce","first_party_compiled","ok"
"管理端","pageMember/search.js",".js","10119","297","c919d7f53ef54a301a49b2cf321f70c67f4c7dc24f92f939a0bd8498773e936e","first_party_compiled","ok"
"管理端","pageMember/search.json",".json","433","13","e5d97eb33badbd1cf6efc97050919d00ddf4b1c5b7d67071a2dbf2ef8251b137","first_party_compiled","ok"
"管理端","pageMember/search.wxml",".wxml","5990","70","4f2aaa16eb048ea992c0c2753776a8099f544e5639679aefac17a1328b61acbc","first_party_compiled","ok"
"管理端","pageMember/search.wxss",".wxss","4139","187","27ab023353fdfc254f599d9cbf0b7bc37008ccf0339b8371c07ed7ea45888910","first_party_compiled","ok"
"管理端","pageReport/.DS_Store",".ds_store","8196",,"1957c1b9aa8e48813023396556151a50f37a04a238b8608e60ce6df1c0bcc6fd","metadata","binary"
"管理端","pageReport/app.wxss",".wxss","0","0","e3b0c44298fc1c149afbf4c8996fb92427ae41e4649b934ca495991b7852b855","first_party_compiled","ok"
"管理端","pageReport/coach/classStatistics.js",".js","9280","289","04759af15984b76b22867d0b0cf1dd64fc0e4a33fc69bf7a9d7844a8649ce8ad","first_party_compiled","ok"
"管理端","pageReport/coach/classStatistics.json",".json","308","10","a44fe81e981bc8ced2acbd02f6898140e55ae365f7e6b9783b64a9633d6dc711","first_party_compiled","ok"
"管理端","pageReport/coach/classStatistics.wxml",".wxml","4028","59","09ad9e3bb448179625ce388ae1a717323887c9c987d661938bd1e7cc224c043d","first_party_compiled","ok"
"管理端","pageReport/coach/classStatistics.wxss",".wxss","5309","234","60d7c0ebf20c7f956754a63fda5c0617b58d6877381913949bf492449dd27aa1","first_party_compiled","ok"
"管理端","pageReport/coach/detailed.js",".js","14766","438","431ac175dccf43ee1466ee5545c001065c867f349b87de12224f6938e36c5fd8","first_party_compiled","ok"
"管理端","pageReport/coach/detailed.json",".json","538","14","799f9da2404952ae34695b204265e4384eca98542d73bc2947bc8b2d02c76a58","first_party_compiled","ok"
"管理端","pageReport/coach/detailed.wxml",".wxml","16534","187","2fae82554093f1afc00bfbbad863cf8a415b9abcf70097bd62b8e1edd5f9b34d","first_party_compiled","ok"
"管理端","pageReport/coach/detailed.wxss",".wxss","18469","1041","108d07bb24a905efe8b92b6d506cc44099cd93ea8b0607907cf50a1f85f0e4e6","first_party_compiled","ok"
"管理端","pageReport/component/calendar-month.js",".js","3425","136","54f75b59db6be2596a6782af53f54fc96a5184ec86e2a21a358835616e1535ca","first_party_compiled","ok"
"管理端","pageReport/component/calendar-month.json",".json","213","9","61ec04f59cb62bd0fedf0d323362fa9ae51f7e21d1df86bf2c93729b143f9502","first_party_compiled","ok"
"管理端","pageReport/component/calendar-month.wxml",".wxml","1711","22","f6db99bb593deb7e8bc5b95f65932d97d2c65f5765a107791f2d7d2797258f08","first_party_compiled","ok"
"管理端","pageReport/component/calendar-month.wxss",".wxss","1201","43","0dfcab52b561e6d24c6d30404f073e0c0daa790f690d85a9abae6f5a36ce4218","first_party_compiled","ok"
"管理端","pageReport/component/calendar-year.js",".js","3054","123","461fdcd2b64e72867b5426f503d3cfc97b523bd89a5afb02731d2ca9caa856cd","first_party_compiled","ok"
"管理端","pageReport/component/calendar-year.json",".json","161","8","f36e55140eeb0410a1d521af6dad794186af20cfa437767c8f34da032b82e8ec","first_party_compiled","ok"
"管理端","pageReport/component/calendar-year.wxml",".wxml","916","14","fb41ef9ed32be5cfed700f0a24d41a500d742f2946af1982aa94cfebff697ebd","first_party_compiled","ok"
"管理端","pageReport/component/calendar-year.wxss",".wxss","911","35","9da72af216bc23ea3f6bc3789a86ab881ee57cbc4888d2d35925a25281493979","first_party_compiled","ok"
"管理端","pageReport/component/head-hint/head-hint.js",".js","5049","165","0b42a2de962db5a8908f273d2ded48beac61e302ba4eed1db1695b91a2eac592","first_party_compiled","ok"
"管理端","pageReport/component/head-hint/head-hint.json",".json","289","10","ef2a1b0006927449cf5b581beb9e5236e5b5940823868594a48452a66f8e072d","first_party_compiled","ok"
"管理端","pageReport/component/head-hint/head-hint.wxml",".wxml","3805","50","4cb68e3a70dfe17a6a316f369767d2afe753752b31d60c35d4f41b7f7cfd0268","first_party_compiled","ok"
"管理端","pageReport/component/head-hint/head-hint.wxss",".wxss","2760","123","424088937b2868e5a5b59b642ee51354524948e0203d331f1638752e9a387121","first_party_compiled","ok"
"管理端","pageReport/component/navigationReport/index.js",".js","3169","120","c6dea592bf027df1964abe609bddf03f2bb77c63e87a39822448d90b7d1ca377","first_party_compiled","ok"
"管理端","pageReport/component/navigationReport/index.json",".json","112","7","dd1d5510e387f6560f9f37b98c86e4f31cb6d9b00ea6fed32dc33283f71755dd","first_party_compiled","ok"
"管理端","pageReport/component/navigationReport/index.wxml",".wxml","879","15","e3707d09bd92db942d6b2b49e0bef4d76c46dec31b83fae10bbd6f6b34c754cf","first_party_compiled","ok"
"管理端","pageReport/component/navigationReport/index.wxss",".wxss","671","37","937592d33d2e133ddbf01f4cc5e10a4f889cb2b101045f77073c32f28b2c9bfe","first_party_compiled","ok"
"管理端","pageReport/component/popupTop.js",".js","5041","174","a85d7a61b917c74ea59e1fee8fedd86b2a3a6d58e12c4a8c1c814edeedc6c21b","first_party_compiled","ok"
"管理端","pageReport/component/popupTop.json",".json","167","8","d1dd43517de98b2784172634d410744c816b5129fa53b17f05dc514392a1ff29","first_party_compiled","ok"
"管理端","pageReport/component/popupTop.wxml",".wxml","1032","14","1385118060a4e2954473885813deb43b8cb19b322582f75b728a4935b0a6fefb","first_party_compiled","ok"
"管理端","pageReport/component/popupTop.wxss",".wxss","1352","65","bd5c73648b3cab19060987cdc33a19874725d0b154511af7b981bf28f07fa799","first_party_compiled","ok"
"管理端","pageReport/component/quickfill.js",".js","3369","128","d9d4c83a2a5eda17eee517f6d7487768af6003822109cdf5bf7d348a787a70cd","first_party_compiled","ok"
"管理端","pageReport/component/quickfill.json",".json","219","9","f93ffe247a6e575479e3516920ff391c66e7711b13007a0d4c172663d749919d","first_party_compiled","ok"
"管理端","pageReport/component/quickfill.wxml",".wxml","1053","10","b8d9cba132342dc97b412ecdb44f52384e2b8f8562d07f6a719e6936141f116b","first_party_compiled","ok"
"管理端","pageReport/component/quickfill.wxss",".wxss","469","23","33cc42057561885acf2c343af87e91200dd6885bf235406d822709a7aed4a825","first_party_compiled","ok"
"管理端","pageReport/component/quickfillCourseAmount.js",".js","4674","163","655495a792f4e1f21e10a68953c9e5dabc3f34b356ca8472ecb1b157c7ac538f","first_party_compiled","ok"
"管理端","pageReport/component/quickfillCourseAmount.json",".json","271","10","b0485279948f95df06e2aa8270bd332e642fb580b909331a6c4bc0b7888b6de8","first_party_compiled","ok"
"管理端","pageReport/component/quickfillCourseAmount.wxml",".wxml","1770","15","f1ccf79eac1b4da488b6ca22554ae6ef309259e0e99d6883f0d79735ef80e727","first_party_compiled","ok"
"管理端","pageReport/component/quickfillCourseAmount.wxss",".wxss","866","42","a119256774f3725c20c9af98fbeec7c86e275af8653eae98bc34aec2500d8807","first_party_compiled","ok"
"管理端","pageReport/component/quickfillPersonTime.js",".js","5500","184","9ffc04726023613d54a8ba79ee7d890dc7a357a3e16c3dd433ae687605e81066","first_party_compiled","ok"
"管理端","pageReport/component/quickfillPersonTime.json",".json","271","10","b0485279948f95df06e2aa8270bd332e642fb580b909331a6c4bc0b7888b6de8","first_party_compiled","ok"
"管理端","pageReport/component/quickfillPersonTime.wxml",".wxml","1997","15","9c725cf2889c673a3d252527ecf6641842d6cbcd8d23d1e763685f35be80fadb","first_party_compiled","ok"
"管理端","pageReport/component/quickfillPersonTime.wxss",".wxss","870","42","c0790604e18ed552808a91d6f1d93e061ffd5da4850660a1dbb0272f60afff46","first_party_compiled","ok"
"管理端","pageReport/course/courseReportForm.js",".js","10172","345","c8068b7ffa4072313624dc4d616764e471fb0c7131646647f889ff9a662f1136","first_party_compiled","ok"
"管理端","pageReport/course/courseReportForm.json",".json","506","14","0be8df9ac92edcd7becb755ece6437589b6e9f9e3121875912a95a6bf890df3d","first_party_compiled","ok"
"管理端","pageReport/course/courseReportForm.wxml",".wxml","11102","129","86761b9c7215f01e4230ec569694e356ec50d97b751cb808044325aaae00cb90","first_party_compiled","ok"
"管理端","pageReport/course/courseReportForm.wxss",".wxss","6913","304","3ecfd5a28ab6ac2e73256095d7b210ca8446a56c6e3e7b6f11a0ab84e922dcf1","first_party_compiled","ok"
"管理端","pageReport/course/courseReportFormDay.js",".js","15597","483","f13c10aba4adf4d95e2df6158969ee00ef6801b0db6b121f47822992030bea0a","first_party_compiled","ok"
"管理端","pageReport/course/courseReportFormDay.json",".json","513","14","cf5e15155ae355acaa1205418c5fea6edfb7ad2b13de732ee8b5881dc7756f48","first_party_compiled","ok"
"管理端","pageReport/course/courseReportFormDay.wxml",".wxml","11985","143","e7155be9848d9f53b24df86e44808fd8f0d51983903da4873688a150acd7b4ff","first_party_compiled","ok"
"管理端","pageReport/course/courseReportFormDay.wxss",".wxss","10210","489","73c2af42794ef195b89f2baa668bff2e99519e14a74d217d897a354ed22f9f38","first_party_compiled","ok"
"管理端","pageReport/course/courseReportFormMonth.js",".js","10076","340","eb0cbff97aad02a15c24fdf5b18b81086e7128e3cc4560d7c3d74d65f1ef5786","first_party_compiled","ok"
"管理端","pageReport/course/courseReportFormMonth.json",".json","506","14","0be8df9ac92edcd7becb755ece6437589b6e9f9e3121875912a95a6bf890df3d","first_party_compiled","ok"
"管理端","pageReport/course/courseReportFormMonth.wxml",".wxml","8674","115","369fdde7942508c66da1a75f42eda061270160daef39162e0d46d8eaf02dee09","first_party_compiled","ok"
"管理端","pageReport/course/courseReportFormMonth.wxss",".wxss","8464","387","fb5c616a500481cddace2d93357b52b4156b33ccb94a774bf7673281f20d6086","first_party_compiled","ok"
"管理端","pageReport/courseAnalyze/privateCourseDetailRank.js",".js","9993","305","117cb05b3019dd11793ff65c0f5a5abb066f21c02401fd72c565e05415da7fcf","first_party_compiled","ok"
"管理端","pageReport/courseAnalyze/privateCourseDetailRank.json",".json","456","13","10f5ea60adfed1e2246c8cf5fe5ecafd4efba8983f9c1c740e6db74f5cba549f","first_party_compiled","ok"
"管理端","pageReport/courseAnalyze/privateCourseDetailRank.wxml",".wxml","9554","97","67463d1f3f702e1d108141f5644a4ffb6d1b16752d596168f0acfc6796ee5580","first_party_compiled","ok"
"管理端","pageReport/courseAnalyze/privateCourseDetailRank.wxss",".wxss","9295","588","b74a63b234da54c2a2226c4c47fa4e681ce73973276e3f511cc768c6e380a88e","first_party_compiled","ok"
"管理端","pageReport/courseAnalyze/privateCourseRank.js",".js","19284","583","0a2d649dad5b2b4b0aea6b8e974b750a762990f1a8d38f71bdd6bae34f8bc6a6","first_party_compiled","ok"
"管理端","pageReport/courseAnalyze/privateCourseRank.json",".json","686","17","a8f5e567eb331cfc80c135c0f625c500e81f3884402535c9c516f14ca30bf3a1","first_party_compiled","ok"
"管理端","pageReport/courseAnalyze/privateCourseRank.wxml",".wxml","12252","135","f019f373429f4147acdf42ea287184f8b24de10e0d44ae6ae5890c6205a834d4","first_party_compiled","ok"
"管理端","pageReport/courseAnalyze/privateCourseRank.wxss",".wxss","10345","488","95f8196dc1af760fe56ecb705b9693aecfd1baa74e5a8635e3596cbf0b98b2c8","first_party_compiled","ok"
"管理端","pageReport/courseAnalyze/teamCourseDetailRank.js",".js","7400","240","4e35372d3a2350c4883592cfd8f86e250fbda7541bff674aa195d23ecd2b4a25","first_party_compiled","ok"
"管理端","pageReport/courseAnalyze/teamCourseDetailRank.json",".json","456","13","10f5ea60adfed1e2246c8cf5fe5ecafd4efba8983f9c1c740e6db74f5cba549f","first_party_compiled","ok"
"管理端","pageReport/courseAnalyze/teamCourseDetailRank.wxml",".wxml","9435","117","be1535c19e1c13a81d60afd007bf4a2d5b963e891ff6b53f2bdebb1781da173e","first_party_compiled","ok"
"管理端","pageReport/courseAnalyze/teamCourseDetailRank.wxss",".wxss","7143","352","fe06f90d94e3a819df1645ceb3a82369f9cc55fbff29ef675826c9be32f3c59b","first_party_compiled","ok"
"管理端","pageReport/courseAnalyze/teamCourseRank.js",".js","20010","602","b3889a1c3cd4f733d41903098aa09a6a01999f1c4894b24d479064a3a4e73bf3","first_party_compiled","ok"
"管理端","pageReport/courseAnalyze/teamCourseRank.json",".json","686","17","a8f5e567eb331cfc80c135c0f625c500e81f3884402535c9c516f14ca30bf3a1","first_party_compiled","ok"
"管理端","pageReport/courseAnalyze/teamCourseRank.wxml",".wxml","13083","141","6b2806f97e101df2228bbd42070c1859cfcd27a51188a9df2b1dfef5679d04a9","first_party_compiled","ok"
"管理端","pageReport/courseAnalyze/teamCourseRank.wxss",".wxss","13121","672","9d595b792dcfec2b7ac8de88bcf5d2d3f7fcac79c3a6c764971a081a72779c1a","first_party_compiled","ok"
"管理端","pageReport/income/businessData.js",".js","10182","339","86d775a57ddeda43ebd9f62c40c88301db9633b0849fa8a40015a43f36968d20","first_party_compiled","ok"
"管理端","pageReport/income/businessData.json",".json","506","14","0be8df9ac92edcd7becb755ece6437589b6e9f9e3121875912a95a6bf890df3d","first_party_compiled","ok"
"管理端","pageReport/income/businessData.wxml",".wxml","7936","106","02061865e62c97816e36c001c2c49725682af75d9ff0fc66f0e3bc97a03cf80d","first_party_compiled","ok"
"管理端","pageReport/income/businessData.wxss",".wxss","6949","325","d9b2363ac8838a8b51b90d0eb130deadd6f9884192b348cb349f010a8181cd32","first_party_compiled","ok"
"管理端","pageReport/income/businessDataDetail.js",".js","11804","386","1935cb57c624f7c2a2a386f1b763e4f23082207c42a3b80fdf8bfce59dd19ff1","first_party_compiled","ok"
"管理端","pageReport/income/businessDataDetail.json",".json","503","14","e9ece254d99a846377d0a612c3f781fc117a892a412841423ea463e81c06a973","first_party_compiled","ok"
"管理端","pageReport/income/businessDataDetail.wxml",".wxml","8202","106","f6d40b4a896689fed57c9e993c3c738df50bcfbc5f5bb3c8f4c9ea169bd08108","first_party_compiled","ok"
"管理端","pageReport/income/businessDataDetail.wxss",".wxss","8871","437","50e02d8918f6eb8533cfbfae05bbb8d4fa2a9610b143741a5a9faebe4fb584f1","first_party_compiled","ok"
"管理端","pageReport/income/businessReportForm.js",".js","9304","318","1936a89dbc5be1b2490f474cb2a228be32b6090dafc2db38264881f9fac9c08c","first_party_compiled","ok"
"管理端","pageReport/income/businessReportForm.json",".json","506","14","0be8df9ac92edcd7becb755ece6437589b6e9f9e3121875912a95a6bf890df3d","first_party_compiled","ok"
"管理端","pageReport/income/businessReportForm.wxml",".wxml","8404","109","e0b43cdb11a95cf5664b685722a5d3f023b8e562b8fd25a340adcd9360fdd254","first_party_compiled","ok"
"管理端","pageReport/income/businessReportForm.wxss",".wxss","6227","273","240d75c0c911b68b4eb4dca646d543f0ae9284e30b61def74fba5c3afff969ab","first_party_compiled","ok"
"管理端","pageReport/league/details.js",".js","8020","255","b46ab4938169fd6d3abaf9365bdb9178ccf7138564668a1f759c3ce496f77d53","first_party_compiled","ok"
"管理端","pageReport/league/details.json",".json","410","12","b2e31deb5d1ba5512729e32c6c6511655126a42dac8c1fe09e0d5c2afafe2378","first_party_compiled","ok"
"管理端","pageReport/league/details.wxml",".wxml","6199","87","ad30da186457c1ca7e76160953e5b7a999c2ffd8899aa82a70ffdd8babd4eb2c","first_party_compiled","ok"
"管理端","pageReport/league/details.wxss",".wxss","6731","341","d2bfa3c092c93f9f31f610158d32b758b7405713335456d426eb380cb043e735","first_party_compiled","ok"
"管理端","pageReport/league/statistics.js",".js","6881","219","aedca62c4ec4843fbc84d9123dad6b271ee69e6dc4c9be9d1d0080c414ccce9c","first_party_compiled","ok"
"管理端","pageReport/league/statistics.json",".json","339","11","d0a951ee10490807097ca6cb9499c7b78a8a7adb02daa50838af8176c17b25f9","first_party_compiled","ok"
"管理端","pageReport/league/statistics.wxml",".wxml","4519","63","a61024b21ea23edccfef28a10d217b3cd7145082c1ef260ee366298bd3a26794","first_party_compiled","ok"
"管理端","pageReport/league/statistics.wxss",".wxss","4718","228","6b5afc6b47041d0d6a02ff5ee37c4bd29e7608248a4175c71544fff54e4d61e8","first_party_compiled","ok"
"管理端","pageReport/memberAnalyze/allMember.js",".js","11719","382","a7a12198bf62bd74b7859f7971ca544a504f195153ad4a26924e97bcad301a0d","first_party_compiled","ok"
"管理端","pageReport/memberAnalyze/allMember.json",".json","558","15","fd088a80c3a152fc69c25eed138f2525476cb0fb7e9301bbe84eabd0c1199626","first_party_compiled","ok"
"管理端","pageReport/memberAnalyze/allMember.wxml",".wxml","4838","60","1d748c1e449a08f227cbb4212aaa418cdbb045b606fcc5db615a7b687b330ada","first_party_compiled","ok"
"管理端","pageReport/memberAnalyze/allMember.wxss",".wxss","5682","255","4f659ae9f02db2fee11abfbe72321a75669c2ea7e314dab124662b5ab3451a0a","first_party_compiled","ok"
"管理端","pageReport/rank/courseRank.js",".js","18345","556","e97434d05c45fe6e3fcd51c29a87338e12a091bce86a4706d78eb7febbdfd4af","first_party_compiled","ok"
"管理端","pageReport/rank/courseRank.json",".json","686","17","a8f5e567eb331cfc80c135c0f625c500e81f3884402535c9c516f14ca30bf3a1","first_party_compiled","ok"
"管理端","pageReport/rank/courseRank.wxml",".wxml","14254","160","d3cc09f7cd49b82348018c96b0688ed5a00fd9c2374a788dcb541b54e31dd86e","first_party_compiled","ok"
"管理端","pageReport/rank/courseRank.wxss",".wxss","11765","565","9c2896c295e8c48e3cc814093992aee28680bb8e990896bd232287d2dba1ee5c","first_party_compiled","ok"
"管理端","pageReport/rank/memberCard.js",".js","11901","386","ec672b74c5c1ce0f098aba96332d07c312a94fd5e8b6f5f988bda95b6539c0a0","first_party_compiled","ok"
"管理端","pageReport/rank/memberCard.json",".json","558","15","fd088a80c3a152fc69c25eed138f2525476cb0fb7e9301bbe84eabd0c1199626","first_party_compiled","ok"
"管理端","pageReport/rank/memberCard.wxml",".wxml","5231","64","c14fb1ea26a943a7c2d98b950448e0fad197927cd589842b77e48f4f4206dadd","first_party_compiled","ok"
"管理端","pageReport/rank/memberCard.wxss",".wxss","5770","258","f21b83c0bcbccb3c68f087a238ff42c92a9755c68366abac69ef1c3eee372e4e","first_party_compiled","ok"
"管理端","pageReport/rank/memberCardAnalyze.js",".js","12102","397","40a03e59e3c8861e21d082f91c20a263de73e955693542f3fb9555696b743a81","first_party_compiled","ok"
"管理端","pageReport/rank/memberCardAnalyze.json",".json","686","17","94648e85521cec62d014480e549931670db4befaa6cc2cafd3fc2a61cb23297f","first_party_compiled","ok"
"管理端","pageReport/rank/memberCardAnalyze.wxml",".wxml","9412","112","318a16c013176c0c9622ab2cf542d8e015b0d0057956dff09d1dfe798d6c1cad","first_party_compiled","ok"
"管理端","pageReport/rank/memberCardAnalyze.wxss",".wxss","10248","451","d5a3232dea4f214b657cf97322647db051509c0edf7f774d6cf943b147f2b84b","first_party_compiled","ok"
"管理端","pageReport/rank/memberConsumptionCardRank.js",".js","18380","556","453c534bca47815be02c3c7b4b14eb069ca89d59e7bfa9185d101620f1d45e3c","first_party_compiled","ok"
"管理端","pageReport/rank/memberConsumptionCardRank.json",".json","686","17","a8f5e567eb331cfc80c135c0f625c500e81f3884402535c9c516f14ca30bf3a1","first_party_compiled","ok"
"管理端","pageReport/rank/memberConsumptionCardRank.wxml",".wxml","15254","174","373e444a0c2cb96ae4eedc2aaaa5648ac1ac51eff42bc02a639c9dd27e93a085","first_party_compiled","ok"
"管理端","pageReport/rank/memberConsumptionCardRank.wxss",".wxss","11970","578","e49bd623c8afa08cd7c9137a972a67bd6e4c278b19669dc625ec411231a78b28","first_party_compiled","ok"
"管理端","pageReport/rank/memberPointConfig.js",".js","17163","452","eed7fabbf9d8779bbd52f471f588f21a7edf717d2befba5bb8a19a92f3ddbcc4","first_party_compiled","ok"
"管理端","pageReport/rank/memberPointConfig.json",".json","598","15","95971ff10be1ac4939f9e9306f7082af252b9886613e8a7017dbc95a433ab7cb","first_party_compiled","ok"
"管理端","pageReport/rank/memberPointConfig.wxml",".wxml","13592","142","cc879db5a40a401c5ff321110cfefe8c400376d5ddcc2d8f366be531d2b17d77","first_party_compiled","ok"
"管理端","pageReport/rank/memberPointConfig.wxss",".wxss","7944","361","75482b191c8ab1824609aaf71ba93643067c5e181b50342848547fe761b81738","first_party_compiled","ok"
"管理端","pageReport/rank/memberPointRank.js",".js","19432","583","e7cf8eea492c21a51e292879ec414c2fb0ac50ea098725dccddb42b9a79d6031","first_party_compiled","ok"
"管理端","pageReport/rank/memberPointRank.json",".json","686","17","a8f5e567eb331cfc80c135c0f625c500e81f3884402535c9c516f14ca30bf3a1","first_party_compiled","ok"
"管理端","pageReport/rank/memberPointRank.wxml",".wxml","10559","111","cd199b3dbfcbdb6fdc8161a67999447c970902e045a64dd1a71ac78b774afde5","first_party_compiled","ok"
"管理端","pageReport/rank/memberPointRank.wxss",".wxss","11865","566","b61574d0054da6fdbf2000cc15ac24b33e6c13ddb5db7c63a46b7317b7b61b87","first_party_compiled","ok"
"管理端","pageReport/rank/membershipDetailRank.js",".js","5644","190","b68313d115a2da616571d2e7213bcc034dca26ceaf63dcbbb39b61c7b01c3ffe","first_party_compiled","ok"
"管理端","pageReport/rank/membershipDetailRank.json",".json","449","13","912d407904d15dbad9043e8b514bfadab415704ca55399a43556f32529ee1425","first_party_compiled","ok"
"管理端","pageReport/rank/membershipDetailRank.wxml",".wxml","5090","71","362a2cac02619fd33408ab59a3b640cb8beed26c7198bf82acc757e9bf6fee1a","first_party_compiled","ok"
"管理端","pageReport/rank/membershipDetailRank.wxss",".wxss","4242","206","83ace3a7e8fa9c5e249ca6ee485c4901c66bbf3ce08c12f06f88f663938ed265","first_party_compiled","ok"
"管理端","pageReport/rank/membershipRank.js",".js","5255","184","41f5d4c0b7e71322b45b9556ff0aab7b4fff3357667a08b6895ce656c185f5a7","first_party_compiled","ok"
"管理端","pageReport/rank/membershipRank.json",".json","284","10","2e7f1083c5ac90899a7188de7956605b1fabc139f0435a104a32138eb83ea377","first_party_compiled","ok"
"管理端","pageReport/rank/membershipRank.wxml",".wxml","3751","54","46e76358e952035d05d7a03dd9070c5e2a8f6cf71301f306b6e80761baed422c","first_party_compiled","ok"
"管理端","pageReport/rank/membershipRank.wxss",".wxss","4792","229","a7924b0bac7468669799affd350a4d6ba1ff5240e1b83cb05756bb3b43503b27","first_party_compiled","ok"
"管理端","pageReport/rank/rankTop.js",".js","17349","526","3dd6a73706cfe4d1a2d35bef4fadf0340524118399fcd787e662ca4f84c6136b","first_party_compiled","ok"
"管理端","pageReport/rank/rankTop.json",".json","686","17","a8f5e567eb331cfc80c135c0f625c500e81f3884402535c9c516f14ca30bf3a1","first_party_compiled","ok"
"管理端","pageReport/rank/rankTop.wxml",".wxml","10251","107","75b65792dc6e77e4b3bd463b6d4ea295f2f166681f0951d850c4161a92f112b8","first_party_compiled","ok"
"管理端","pageReport/rank/rankTop.wxss",".wxss","9300","431","7afc1ea4b503ed7a6aaa03eac3d340d45e3f1e16c2509f1ff2ebcd2269fe76a4","first_party_compiled","ok"
"管理端","pageReport/rank/siteModifyLog.js",".js","12997","380","b9407ab2de58b9761a7c5ca75210ffd8426d6aa3f1aa6240476a56f303552df5","first_party_compiled","ok"
"管理端","pageReport/rank/siteModifyLog.json",".json","529","14","eb6620f113e8cd179875b42de51a71501170f38faf9c5914bd0a23574fa1ecbe","first_party_compiled","ok"
"管理端","pageReport/rank/siteModifyLog.wxml",".wxml","11164","128","b6ab79e6646e2cfe0f277e78310a727ddffe61fd16d39a6c23c442e6aa6496ab","first_party_compiled","ok"
"管理端","pageReport/rank/siteModifyLog.wxss",".wxss","8769","441","669e316e44da56e87f906c53b76ff75b070f5b6d32b418f5d8eee9cb863b924a","first_party_compiled","ok"
"管理端","pageReport/remind/birthdayRemind.js",".js","12365","401","59a359296ac9f5cf8ec9663d32006a1a41ecb404036135e0623e46568f31eede","first_party_compiled","ok"
"管理端","pageReport/remind/birthdayRemind.json",".json","506","14","0be8df9ac92edcd7becb755ece6437589b6e9f9e3121875912a95a6bf890df3d","first_party_compiled","ok"
"管理端","pageReport/remind/birthdayRemind.wxml",".wxml","6407","82","1d7699f914d9e184a1d5af3ee80ad5e1866da4dc27556b303eaed9a6eb932dee","first_party_compiled","ok"
"管理端","pageReport/remind/birthdayRemind.wxss",".wxss","9060","422","88d43066bbaa74275534c6c84be59abde5fbb1f3a303798e1b5fece77367b945","first_party_compiled","ok"
"管理端","pageReport/remind/cardExpires.js",".js","11546","377","f3d5cc95b47ddfcf15222902d1a0f451aca2e189ec4447d9129ed995055d5c6a","first_party_compiled","ok"
"管理端","pageReport/remind/cardExpires.json",".json","592","16","57810dc39f11e9b6741a10dce29040256897e2fcf5f6d5799ed7c65a07bad8b8","first_party_compiled","ok"
"管理端","pageReport/remind/cardExpires.wxml",".wxml","5502","72","5625a97951628a3c16e1b45fbda0aa821d24cbd5df988f43f53b98cc6b39e96d","first_party_compiled","ok"
"管理端","pageReport/remind/cardExpires.wxss",".wxss","6127","276","9017473e0a00a36738d7082c2456e114db389d4439d30c37e3cf621e7129ef87","first_party_compiled","ok"
"管理端","pageReport/remind/cardWill.js",".js","11633","378","67ab3c746a2c1fa06c99b48b06b4a66f9a98cfda6f9d9707b339efc566f956bb","first_party_compiled","ok"
"管理端","pageReport/remind/cardWill.json",".json","558","15","fd088a80c3a152fc69c25eed138f2525476cb0fb7e9301bbe84eabd0c1199626","first_party_compiled","ok"
"管理端","pageReport/remind/cardWill.wxml",".wxml","5854","75","89424a8ce7c39c793625c6a896b4da37fe83b4c118262c96ed6cd0daade0c16f","first_party_compiled","ok"
"管理端","pageReport/remind/cardWill.wxss",".wxss","6390","286","e00cff81d19211d7b4a94b842cc14c390887e5dc3c553a9155ece176c1f60dff","first_party_compiled","ok"
"管理端","pageReport/remind/component/cardExpiresSetting.js",".js","5382","179","890125be8bf56948efa94fda84d435e97eedcb636bdf0a0e41de9e82cd88849c","first_party_compiled","ok"
"管理端","pageReport/remind/component/cardExpiresSetting.json",".json","339","11","d5d21cffed86a5bdd6607404e2d2808d2e6f5d4979491f57fb3fcdb46ba45aec","first_party_compiled","ok"
"管理端","pageReport/remind/component/cardExpiresSetting.wxml",".wxml","3416","21","f621aedc4cc75b560748745439f6071f1f9be5b82f9c234faff677ab3cdf7325","first_party_compiled","ok"
"管理端","pageReport/remind/component/cardExpiresSetting.wxss",".wxss","1194","59","eea47a4d03dc7515047b594bf2e2c1c360e11009cf460dea19dec4736921cddd","first_party_compiled","ok"
"管理端","pageReport/remind/component/findBalaceZeroSetting.js",".js","7248","218","6cd9fe942e844ba0e7ddbdae2740a23049fdeacf10e255ecd56772f44cd542f8","first_party_compiled","ok"
"管理端","pageReport/remind/component/findBalaceZeroSetting.json",".json","339","11","d5d21cffed86a5bdd6607404e2d2808d2e6f5d4979491f57fb3fcdb46ba45aec","first_party_compiled","ok"
"管理端","pageReport/remind/component/findBalaceZeroSetting.wxml",".wxml","1950","17","8d61f361841c7a1e15cb4cb659ae9493490bb7cd3ff824a0041b4156a3abe628","first_party_compiled","ok"
"管理端","pageReport/remind/component/findBalaceZeroSetting.wxss",".wxss","1216","60","89779983b8f54e9da1fefb62df40a220228ebe0805e2d248f9e668f7ca0a4a3d","first_party_compiled","ok"
"管理端","pageReport/remind/findBalaceZeroCard.js",".js","12421","404","7d6fea6b011b2e92ef19dfc17015cb66b5812e787b67771dff1228915d7ce0a1","first_party_compiled","ok"
"管理端","pageReport/remind/findBalaceZeroCard.json",".json","558","15","fd088a80c3a152fc69c25eed138f2525476cb0fb7e9301bbe84eabd0c1199626","first_party_compiled","ok"
"管理端","pageReport/remind/findBalaceZeroCard.wxml",".wxml","6411","78","90d14c92c33c3930c5dfc1e0512f09ccdbd08a93b0142a1da050bf82025fde12","first_party_compiled","ok"
"管理端","pageReport/remind/findBalaceZeroCard.wxss",".wxss","8850","404","30ccbcb414e35978bf87c71ceac422ba8cffa6f9acdd26c6b729a0cf53bf1c8c","first_party_compiled","ok"
"管理端","pageReport/remind/initiationDay.js",".js","12209","396","9f2a3a93cc2132a8d1a1abe194b86bd99af8a93174158de0afe108d81e795c7a","first_party_compiled","ok"
"管理端","pageReport/remind/initiationDay.json",".json","540","15","328eacb699c160c1050c804bf609f50801709c6b7b6afb5a0805830f9bce0ff7","first_party_compiled","ok"
"管理端","pageReport/remind/initiationDay.wxml",".wxml","6954","87","3a662c43bb1d5c97d7f50a0357e70c64b423c17fdddc2a4c5356508331b54005","first_party_compiled","ok"
"管理端","pageReport/remind/initiationDay.wxss",".wxss","9354","443","c67c1e42de77461c980ae145fda6b9bb7d5d6fed7a43eea2378b3b5f0d215b0b","first_party_compiled","ok"
"管理端","pageReport/remind/leavedDue.js",".js","11648","379","19cd15bd54ca4f20e45a588e5ba6574731b1b68c9faf14ef70d8c89c3d928a3a","first_party_compiled","ok"
"管理端","pageReport/remind/leavedDue.json",".json","558","15","fd088a80c3a152fc69c25eed138f2525476cb0fb7e9301bbe84eabd0c1199626","first_party_compiled","ok"
"管理端","pageReport/remind/leavedDue.wxml",".wxml","5943","76","e8539ec5f0fd65435acaf6742166ce0cb9d3abd86a9e00e9d44c77768e40b9a8","first_party_compiled","ok"
"管理端","pageReport/remind/leavedDue.wxss",".wxss","6365","285","c152b1c777878a3148fb8ac7df832a74280e4189cc850163aeae24b9543bcbb2","first_party_compiled","ok"
"管理端","pageReport/remind/missClassRemind.js",".js","11451","374","78f852c120439b81991b7e969a2e1b1d0b58afd5bcc106ef12e7804d2527ab21","first_party_compiled","ok"
"管理端","pageReport/remind/missClassRemind.json",".json","506","14","0be8df9ac92edcd7becb755ece6437589b6e9f9e3121875912a95a6bf890df3d","first_party_compiled","ok"
"管理端","pageReport/remind/missClassRemind.wxml",".wxml","5272","70","a7ee2f8e3c8268c2b2e772e488cb8a3ec812ec9c6e6af79c0bb0ac46110162f4","first_party_compiled","ok"
"管理端","pageReport/remind/missClassRemind.wxss",".wxss","7202","330","4222bd9442769525d884405ed9d6a9d08664b1bac282c3fb75d21027f60e0aa0","first_party_compiled","ok"
"管理端","pageReport/remind/penalizeCard.js",".js","11561","377","6a74682a3fac9ded05912c565db78526d7def26d7e364c54ef9ce5a19a3ce861","first_party_compiled","ok"
"管理端","pageReport/remind/penalizeCard.json",".json","558","15","fd088a80c3a152fc69c25eed138f2525476cb0fb7e9301bbe84eabd0c1199626","first_party_compiled","ok"
"管理端","pageReport/remind/penalizeCard.wxml",".wxml","5861","70","a08d5aebad9337a27a06f12067a3255c6eed8b34b14a4404b897ab890318e686","first_party_compiled","ok"
"管理端","pageReport/remind/penalizeCard.wxss",".wxss","5896","263","70cb4b1e15f9cd0b57ef5cad8383e3c14061434cf8f85eecb20a36a5c18b96ef","first_party_compiled","ok"
"管理端","pageReport/remind/visitorRemind.js",".js","11503","376","5a07b4d0b2f0395853277b9d973a20a54d09abf3d168481fdcf767c66bbb82b9","first_party_compiled","ok"
"管理端","pageReport/remind/visitorRemind.json",".json","506","14","0be8df9ac92edcd7becb755ece6437589b6e9f9e3121875912a95a6bf890df3d","first_party_compiled","ok"
"管理端","pageReport/remind/visitorRemind.wxml",".wxml","5434","73","8206cbba2e6103599cf0a7198eace6b7f870bee756b6bf4c7dace225a70b2ea4","first_party_compiled","ok"
"管理端","pageReport/remind/visitorRemind.wxss",".wxss","7282","332","a871b475d23c5248152caa897da42853953ec35574287fa3b4031a6db6b81f1e","first_party_compiled","ok"
"管理端","pageReport/teacherMembership/detailed.js",".js","16826","494","20f878d393096fc1cada965f0cdd70c533d5abdf217e3a4c3f7b0c8711e31a5e","first_party_compiled","ok"
"管理端","pageReport/teacherMembership/detailed.json",".json","538","14","799f9da2404952ae34695b204265e4384eca98542d73bc2947bc8b2d02c76a58","first_party_compiled","ok"
"管理端","pageReport/teacherMembership/detailed.wxml",".wxml","18468","208","52cea2004713eb3c0622ebfefcb6ef3d1d50a4f9c012b13356bfd3dc36dc8953","first_party_compiled","ok"
"管理端","pageReport/teacherMembership/detailed.wxss",".wxss","18345","1040","fdd64f3f7519b8062a3a1a7b091103d81b20040633d4f4bec6c0afc68cc3f7c7","first_party_compiled","ok"
"管理端","pageReport/teacherMembership/memberSalaryType.js",".js","14499","405","16aa21670d27943f4c142ab87c74365a29be9fbf7c8d1ff322d1de21ee1c0beb","first_party_compiled","ok"
"管理端","pageReport/teacherMembership/memberSalaryType.json",".json","522","14","536297424877be0bc0680d6b25834a4f03f0fc0ad3eb732d665b2f30f4413878","first_party_compiled","ok"
"管理端","pageReport/teacherMembership/memberSalaryType.wxml",".wxml","12151","102","76cc4e610f478a84766bbafb16ca83d0504fbd11e3a11208f3c701e4543848d6","first_party_compiled","ok"
"管理端","pageReport/teacherMembership/memberSalaryType.wxss",".wxss","5474","235","4c6d35e73194357681429f59f40a7dadb4ad982d23ec7c2d2ebdbc9a1299edee","first_party_compiled","ok"
"管理端","pageReport/teacherMembership/memberShipSalary.js",".js","18966","570","de8dc52af9d8ceca28a9e5ae542ff9f01caab2b4bffb2d6cb195d04276f3afc4","first_party_compiled","ok"
"管理端","pageReport/teacherMembership/memberShipSalary.json",".json","730","18","8eafcdfa20b1f2272369c53da5576acab054b3e33d213d2419a17eb82bd39af9","first_party_compiled","ok"
"管理端","pageReport/teacherMembership/memberShipSalary.wxml",".wxml","11081","118","a7d49824ac7716b4320269d457a554eaa6c3123b97b80b16a3fb58acedca0a1b","first_party_compiled","ok"
"管理端","pageReport/teacherMembership/memberShipSalary.wxss",".wxss","9353","453","ce23406ba4a58b8e95afa583106110f2755aa24274322b57c21f3d70c667d82d","first_party_compiled","ok"
"管理端","pageReport/teacherMembership/memberShipSalaryDetail.js",".js","11833","351","6e51b1ecdb542aa985d8bfc5e34dd9f098e72c5b2d5e159e273049fc151ca250","first_party_compiled","ok"
"管理端","pageReport/teacherMembership/memberShipSalaryDetail.json",".json","752","18","fb5bdb7f4cd9d9af57da0f127ec73efa7cfa2c7abc48e4892fa37184caf6458d","first_party_compiled","ok"
"管理端","pageReport/teacherMembership/memberShipSalaryDetail.wxml",".wxml","14693","165","489bb02c30356f74325b154336142556b12f6f89d748054c58c79eeec9c726b2","first_party_compiled","ok"
"管理端","pageReport/teacherMembership/memberShipSalaryDetail.wxss",".wxss","12597","590","d38691d842490a367f40f8febb03229b9ff3305da3081fd5c957611cfd645f6a","first_party_compiled","ok"
"管理端","pageReport/teacherMembership/personalSalary.js",".js","19363","582","1b9b4dceb5ad0ecc041dd573f6123522390cecb02d85cbdc59613736b762c850","first_party_compiled","ok"
"管理端","pageReport/teacherMembership/personalSalary.json",".json","730","18","e766960d2957abb199a1c36d700ebd414706e392d23f5be01051b5935ec25b79","first_party_compiled","ok"
"管理端","pageReport/teacherMembership/personalSalary.wxml",".wxml","11493","123","fc3b8eb77030e9d15c13730b6311c5b45e67622e3710f4f1ff3bad9f7f7996cd","first_party_compiled","ok"
"管理端","pageReport/teacherMembership/personalSalary.wxss",".wxss","8873","425","393b901e4d70447f17c70baf67448606339006d68f8698986823fe7b8e3b2396","first_party_compiled","ok"
"管理端","pageReport/teacherMembership/personalSalaryDetail.js",".js","15417","422","9fe97fe087807705dee5cd065660274d3e3b0f0f8061f2ea2f40981cd7efac65","first_party_compiled","ok"
"管理端","pageReport/teacherMembership/personalSalaryDetail.json",".json","456","13","10f5ea60adfed1e2246c8cf5fe5ecafd4efba8983f9c1c740e6db74f5cba549f","first_party_compiled","ok"
"管理端","pageReport/teacherMembership/personalSalaryDetail.wxml",".wxml","26512","265","5518ed0c2c5520b01415267806c2eda9f9fe7b0c54a0b724f5786117b1e12813","first_party_compiled","ok"
"管理端","pageReport/teacherMembership/personalSalaryDetail.wxss",".wxss","20002","1136","cb4d0d647a42917d8c8849d1af9b785eb34c4482c5a2427f988273dd0ce45847","first_party_compiled","ok"
"管理端","pageReport/teacherMembership/personalSalaryFixedClassHours.js",".js","13476","385","3c43455abfda6ae13f16f05f49ed196d1d35403f88b522325d0ca76f7266715f","first_party_compiled","ok"
"管理端","pageReport/teacherMembership/personalSalaryFixedClassHours.json",".json","394","12","4c5d468d62501fb430d8b3eb4ec369137dd0e24b639524cdad48fc55a181b089","first_party_compiled","ok"
"管理端","pageReport/teacherMembership/personalSalaryFixedClassHours.wxml",".wxml","8355","97","9078cddbff4ff6a048534c1c1ceeab4157f81a6a93c7485cbe1b807bf4b8c2a5","first_party_compiled","ok"
"管理端","pageReport/teacherMembership/personalSalaryFixedClassHours.wxss",".wxss","10609","438","ff9d0eda29dc2f7040effd66b305699402c1f88fb2e1378b53e4186096db44c5","first_party_compiled","ok"
"管理端","pageReport/teacherMembership/personalSalaryFixedCourseAmount.js",".js","17276","469","1a032eb22f9f280384be32604957177e3496596925f6e031429067d571c42702","first_party_compiled","ok"
"管理端","pageReport/teacherMembership/personalSalaryFixedCourseAmount.json",".json","406","12","86c6a7b8c7cbc94c9547bd4b6ed860be33bd17dda11f8281ec9e56c5ec809570","first_party_compiled","ok"
"管理端","pageReport/teacherMembership/personalSalaryFixedCourseAmount.wxml",".wxml","9558","101","1da34f39f6c5840be58e1ebbb53a31a07bb53f0c5316704f356e6741b69db009","first_party_compiled","ok"
"管理端","pageReport/teacherMembership/personalSalaryFixedCourseAmount.wxss",".wxss","11084","469","13d66a27551dd9a645a8e12445cbdf5a9d09bc78af1955c0a3b759b4e88ddf6b","first_party_compiled","ok"
"管理端","pageReport/teacherMembership/personalSalaryFixedPersonTime.js",".js","16452","448","628d8f3e58af50c393558d484c9e6a65c3cf09e1c498f04e2e4c9a6dc8b5034c","first_party_compiled","ok"
"管理端","pageReport/teacherMembership/personalSalaryFixedPersonTime.json",".json","404","12","0f42b9ad34737ce610076c2b89fd42fa52ed9d23cdb368edd3b66abbcf9d92b0","first_party_compiled","ok"
"管理端","pageReport/teacherMembership/personalSalaryFixedPersonTime.wxml",".wxml","9445","102","ba61a02bcb662f89c06e30896bc7332370e62a3399adb6ab1f3fb8df126d3d39","first_party_compiled","ok"
"管理端","pageReport/teacherMembership/personalSalaryFixedPersonTime.wxss",".wxss","10732","447","dc7040229fd08984cd6ebc316d25506ae7c231e603258581d39277bb4c2bbfaf","first_party_compiled","ok"
"管理端","pageReport/teacherMembership/personalSalarySetting.js",".js","6821","221","0dadca14bde632797a980f32338c10d0ec2a56ce123e5fd4fdb7b0d23ccc5776","first_party_compiled","ok"
"管理端","pageReport/teacherMembership/personalSalarySetting.json",".json","449","13","912d407904d15dbad9043e8b514bfadab415704ca55399a43556f32529ee1425","first_party_compiled","ok"
"管理端","pageReport/teacherMembership/personalSalarySetting.wxml",".wxml","5237","69","38ac46572571a59ef1aaefd8128d755aafcc4fdb1fd6cfc5ad67023717f454cd","first_party_compiled","ok"
"管理端","pageReport/teacherMembership/personalSalarySetting.wxss",".wxss","3819","191","2181c3466dcfde3da100fa80445bafb1093681dd8c62c27fc2495f090badc8b7","first_party_compiled","ok"
"管理端","pageReport/teacherMembership/personalSalaryType.js",".js","7470","240","ef12db166150930dc56dd5d219f24faa03bcb0b5bf845c4e8ce2f195b759cea0","first_party_compiled","ok"
"管理端","pageReport/teacherMembership/personalSalaryType.json",".json","598","15","95971ff10be1ac4939f9e9306f7082af252b9886613e8a7017dbc95a433ab7cb","first_party_compiled","ok"
"管理端","pageReport/teacherMembership/personalSalaryType.wxml",".wxml","4949","55","a9e46f4308ae0af4e3c2f2360686201b3025bdb3c9d73ba0685179003d563522","first_party_compiled","ok"
"管理端","pageReport/teacherMembership/personalSalaryType.wxss",".wxss","2879","121","393ae34755caad7076a86fea50428008f7f8ee9d88169559695c9c5168549e02","first_party_compiled","ok"
"管理端","pageReport/teacherMembership/staffCourse.js",".js","19601","593","962c6f041cd70a8abf69cf08ebe542cd6a83675865079bd8fd7121d9a0b9a615","first_party_compiled","ok"
"管理端","pageReport/teacherMembership/staffCourse.json",".json","686","17","a8f5e567eb331cfc80c135c0f625c500e81f3884402535c9c516f14ca30bf3a1","first_party_compiled","ok"
"管理端","pageReport/teacherMembership/staffCourse.wxml",".wxml","12037","130","71d212a8eba0c36870b0cf628acae2578cd045800c6980c6f00e59ac8efb8225","first_party_compiled","ok"
"管理端","pageReport/teacherMembership/staffCourse.wxss",".wxss","11188","542","46aad56699e82efc467a42d8644092352236dd2ffa1b86dd6c08c25ddeb7f109","first_party_compiled","ok"
"管理端","pageReport/userCost/userCost.js",".js","11521","378","71a78699b91f09f40d2f11a970399a7c679704f19f2cb6c9ed5be6ae33d42b49","first_party_compiled","ok"
"管理端","pageReport/userCost/userCost.json",".json","506","14","0be8df9ac92edcd7becb755ece6437589b6e9f9e3121875912a95a6bf890df3d","first_party_compiled","ok"
"管理端","pageReport/userCost/userCost.wxml",".wxml","9681","125","35d02e53fbb22f45da29f33521deedf8985811d20e9bc2d7810a5e3b1631ab59","first_party_compiled","ok"
"管理端","pageReport/userCost/userCost.wxss",".wxss","10942","547","41facb888d07f53273c57ae3833e3da035a2d93779c0b2ed934b7dfc52c5d905","first_party_compiled","ok"
"管理端","pages/.DS_Store",".ds_store","8196",,"41ec465b8d30fe7789395091aa331ade890f39d438f9fd250881f935840b0acf","metadata","binary"
"管理端","pages/course/components/custom-navigation.js",".js","2760","111","44ff7a1537b3f0a77484d8512c74db92a0fa810e52047b40dd7fff6d5b779687","first_party_compiled","ok"
"管理端","pages/course/components/custom-navigation.json",".json","112","7","dd1d5510e387f6560f9f37b98c86e4f31cb6d9b00ea6fed32dc33283f71755dd","first_party_compiled","ok"
"管理端","pages/course/components/custom-navigation.wxml",".wxml","498","9","447b21ccefa26910187554bb0c74cf1c52cb0a6e14ed04820bc386b498407293","first_party_compiled","ok"
"管理端","pages/course/components/custom-navigation.wxss",".wxss","342","21","53de545afa1876a321745894f9a85a4b0f7725ab3fa81da8a408ca02bd2d260b","first_party_compiled","ok"
"管理端","pages/course/components/week-calendar/week-calendar.js",".js","8205","258","a2bcd1626ec8363f312a9ea461c6d44dfefe0b66b595793057d5080f9b37c30f","first_party_compiled","ok"
"管理端","pages/course/components/week-calendar/week-calendar.json",".json","112","7","dd1d5510e387f6560f9f37b98c86e4f31cb6d9b00ea6fed32dc33283f71755dd","first_party_compiled","ok"
"管理端","pages/course/components/week-calendar/week-calendar.wxml",".wxml","3355","40","db65d6a40e983849bfc6e25c1b6b112e547e7a37c4b23d94e738e3a7ed16273e","first_party_compiled","ok"
"管理端","pages/course/components/week-calendar/week-calendar.wxss",".wxss","1747","75","bf78172c727144600b299ca2eae152da93d5b10d0ed5f3c143b1b7ee6a0e10ac","first_party_compiled","ok"
"管理端","pages/course/course.js",".js","17077","498","7c1cf592c2aca5b6e2cb8ab1c9fb79d95552cdd7322a2da11186831dd809da00","first_party_compiled","ok"
"管理端","pages/course/course.json",".json","816","19","db4b3c39cf55188bc76edbefb5250aaef1a5027fe5292f0dcfefac5ce4d8bf28","first_party_compiled","ok"
"管理端","pages/course/course.wxml",".wxml","17510","167","6f2b30e2fcf61be8e4c3530925c50be9aa974af2fa6ae0f1df896f5ea10d5743","first_party_compiled","ok"
"管理端","pages/course/course.wxss",".wxss","15679","856","1f38ee6708b6b457338a0648507b451cb0c8d48557404c2dca79050099e2ac0f","first_party_compiled","ok"
"管理端","pages/home/components/appoint-item.js",".js","8954","286","6ed4ce2ea714a4ecd2e6b433022f6516396aeda0f1f90d848e54ee8d296605ca","first_party_compiled","ok"
"管理端","pages/home/components/appoint-item.json",".json","293","10","6fc36fe4a6cea473c55246bc08e08b167e87ed39e154d3a2f6b92a59e5e19fde","first_party_compiled","ok"
"管理端","pages/home/components/appoint-item.wxml",".wxml","7128","82","19f5c0bfc63fc4c82948598773afe2535ddea26c9f9f9ae02e631dec854b6558","first_party_compiled","ok"
"管理端","pages/home/components/appoint-item.wxss",".wxss","7233","298","c52897d799e3063ae53eb3302af136d42fe7319e91f1d1eb286d0933d1610658","first_party_compiled","ok"
"管理端","pages/home/home.js",".js","17996","541","605f0ca60c0b60f3a2db45c3ae3727bdc8b571db614d5a18433a2935164046da","first_party_compiled","ok"
"管理端","pages/home/home.json",".json","793","19","a750e693d1c8170860e415aa4144614b7ab231d80ac2d530d11897faac7b72ca","first_party_compiled","ok"
"管理端","pages/home/home.wxml",".wxml","10896","129","310d9f0c94fb28d6335dfecd65a2fb5f46b7bb0fcd7b8a514e49d96466d1cf39","first_party_compiled","ok"
"管理端","pages/home/home.wxss",".wxss","10712","509","d21d40e4f1a8f4591ea5bdbf2e973af0c3d7950eefe15eb5f56c628d462af89e","first_party_compiled","ok"
"管理端","pages/login/components/mp-weixin.js",".js","5124","184","de5870ef075dd0c07b6969d6d7466f64016bab9bcb705115de73e69788a17100","first_party_compiled","ok"
"管理端","pages/login/components/mp-weixin.json",".json","170","8","9353b9329a951370308417dcffabad80d039811f875f11d4ffde5f858b447989","first_party_compiled","ok"
"管理端","pages/login/components/mp-weixin.wxml",".wxml","1103","14","25d6bbf7dba289125bb405253dc07084a6d1c16a4c175a254d90c396ce14295e","first_party_compiled","ok"
"管理端","pages/login/components/mp-weixin.wxss",".wxss","915","43","46012d68380e34fe71236a77c772ac728837ba025400f61681f0a5580c55f6c3","first_party_compiled","ok"
"管理端","pages/login/login.js",".js","3899","133","42049bf09f695ee2bf8a4ac51af01325eb54a07f1ebf796eaa24c70287996d6e","first_party_compiled","ok"
"管理端","pages/login/login.json",".json","210","9","a975799eb932efe9f8525f880167cc11f6bff155b1e54bbed5e8b5f7a1d53874","first_party_compiled","ok"
"管理端","pages/login/login.wxml",".wxml","215","4","c94340ccf610ff48db7b8b57e5a747e0d32977efb295aada9cf5f665dc5487fa","first_party_compiled","ok"
"管理端","pages/login/login.wxss",".wxss","0","0","e3b0c44298fc1c149afbf4c8996fb92427ae41e4649b934ca495991b7852b855","first_party_compiled","ok"
"管理端","pages/member/components/fixed-btn/index.js",".js","2170","94","1c8015fa56dcaf2ec852c2584e9de4eacd1bd16c0366a8fb5cc05d2990c236b0","first_party_compiled","ok"
"管理端","pages/member/components/fixed-btn/index.json",".json","112","7","dd1d5510e387f6560f9f37b98c86e4f31cb6d9b00ea6fed32dc33283f71755dd","first_party_compiled","ok"
"管理端","pages/member/components/fixed-btn/index.wxml",".wxml","263","8","10b91db54e5240205b861af24c892d44d3d0fda77e4fe096974b20f91ee3be47","first_party_compiled","ok"
"管理端","pages/member/components/fixed-btn/index.wxss",".wxss","667","32","bd8b8a0dfbed6f969789d27c32ff3da8cf3fd2973135c374f9b7f9d215f12501","first_party_compiled","ok"
"管理端","pages/member/member.js",".js","42697","1122","8f9984ca5214fabd5d501513bec77f5037fec3b717ea059f291762fb00d8cc79","first_party_compiled","ok"
"管理端","pages/member/member.json",".json","1024","22","d9dc3d6cba83e0ab8896523cc3c5125c140ba90c2df4aea9d457156591b442dd","first_party_compiled","ok"
"管理端","pages/member/member.wxml",".wxml","16588","181","630120a3e0de240923fb880230b277e71a22a0b96224feaf8d38275fae706c33","first_party_compiled","ok"
"管理端","pages/member/member.wxss",".wxss","18074","820","6aa44ed41b0de414d3a911345b6bf4ddc9366f5d5eb9245879cc0f04b90a962b","first_party_compiled","ok"
"管理端","pages/report/report.js",".js","20426","552","45b04b186edaf5537ae057c10c9916fad3d543d37edeffd228972f8b10c962f1","first_party_compiled","ok"
"管理端","pages/report/report.json",".json","672","17","3a54007e4a91b14d564e59b312fd6067b2844264ae7dff28151ecd4a0368256a","first_party_compiled","ok"
"管理端","pages/report/report.wxml",".wxml","47012","586","b0b02c11d4f8f659ec02c1a14553b409d01c678ef2c97f5c4a2120b80e7ee043","first_party_compiled","ok"
"管理端","pages/report/report.wxss",".wxss","25970","1149","41cd5215d44525fca5990c90784e1dc2ce07dc479040c018ea00b9c528567ad8","first_party_compiled","ok"
"管理端","pages/shop/authorizationPage/info/index.js",".js","5761","195","c0ba0616bb783193b49b37f8f0c05aa35ce35b0e7ab6e8fd6637d23de1274c97","first_party_compiled","ok"
"管理端","pages/shop/authorizationPage/info/index.json",".json","297","11","feabafd6033d85dcfc55ab68d50952feb75bb10e624a2c36a7cc88adcd1fd3a4","first_party_compiled","ok"
"管理端","pages/shop/authorizationPage/info/index.wxml",".wxml","2982","44","5069c4a85b9667b6d9a8d7cb80e2c6b10bd9f45e0f54cc2665db96593913664f","first_party_compiled","ok"
"管理端","pages/shop/authorizationPage/info/index.wxss",".wxss","2513","116","63ed2e4c58645ac3251146da63d02810e15ac7e9cdcfaa1a614ce0fbe57e6ff4","first_party_compiled","ok"
"管理端","pages/shop/authorizationPage/phone/index.js",".js","4734","160","3409d2c43dc0cf7190f8c9b5e5095a7ff18f268d4ca09c8e05433f4fafb1739c","first_party_compiled","ok"
"管理端","pages/shop/authorizationPage/phone/index.json",".json","168","8","22ed58e95f57d95ef3d4244bc3f552b065e35d241d43280eda1ea66f2c6ffbc9","first_party_compiled","ok"
"管理端","pages/shop/authorizationPage/phone/index.wxml",".wxml","906","18","90f5e27440e1d8376ba4f8ba7e488bd8d6772671cf1a32d2fe137befc10267ec","first_party_compiled","ok"
"管理端","pages/shop/authorizationPage/phone/index.wxss",".wxss","1127","61","dac78bc6291d3ae3c9634eddf8bc19f168907bb9624b4881dca1c213d7d0afd5","first_party_compiled","ok"
"管理端","pages/shop/shop.js",".js","29783","808","51808af6387c953aa252b3ddd218f8ed08685ca61fa7c6976f7570aa2025ad68","first_party_compiled","ok"
"管理端","pages/shop/shop.json",".json","523","15","f64774d48818aa1f3c3169af0e2c9a38fc077889291df0ba0dc102b3d2cbbbbf","first_party_compiled","ok"
"管理端","pages/shop/shop.wxml",".wxml","13826","168","a7bb6c28febd0cb357caa97254e9b50edc2c6b3595e5737af7a2e3a58e1ffbed","first_party_compiled","ok"
"管理端","pages/shop/shop.wxss",".wxss","11863","375","4473ecbc649fa5c3936eda35efe58d51e7bad0afdfee21ae381838f61d65830b","first_party_compiled","ok"
"管理端","pages/shopOrder/index.js",".js","5489","183","0c35e045330afb78380ad0782108148315227ef7a9234faa32f6a21dc18170ec","first_party_compiled","ok"
"管理端","pages/shopOrder/index.json",".json","355","12","9185cba1635ba436f8733eccb938d8c0fa69a02fa4a5fed440c65c09ac5adf3e","first_party_compiled","ok"
"管理端","pages/shopOrder/index.wxml",".wxml","2390","36","8d397748e5a568ef8727eea50b8ac26262cb66f9db7c694f58471e3553b4c890","first_party_compiled","ok"
"管理端","pages/shopOrder/index.wxss",".wxss","2202","108","51e2d250d7cae236e960e2a5e96cf13f87175fa1c5eac303a6cf483ed0538d4d","first_party_compiled","ok"
"管理端","pages/start/index.js",".js","7280","226","0210cce1b3a470a2abbae25a5ab424cf87e68241f171e13d40c30cb323dfd3be","first_party_compiled","ok"
"管理端","pages/start/index.json",".json","122","7","76139d8ef2a7c57d37ae4762f011e33347bf971a78a1e4b80bae8cdc464ef487","first_party_compiled","ok"
"管理端","pages/start/index.wxml",".wxml","840","19","4673668094753bc9e87ca75fe51e2e74e028ac932558b0f2683e8be3590ac14d","first_party_compiled","ok"
"管理端","pages/start/index.wxss",".wxss","1675","81","195fdeef81a50734f47dc8cc1969a2cd13dd51dbd09ae3e9169036062285ea68","first_party_compiled","ok"
"管理端","pagesCourse/.DS_Store",".ds_store","8196",,"da5d96d589ffa52e04ab4181f659ceef80c6853ffd515064c4599c0260755a67","metadata","binary"
"管理端","pagesCourse/app.wxss",".wxss","0","0","e3b0c44298fc1c149afbf4c8996fb92427ae41e4649b934ca495991b7852b855","first_party_compiled","ok"
"管理端","pagesCourse/components/chosecard.js",".js","4328","163","414da9bd52f7e3ffcd7003802cb1d4f319fc0783f5fe3f00ac61d1120edd63cc","first_party_compiled","ok"
"管理端","pagesCourse/components/chosecard.json",".json","317","11","3fc022f9f59964e4710fbce17dfa669dd3aed6649fe34d9e5f19d7291beb06c5","first_party_compiled","ok"
"管理端","pagesCourse/components/chosecard.wxml",".wxml","5042","58","467ebdd41f9b8eafbfedde58ba8c37450c4a0f767ba916f89f868cb79ddbe792","first_party_compiled","ok"
"管理端","pagesCourse/components/chosecard.wxss",".wxss","2454","114","a530600c97b380510bbf5bc03d3f49b184fab3ceb4362d003c6b6e4de64a9226","first_party_compiled","ok"
"管理端","pagesCourse/components/edit-course.js",".js","12681","371","3708598252394f32d677436d6eb8a3fec415e4ed6dd67914f7af2adfd58fff48","first_party_compiled","ok"
"管理端","pagesCourse/components/edit-course.json",".json","502","13","195e0917a19405cee4aefcd90bf2dfb797f974cbbb62e6b07df305dd6f6d250f","first_party_compiled","ok"
"管理端","pagesCourse/components/edit-course.wxml",".wxml","6179","72","9cf3ffee6afde788d6b1bbb102cd650f86cef0c39283d91c80736f1d7b020202","first_party_compiled","ok"
"管理端","pagesCourse/components/edit-course.wxss",".wxss","4515","208","ddbf9a904f6a85422faf4407897226e0ba03e49bc96909ff554ab31339b8cc03","first_party_compiled","ok"
"管理端","pagesCourse/components/member-search.js",".js","32423","821","4bdecd8838872047e6adfb658abc6f825fe9d5fcc61024fe1f829298dc09b499","first_party_compiled","ok"
"管理端","pagesCourse/components/member-search.json",".json","468","13","56424313b1c7255d3a2a5a0b6e1f8cb6b49d97cc24cc95722771676d8f296327","first_party_compiled","ok"
"管理端","pagesCourse/components/member-search.wxml",".wxml","7807","77","3fbc5fbc7b844c7c0b2fad8885f00c1523430dc1e82e86ac0f58a3b6acd5b991","first_party_compiled","ok"
"管理端","pagesCourse/components/member-search.wxss",".wxss","7082","323","9e0a51d6522c67d0db5a7e72a0adb6d5ffcba6018dfedb862c57e2407da5bb89","first_party_compiled","ok"
"管理端","pagesCourse/components/select-member-card.js",".js","11154","322","c6c77b26d68186f59c451fa9ce17b64a9389d4b23a7b12efbd2973c73c671339","first_party_compiled","ok"
"管理端","pagesCourse/components/select-member-card.json",".json","485","14","aaa9ae706adae3b649201672144765668d9a56077732ab9c3135ccc1a1710745","first_party_compiled","ok"
"管理端","pagesCourse/components/select-member-card.wxml",".wxml","5886","66","d178e8771f73a9b92deddce233bf4fa0b746271a246decae13c8eb51eeecd204","first_party_compiled","ok"
"管理端","pagesCourse/components/select-member-card.wxss",".wxss","2927","151","d40bd5994510906916643275b5c375c0bb15bec2ed8e2e2870a856c0bd257ab5","first_party_compiled","ok"
"管理端","pagesCourse/components/select-time.js",".js","12413","380","d11a2a5d1bcd0ecd3241eb6e7ac064524f5012ab6c2b89fe63bbc3d1ed33a74d","first_party_compiled","ok"
"管理端","pagesCourse/components/select-time.json",".json","502","13","195e0917a19405cee4aefcd90bf2dfb797f974cbbb62e6b07df305dd6f6d250f","first_party_compiled","ok"
"管理端","pagesCourse/components/select-time.wxml",".wxml","5870","67","92d37bf560e319ab14f8d2488475385c684e35d8a2d3b8964a19529426412a4c","first_party_compiled","ok"
"管理端","pagesCourse/components/select-time.wxss",".wxss","4550","210","89a2ac2f7a62420761436c30327d45399079e2ebb76a7b45c60633edd627f9b4","first_party_compiled","ok"
"管理端","pagesCourse/components/success.js",".js","2906","114","68b643b637f8cf60e738da7c3bfaf480a244c6ff3e27159be82291ce13ff36bd","first_party_compiled","ok"
"管理端","pagesCourse/components/success.json",".json","161","8","f36e55140eeb0410a1d521af6dad794186af20cfa437767c8f34da032b82e8ec","first_party_compiled","ok"
"管理端","pagesCourse/components/success.wxml",".wxml","700","12","dfda1616afb840d2ea3814d641be352beed7fe0f14f737573a2d9c0af142b630","first_party_compiled","ok"
"管理端","pagesCourse/components/success.wxss",".wxss","694","37","94fde37214ea4c78be4821ee593f345cfa32ad95cfe81da7e2aca9d7e49636ab","first_party_compiled","ok"
"管理端","pagesCourse/components/top-hint/index.js",".js","2248","97","2c10aec9cdcb8fa229961af2319186e8d548569016d209ff5152cdbdbbd73a39","first_party_compiled","ok"
"管理端","pagesCourse/components/top-hint/index.json",".json","164","8","a4a1796bedd598923dcd4e92db8b25d672194470d65c8644423291463bf40202","first_party_compiled","ok"
"管理端","pagesCourse/components/top-hint/index.wxml",".wxml","292","9","dce56abc224c41b36160a2a4a1b371f6c52507507e1a01abe4a99ec03aa4a3f9","first_party_compiled","ok"
"管理端","pagesCourse/components/top-hint/index.wxss",".wxss","269","15","251fd83e9955ff3e06e1e0dc28fd61c45fbc55f35217fde3da5e1f24386e011b","first_party_compiled","ok"
"管理端","pagesCourse/home/venue.js",".js","7063","224","301dccd491e8c6484168370e5a3f3274f93b93348ab25137a40a574e85f29405","first_party_compiled","ok"
"管理端","pagesCourse/home/venue.json",".json","318","11","9feb1eab1b125f45b85dae5d1716ad6f0700b0426e0a047cda909dbec790651e","first_party_compiled","ok"
"管理端","pagesCourse/home/venue.wxml",".wxml","2393","34","8d66bca05f889529e8afe35cb040ad9099d923318dd0612ef568964caa0db9c7","first_party_compiled","ok"
"管理端","pagesCourse/home/venue.wxss",".wxss","2733","142","8a5623cd192ceddae1f78fe5c3bf08ef16fbf54dd715278f15c71e640b07d70c","first_party_compiled","ok"
"管理端","pagesCourse/index/all-course.js",".js","6649","222","986ce6c7139db35524a9ff3a39358816dcf0ac81309336317f8ecca85c851cbc","first_party_compiled","ok"
"管理端","pagesCourse/index/all-course.json",".json","604","16","67b12f930da98d98f7e78466f1bb058659fc6f106d887a888866460fdb3a5dc0","first_party_compiled","ok"
"管理端","pagesCourse/index/all-course.wxml",".wxml","2232","28","5d1b135a3b3b2377bb4449caa1b9d6a28cc056032321205abd81d13b45cb9f89","first_party_compiled","ok"
"管理端","pagesCourse/index/all-course.wxss",".wxss","668","28","bdae2c75893a12ae9284359597f1fe4ff387669838db8d23fd494efa3aefb46e","first_party_compiled","ok"
"管理端","pagesCourse/index/components/clear-timetable.js",".js","7314","232","121ddf4dc6c8bb4409a09def04ed335d4610b8e9a1ae88f3cc7f0e381b9ec914","first_party_compiled","ok"
"管理端","pagesCourse/index/components/clear-timetable.json",".json","411","12","8c2dce93074729a2ab578bd7157fe974541eed7f23961f35317cfd834eb1be16","first_party_compiled","ok"
"管理端","pagesCourse/index/components/clear-timetable.wxml",".wxml","5079","50","6b670b99900a32fff960a27963c8208fbf087216518fafb7b78092ac8f45a2ff","first_party_compiled","ok"
"管理端","pagesCourse/index/components/clear-timetable.wxss",".wxss","1608","73","73d0832511bd6226c81b160a14ab6f61ab96f0725b0c4087f49b7de518f88b06","first_party_compiled","ok"
"管理端","pagesCourse/index/components/copy-timetable.js",".js","14972","403","29f0065d3071adc4ee8513b83def0bfe09333a2662d98f34e5b9437e7b6dade2","first_party_compiled","ok"
"管理端","pagesCourse/index/components/copy-timetable.json",".json","411","12","8c2dce93074729a2ab578bd7157fe974541eed7f23961f35317cfd834eb1be16","first_party_compiled","ok"
"管理端","pagesCourse/index/components/copy-timetable.wxml",".wxml","7469","69","23c1d1f42a73dcb50b4849a13f325080d6f46d675136fc11b680376434d0218f","first_party_compiled","ok"
"管理端","pagesCourse/index/components/copy-timetable.wxss",".wxss","2056","90","aa0f8fdc2d23fc9c744d2880e3c1c42779070d736b66f61b0518a75219e27276","first_party_compiled","ok"
"管理端","pagesCourse/index/components/course-box.js",".js","2645","107","be1e538b61dc2ecb730d7fe6aa3e6f3053257c9d42dcea11d2129f5f06c96629","first_party_compiled","ok"
"管理端","pagesCourse/index/components/course-box.json",".json","112","7","dd1d5510e387f6560f9f37b98c86e4f31cb6d9b00ea6fed32dc33283f71755dd","first_party_compiled","ok"
"管理端","pagesCourse/index/components/course-box.wxml",".wxml","1215","21","ad65ac731977e15965cb5b373fe8a7fef276fd3a1f84c41918a81b1cdb1d214d","first_party_compiled","ok"
"管理端","pagesCourse/index/components/course-box.wxss",".wxss","1629","77","3867f82b86028f6097abec746b5812e99bdda343327da56395c1c52f6fbdab6d","first_party_compiled","ok"
"管理端","pagesCourse/index/components/course-management.js",".js","13112","386","490d307bb1f15f76e426dd918e423b61b500bc2b161aa3953442a5b2317c01a1","first_party_compiled","ok"
"管理端","pagesCourse/index/components/course-management.json",".json","692","16","065e67233818f6b00f467945c3ed1efa3ef076e0a489819e3e33e268059a6e69","first_party_compiled","ok"
"管理端","pagesCourse/index/components/course-management.wxml",".wxml","9576","101","5d9d6ae1ce1e9267fe4c405d9933a1d0d6aae659c83e3768d22ca83ff3b47f9b","first_party_compiled","ok"
"管理端","pagesCourse/index/components/course-management.wxss",".wxss","753","37","b9177d7d7a93a3539d905eae6b44b65c20a504b2047ca485fc7353ed26ab5e08","first_party_compiled","ok"
"管理端","pagesCourse/index/components/course-scroll.js",".js","9697","298","59d437d7f5e96f8b33815028308016a2344e8549e41912495b408129b01e2075","first_party_compiled","ok"
"管理端","pagesCourse/index/components/course-scroll.json",".json","226","9","3117fcbd57345abf157d41b6ea62deb49be5794ce3591f022667740bafe45746","first_party_compiled","ok"
"管理端","pagesCourse/index/components/course-scroll.wxml",".wxml","5906","73","6a3deba4e1d3519679d4872daa7f4e13b5c329eff31ffa5169b421a7c06e0411","first_party_compiled","ok"
"管理端","pagesCourse/index/components/course-scroll.wxss",".wxss","3219","150","a9355a19a17faf4ba81813e1c923ce052f76026a54e912da8adecfd91312abd5","first_party_compiled","ok"
"管理端","pagesCourse/index/components/download-timetable.js",".js","11922","342","e96109a350bed61f4aaebfc16db9755b142824b1bb4a6331570c15661d31605a","first_party_compiled","ok"
"管理端","pagesCourse/index/components/download-timetable.json",".json","335","11","d955be4ecf3b94c808947c8f823538d42d0be1238777464763611ddf2fd1093f","first_party_compiled","ok"
"管理端","pagesCourse/index/components/download-timetable.wxml",".wxml","4676","49","facf2a3c179f1a7532c8e2c8ad271aee27cf46d0f42516d1424a4f931feba325","first_party_compiled","ok"
"管理端","pagesCourse/index/components/download-timetable.wxss",".wxss","3562","159","9eff515d874d0f0cf853dab2c007d1baca742ed0d95b3ae2b1849036801c1251","first_party_compiled","ok"
"管理端","pagesCourse/index/components/empty-data.js",".js","2297","95","d6d91ca5916d1d52b4da8f1ce8864e490a49997bcb87703af8b07e49293a26fd","first_party_compiled","ok"
"管理端","pagesCourse/index/components/empty-data.json",".json","112","7","dd1d5510e387f6560f9f37b98c86e4f31cb6d9b00ea6fed32dc33283f71755dd","first_party_compiled","ok"
"管理端","pagesCourse/index/components/empty-data.wxml",".wxml","174","5","754aa83531a4853e1afd62e151322e25ba5cd596096d9005cbc1c56c5b549379","first_party_compiled","ok"
"管理端","pagesCourse/index/components/empty-data.wxss",".wxss","345","18","9b6f3c7aa0f3262396c287688e44ce8a36bf7d9729216e2c122898e661ececa8","first_party_compiled","ok"
"管理端","pagesCourse/index/components/no-more.js",".js","2427","104","6087da5e7c1095d96f0295440781f134f59492708769d2560960c2b0a9f2c16f","first_party_compiled","ok"
"管理端","pagesCourse/index/components/no-more.json",".json","173","8","d177f2122b0f3b81636f7c3cfc2e97033d18f01ff65a84d3c83beb7fa353b5f6","first_party_compiled","ok"
"管理端","pagesCourse/index/components/no-more.wxml",".wxml","269","4","50ceaa4712e01f4c4e1732ee772d213941fcbc389bd8df80f2801ed6a4bcafcb","first_party_compiled","ok"
"管理端","pagesCourse/index/components/no-more.wxss",".wxss","81","5","e7ad75c0692e4e03d7a11f2e6857beb33d68ecab871ea98393606e0e3cec3b5e","first_party_compiled","ok"
"管理端","pagesCourse/index/components/select-backgroundcolor.js",".js","5398","186","1ae9ca37ba130532d47b0b8220cce1dd19a24ca6d065100f816eda77ea4cdc20","first_party_compiled","ok"
"管理端","pagesCourse/index/components/select-backgroundcolor.json",".json","527","14","4ca5129e6e9372c2a8443fe7a9ed1c84b148dd7f04fdc00121c1a448a4f46d19","first_party_compiled","ok"
"管理端","pagesCourse/index/components/select-backgroundcolor.wxml",".wxml","3416","38","6f7f985bae6af86302d732bb5eb777f28d160dc75de4e68b315ae3921301acf9","first_party_compiled","ok"
"管理端","pagesCourse/index/components/select-backgroundcolor.wxss",".wxss","1367","61","5b3d4d9e1daccdff0bf088032cfd4638b0df47bab17fd683abdc71bbaf1e1b37","first_party_compiled","ok"
"管理端","pagesCourse/index/components/select-courses.js",".js","4498","165","6a608c33f0c7070977dced0b0a14e6991bee073c8b44662969fafc7dc633cc94","first_party_compiled","ok"
"管理端","pagesCourse/index/components/select-courses.json",".json","347","11","2f25bbf90e3f67dc29f494c420759e025f927c177c5c309a3ff4dec3e46f5ca4","first_party_compiled","ok"
"管理端","pagesCourse/index/components/select-courses.wxml",".wxml","1408","13","17da07a60563702a8eb514b6fe6d7b81083f12c3789eddbf581e4b5771040d66","first_party_compiled","ok"
"管理端","pagesCourse/index/components/select-courses.wxss",".wxss","170","10","38d5306946d92cba0f1b1b2a6e1d8d5def36a47fefd9938fbcf3c2651cd6a395","first_party_compiled","ok"
"管理端","pagesCourse/index/components/select-time.js",".js","3958","151","556f184928bae8654c022b5d19ea1e5ef1a4fb2a5d4242b11db5a607cad7bc80","first_party_compiled","ok"
"管理端","pagesCourse/index/components/select-time.json",".json","219","9","f93ffe247a6e575479e3516920ff391c66e7711b13007a0d4c172663d749919d","first_party_compiled","ok"
"管理端","pagesCourse/index/components/select-time.wxml",".wxml","2161","27","0fbb1edee2975754826c9e56a668c52d11100e6d264fbbdbc2bc6a683eaa7b69","first_party_compiled","ok"
"管理端","pagesCourse/index/components/select-time.wxss",".wxss","323","15","82719b263010f0f65228a9b7892189b69c1a3b1c00ca5a74b19f04caf2680947","first_party_compiled","ok"
"管理端","pagesCourse/index/components/subject-card.js",".js","2911","115","d28222fc3addae3b7aa3abdcb17cfc202cdc38735dd64dc37688b93f9ab483ba","first_party_compiled","ok"
"管理端","pagesCourse/index/components/subject-card.json",".json","164","8","268064a967fba2277d7a454d04ba4cebdc654c8b8d00b12a598a15f2b310829c","first_party_compiled","ok"
"管理端","pagesCourse/index/components/subject-card.wxml",".wxml","4227","53","b9643e459bad280aec102dce97a8d08fb135058c3cc9ed90e85505633257a6ad","first_party_compiled","ok"
"管理端","pagesCourse/index/components/subject-card.wxss",".wxss","5144","216","aff2b97facc0e88b245ab561fb5fd80dfaa4b4d0313f6f45346c5a108c39c1b1","first_party_compiled","ok"
"管理端","pagesCourse/index/course-option.js",".js","8761","258","39d552822ee9df50f6d94b63652ed91d5c2638e235ff0d8304cb679bc26bc1ee","first_party_compiled","ok"
"管理端","pagesCourse/index/course-option.json",".json","748","18","0d1df96fa3122c4713ff69bc023e71b5b9196ad9228ed61361c262e839cd4356","first_party_compiled","ok"
"管理端","pagesCourse/index/course-option.wxml",".wxml","8728","97","239269c80001cb4251767854cbcd512b4d251d6dadc99fa3298c78d930aa4a15","first_party_compiled","ok"
"管理端","pagesCourse/index/course-option.wxss",".wxss","2565","105","74898abd90d3712435cd18f6161ca84d7ab42e8d88b7f77e883baf89307ab3b0","first_party_compiled","ok"
"管理端","pagesCourse/index/course-title.js",".js","5299","180","7c14d993ed32a4071ae4b787786ea2aae6440f6aaa9b69fe5447cd681966a5d4","first_party_compiled","ok"
"管理端","pagesCourse/index/course-title.json",".json","364","12","89cb7710d625ed25a73ccdd0d4e13d571d85a2ca79c5eddd7d5c3e589a3fc3f4","first_party_compiled","ok"
"管理端","pagesCourse/index/course-title.wxml",".wxml","2022","28","aa22db93f8aaac60e0ec2c999dc86173763e15f5fc605720651118b6cc35de30","first_party_compiled","ok"
"管理端","pagesCourse/index/course-title.wxss",".wxss","1226","54","1adb3d95644ef67dfb8ffd59ca250ea2cca225d9f9ef7a039460756160b5173d","first_party_compiled","ok"
"管理端","pagesCourse/index/index.js",".js","9307","289","d1f547f41c2876e3cf79900aaf0925578189e4b7595800326bb0754cf7cade54","first_party_compiled","ok"
"管理端","pagesCourse/index/index.json",".json","808","18","268d3ee00a7335f997f8bc506c2a60b42717bdba9b39b4c24c888c0f30ab50ef","first_party_compiled","ok"
"管理端","pagesCourse/index/index.wxml",".wxml","4409","43","795ab818fd903659ae9d3e9804db3b7ef1aea8d566d60e21c23e618afd4441ba","first_party_compiled","ok"
"管理端","pagesCourse/index/index.wxss",".wxss","1290","58","c17ee0df2f7d9324d2a267e74159217d743491cda11950abc75984a9db2b6316","first_party_compiled","ok"
"管理端","pagesCourse/index/kind-reminder.js",".js","9926","290","531455cc88dec1b80358f8317b9e0183a306f249f62a5ad6cab194e46d80cef5","first_party_compiled","ok"
"管理端","pagesCourse/index/kind-reminder.json",".json","374","12","3df0bcd60b03de0a8df7e6383e9b8c42a675073f3d8b4d07beb85575dced30fe","first_party_compiled","ok"
"管理端","pagesCourse/index/kind-reminder.wxml",".wxml","3794","48","17557923f96372979a8b167b7752c08e88c2c27757ede83d6b4d3b6230bf018a","first_party_compiled","ok"
"管理端","pagesCourse/index/kind-reminder.wxss",".wxss","3642","165","d121edd821bbbcc15e35f07193ed7c353dd499e59f452a8ca68bd9fe67e67771","first_party_compiled","ok"
"管理端","pagesCourse/index/management-schedule.js",".js","9452","287","a692cd642f7978c5439ba877000d50c60c20a0ece70f75303b45e91687713842","first_party_compiled","ok"
"管理端","pagesCourse/index/management-schedule.json",".json","609","16","a38e6846b4294ecd9c42938ce17ca926dec88b83ea0e15c576a85cb546431394","first_party_compiled","ok"
"管理端","pagesCourse/index/management-schedule.wxml",".wxml","3403","40","951be5022bfd98d404cd928250550cdbb2bf8d6ca8a58e97033b34c8c008c60b","first_party_compiled","ok"
"管理端","pagesCourse/index/management-schedule.wxss",".wxss","2815","140","d12cba5df95392f97ca8e15c514a2980e67514f144e2b88591d25096a0e3914b","first_party_compiled","ok"
"管理端","pagesCourse/leagueClassDetails/index.js",".js","27697","786","93c723a9d2e31d91d6adcbb6c0dd757cf6552e3e718da77dfd9259b0a692c964","first_party_compiled","ok"
"管理端","pagesCourse/leagueClassDetails/index.json",".json","803","18","bf734b16cec1d56ef6c14f0693ed69de07391282faf39f10b2b44816c11271ea","first_party_compiled","ok"
"管理端","pagesCourse/leagueClassDetails/index.wxml",".wxml","36507","376","8e4fb493c251a87af9730f639a9a528700d7fbe108f5feeb5e75243dfbc91025","first_party_compiled","ok"
"管理端","pagesCourse/leagueClassDetails/index.wxss",".wxss","19577","1056","0cb6e8ceb7fc709b44573da50b4af5377d8126ee46bd9ff3c1a60bfceab653ae","first_party_compiled","ok"
"管理端","pagesCourse/personalTrainerDetails/components/confirm-modal.js",".js","2781","113","c4e32296f51441044b21eb1a7fccf01c8142a47fdb62e6aed33154481585dcfc","first_party_compiled","ok"
"管理端","pagesCourse/personalTrainerDetails/components/confirm-modal.json",".json","167","8","e20f3191e6b67c30e935c53115c518f7bf637e8dbc53fabf2217f38a77061559","first_party_compiled","ok"
"管理端","pagesCourse/personalTrainerDetails/components/confirm-modal.wxml",".wxml","1045","16","58269b2b64be9474aff7bf0e9d170410e935d397121c3c693271d05b3813d4c8","first_party_compiled","ok"
"管理端","pagesCourse/personalTrainerDetails/components/confirm-modal.wxss",".wxss","407","21","10fb029b4fb6e353203cd9ac01d070c988c0f42400d27d6055cd5ab1cba04059","first_party_compiled","ok"
"管理端","pagesCourse/personalTrainerDetails/index.js",".js","22262","638","96e04720bb4561bffa4eb1b11bff8537db3e88532a114e296c916b328cb467e6","first_party_compiled","ok"
"管理端","pagesCourse/personalTrainerDetails/index.json",".json","815","18","15b777e063d8a4f7e5ef03df74d099bff96c55e28c244f5c0e465f56b35586a3","first_party_compiled","ok"
"管理端","pagesCourse/personalTrainerDetails/index.wxml",".wxml","16947","169","a9f6dd3d9d8a7bb195dfcc4e1453697003d1bcd7ff306cb455b11e93e09e8aad","first_party_compiled","ok"
"管理端","pagesCourse/personalTrainerDetails/index.wxss",".wxss","16737","996","65bb2c2b89549c6fa0b84cb8b2d2a407066e4e0f39c5928fdcbc72452ec314e6","first_party_compiled","ok"
"管理端","pagesCourse/subject/subject-compontent/subject-card.js",".js","2755","108","8b16b4b7f21eb2562522367973b8bb44f0ec3428fee78b7bced7f087d5a95d37","first_party_compiled","ok"
"管理端","pagesCourse/subject/subject-compontent/subject-card.json",".json","164","8","268064a967fba2277d7a454d04ba4cebdc654c8b8d00b12a598a15f2b310829c","first_party_compiled","ok"
"管理端","pagesCourse/subject/subject-compontent/subject-card.wxml",".wxml","3544","44","d43161c02c85153fb7089e4340a0690300f117370bd6ff20606694444201b6db","first_party_compiled","ok"
"管理端","pagesCourse/subject/subject-compontent/subject-card.wxss",".wxss","4231","174","1c120110f9a3ac391fd7e90779711704a7c0c367314cdbce174ad201a1ec616a","first_party_compiled","ok"
"管理端","pagesCourse/subject/subject-compontent/subject-openrule.js",".js","4892","172","74287781d2571b1cdf07049feb0492fa454d7a15985d47268b15448449232c24","first_party_compiled","ok"
"管理端","pagesCourse/subject/subject-compontent/subject-openrule.json",".json","347","11","ea8e29e2e1933d043476846d3714311f39f45ec7599f2a9167572773ac02726f","first_party_compiled","ok"
"管理端","pagesCourse/subject/subject-compontent/subject-openrule.wxml",".wxml","3685","41","f5f9d5f8f6c6c858eb289eb1d28c409b38f3db1e4fc3d4b80fa66a3e1a4b7798","first_party_compiled","ok"
"管理端","pagesCourse/subject/subject-compontent/subject-openrule.wxss",".wxss","1912","96","5c45bdb77c1ea427dcfca7447bfd9cb14f1d4684bf4c7cb940bb4a2f08b34bf9","first_party_compiled","ok"
"管理端","pagesCourse/subject/subject-compontent/subject-trainer.js",".js","4377","159","9d3ae3221164fb35fdf272f35e265f66df66f3e3b5a2362b74ec3313906815be","first_party_compiled","ok"
"管理端","pagesCourse/subject/subject-compontent/subject-trainer.json",".json","268","10","559bb72e093b9fe58d9a98f2680d7644f021a46d70fb425ccbfa7c95bc2ee3df","first_party_compiled","ok"
"管理端","pagesCourse/subject/subject-compontent/subject-trainer.wxml",".wxml","2991","37","7c59fbb55562f6126027785632e497536f2ce1aa5c44200e5dcfbd81e1d6256a","first_party_compiled","ok"
"管理端","pagesCourse/subject/subject-compontent/subject-trainer.wxss",".wxss","3105","140","3e9389e0eb3f1a586fbdfe7f6fc80339d0e6eed5b13a892c3f9f33322a29223b","first_party_compiled","ok"
"管理端","pagesCourse/subject/subject-compontent/suject-choice-card.js",".js","13934","356","b95ee9b2701ee78841d51829acd93a3e11be067fd50a7cee3428d9db67950541","first_party_compiled","ok"
"管理端","pagesCourse/subject/subject-compontent/suject-choice-card.json",".json","869","20","0cc35a00fabe97ea8c8801f89c3d8f67ae07ca3bcdbe89c7e2bcf1e677b3d915","first_party_compiled","ok"
"管理端","pagesCourse/subject/subject-compontent/suject-choice-card.wxml",".wxml","11325","93","97453fc4da64b3dd074513521314a4962400cfe191c676c30d95296893d8c942","first_party_compiled","ok"
"管理端","pagesCourse/subject/subject-compontent/suject-choice-card.wxss",".wxss","4372","181","07b7904ea93f212421491644721011f8aa904fc55f6c9ec32432d2c8e5522aee","first_party_compiled","ok"
"管理端","pagesCourse/subject/subject-compontent/suject-classroom.js",".js","7255","225","17acd94e30eb5f4c72c810e7c1a07fe9c5c77ad6978c3971ddf56a4065e77a74","first_party_compiled","ok"
"管理端","pagesCourse/subject/subject-compontent/suject-classroom.json",".json","268","10","a1cf4eaf637a04e4e774703e0aa7fc7483e056529e078286c7a30c7af9d5c5ad","first_party_compiled","ok"
"管理端","pagesCourse/subject/subject-compontent/suject-classroom.wxml",".wxml","3290","35","93804c40d00c76ab1fc13552d373814b2925e8a5f245cfae6df359395dec7f1a","first_party_compiled","ok"
"管理端","pagesCourse/subject/subject-compontent/suject-classroom.wxss",".wxss","3265","127","d530f46a2b083bd3ac8335b3a264475ae05803aa620b17414522c0ed6b2fba4d","first_party_compiled","ok"
"管理端","pagesCourse/subject/subject-compontent/tag-popup.js",".js","7432","237","80708c4db60e5360c25e7c1303a485a7792b1b33c695520fdc5d96bb4ba5f1dc","first_party_compiled","ok"
"管理端","pagesCourse/subject/subject-compontent/tag-popup.json",".json","268","10","a1cf4eaf637a04e4e774703e0aa7fc7483e056529e078286c7a30c7af9d5c5ad","first_party_compiled","ok"
"管理端","pagesCourse/subject/subject-compontent/tag-popup.wxml",".wxml","3085","32","cf5758fa7f8210615165fe708c3f3b51ecccbeaed3f813ada3cf4f79b6d544c2","first_party_compiled","ok"
"管理端","pagesCourse/subject/subject-compontent/tag-popup.wxss",".wxss","3492","138","a634cf30e35992248cf99f0de1d9ff930ae1a1faf6a420eb75e7d4dc3654c09a","first_party_compiled","ok"
"管理端","pagesCourse/subject/subject-edit.js",".js","16421","464","e2d9195ba16473f124d7c3c5d2e9827eec83cf75289e1caf2499a687154de693","first_party_compiled","ok"
"管理端","pagesCourse/subject/subject-edit.json",".json","1279","25","4b88ca8aa44c443377706b3547311434286efa97966b8c49ceba0654624fe0fe","first_party_compiled","ok"
"管理端","pagesCourse/subject/subject-edit.wxml",".wxml","8868","67","e1e6fae1c22f5bb935d62083ca2052ce87d2e80d4ceaa1f468c4c9be9471ba0b","first_party_compiled","ok"
"管理端","pagesCourse/subject/subject-edit.wxss",".wxss","4220","168","6077fa620ef0874163abf24fa038f7a9f1fbb73ea27244ad03166af96c38371e","first_party_compiled","ok"
"管理端","pageServer/.DS_Store",".ds_store","6148",,"cce5b4e6e9c0d439faac1e3e737b737971d938557ddb49f9f01152f83e18ff8a","metadata","binary"
"管理端","pageServer/app.wxss",".wxss","0","0","e3b0c44298fc1c149afbf4c8996fb92427ae41e4649b934ca495991b7852b855","first_party_compiled","ok"
"管理端","pageServer/components/info.js",".js","3464","133","6e2c72161c7c683b1b0d118ccd02a3bb4a9850e1b3b4365ad9f2a5d4669a4f82","first_party_compiled","ok"
"管理端","pageServer/components/info.json",".json","170","8","9353b9329a951370308417dcffabad80d039811f875f11d4ffde5f858b447989","first_party_compiled","ok"
"管理端","pageServer/components/info.wxml",".wxml","1112","17","f201b48ee555cb99676b19ed084415b25ba3961c36558804af3c8f7b7b8224ee","first_party_compiled","ok"
"管理端","pageServer/components/info.wxss",".wxss","1159","57","213947c9f57a90a43096dd4f2110dc5c307b2f59a97074f28fb363bb3b8109cc","first_party_compiled","ok"
"管理端","pageServer/components/service-bottom-logo.js",".js","2602","107","8ad4bcb3a17dd146b086bef6b7d76686e9c93e8ec4759f61e61f0746be0286f8","first_party_compiled","ok"
"管理端","pageServer/components/service-bottom-logo.json",".json","112","7","dd1d5510e387f6560f9f37b98c86e4f31cb6d9b00ea6fed32dc33283f71755dd","first_party_compiled","ok"
"管理端","pageServer/components/service-bottom-logo.wxml",".wxml","564","11","0c33c12a1581c7bfedc81d399933e5017c5d6a4087f8e2a0bdb1f58f6822ffd4","first_party_compiled","ok"
"管理端","pageServer/components/service-bottom-logo.wxss",".wxss","448","22","694900f7eca89dd165ebebd59747af9b3aa5665a0974d31028b90280274ec23a","first_party_compiled","ok"
"管理端","pageServer/components/service.js",".js","2855","112","fbb99fcc2aaac971e274c589dbf1e59ad344f898ff95a57c5df8f10c18262811","first_party_compiled","ok"
"管理端","pageServer/components/service.json",".json","112","7","dd1d5510e387f6560f9f37b98c86e4f31cb6d9b00ea6fed32dc33283f71755dd","first_party_compiled","ok"
"管理端","pageServer/components/service.wxml",".wxml","782","16","c2781cc6de9601dfdf2544010e828852692f6af4355f38347c5f377e50a2ced5","first_party_compiled","ok"
"管理端","pageServer/components/service.wxss",".wxss","979","48","ba48e31c1b65e54afcbbd6c52fbcfddd3f53ef50c5e75adf85dbdd37ba221fa2","first_party_compiled","ok"
"管理端","pageServer/index.js",".js","5699","201","87f7a72a9c5aabb8a0b848e98c99458cf1400ce0d4e9c0e5da97cc27cd4c8cd3","first_party_compiled","ok"
"管理端","pageServer/index.json",".json","549","16","68a9ca12e2ba2071e43aa84fe078e9e108d1b8a8831f14440f90aef5706d2d28","first_party_compiled","ok"
"管理端","pageServer/index.wxml",".wxml","2732","38","58ae79d5e3fffd510e621e8d9c458314ea0c07372e8c3ee877a9c5b776174b72","first_party_compiled","ok"
"管理端","pageServer/index.wxss",".wxss","1224","60","9d51b110f6c246b64e3b1eb69c2ee23fdec3794d6416edefc1ed12f8fc595dc3","first_party_compiled","ok"
"管理端","pageServer/order.js",".js","11333","353","4011154829411f455818ad3cdc16629b66e98c1ed134125efb4be12b8d4bfa17","first_party_compiled","ok"
"管理端","pageServer/order.json",".json","537","16","2f1a6941a3258ebe6688c4b6ad64365a94f82eecd8f0d7f162fe1f56cac7264e","first_party_compiled","ok"
"管理端","pageServer/order.wxml",".wxml","6018","78","fd71d5cb983962717aabec7c1a3b21037498449788d803b51fc68f394f10a1bf","first_party_compiled","ok"
"管理端","pageServer/order.wxss",".wxss","5283","225","52e89b69c172c124ffb4195edeee57c336623cd03e26eb0347996f1c8b8897b5","first_party_compiled","ok"
"管理端","pageServer/serve-agreement.js",".js","2580","108","aad3337cb0aa4b6c889eb319b3ef90d885b49db42c396c753f746ca6677baa26","first_party_compiled","ok"
"管理端","pageServer/serve-agreement.json",".json","217","9","a89d0eabab05fb47348bb2bb3ed0cb84b1b067a6e42317def737b73d1caee770","first_party_compiled","ok"
"管理端","pageServer/serve-agreement.wxml",".wxml","170","4","b43f8a93b33192f83eb5d1f62dc1490a71c59a8630fcd70c726fd357634a8890","first_party_compiled","ok"
"管理端","pageServer/serve-agreement.wxss",".wxss","713","36","a726cad14fcbc675275f1b33ce76d5c4d0b35c09c3ee9705696c431c11e7d88b","first_party_compiled","ok"
"管理端","pageServer/videoHelp/videoHelp.js",".js","13193","365","19d5a50b6febbb38be7dd4f2b6e45bcb257761cc94b3f944a9baa60960ff4d36","first_party_compiled","ok"
"管理端","pageServer/videoHelp/videoHelp.json",".json","241","9","3eeb502fa25f3427ee3464476834803f925bce4a9a5fb408118a3e8c7182dd8a","first_party_compiled","ok"
"管理端","pageServer/videoHelp/videoHelp.wxml",".wxml","5608","71","a0a3b153b77bccedc56eebfec0d82f008159be4111a6d1eaa59b4a765377e848","first_party_compiled","ok"
"管理端","pageServer/videoHelp/videoHelp.wxss",".wxss","5456","247","a37f41b53300d2921acc2b1ef340c1a2c88575c31a4911a96745dd9946a3241d","first_party_compiled","ok"
"管理端","pagesImp/.DS_Store",".ds_store","6148",,"80acae488905a9069ddb1f9dbf3bcda7e43795d687d4a853242a904c3f9c2e79","metadata","binary"
"管理端","pagesImp/app.wxss",".wxss","0","0","e3b0c44298fc1c149afbf4c8996fb92427ae41e4649b934ca495991b7852b855","first_party_compiled","ok"
"管理端","pagesImp/authorization/components/bottom-img/index.js",".js","2537","101","bdc49233a78cf7237717e8d683019a0c9a0075273509a06f90c23c82701ab809","first_party_compiled","ok"
"管理端","pagesImp/authorization/components/bottom-img/index.json",".json","164","8","f9e55f69122a366a198ac4399ab257fce4e742480e7087c990b189bab8bdf10e","first_party_compiled","ok"
"管理端","pagesImp/authorization/components/bottom-img/index.wxml",".wxml","369","8","044aefacd4971f526474c5e31e17d2b22156660335534ade1997cfe76f1c5090","first_party_compiled","ok"
"管理端","pagesImp/authorization/components/bottom-img/index.wxss",".wxss","370","22","11208026ff0c0bb6febc458bbf14d69994e0cd12d5309f77afb54b02fb244328","first_party_compiled","ok"
"管理端","pagesImp/authorization/error/index.js",".js","3613","139","ae51bcda1299adf7239c81ce1c903d0f09d5560694d5139d9e1eda6daa0a886f","first_party_compiled","ok"
"管理端","pagesImp/authorization/error/index.json",".json","293","10","f3c4b3483dfe47b06fb3ea3a2d8ffbdaad4582c722664e4bc7d725a087075aa0","first_party_compiled","ok"
"管理端","pagesImp/authorization/error/index.wxml",".wxml","1454","24","8bf78db8790d20612fb4c2a843692886124990d497c52f6eec0849f23ffaa950","first_party_compiled","ok"
"管理端","pagesImp/authorization/error/index.wxss",".wxss","1176","62","df1595f0c482b31b2d6f5ae93c9eeccb16b8d777171bb867cb8fbfa2a08c48fe","first_party_compiled","ok"
"管理端","pagesImp/authorization/info/index.js",".js","5519","189","f42d5504e917b3dfda1b06e64cca9716b13b6f8bb293f77704feb040ac59e3bb","first_party_compiled","ok"
"管理端","pagesImp/authorization/info/index.json",".json","297","11","feabafd6033d85dcfc55ab68d50952feb75bb10e624a2c36a7cc88adcd1fd3a4","first_party_compiled","ok"
"管理端","pagesImp/authorization/info/index.wxml",".wxml","2559","40","fbe17d578a17e9eb7c17d76588e3b371167a057c1592dc0db9ed1c51499f1427","first_party_compiled","ok"
"管理端","pagesImp/authorization/info/index.wxss",".wxss","2513","116","5fb25e8dd3d8550545ea918b974205dc23f782478a760997e6ae9b089a6df86e","first_party_compiled","ok"
"管理端","pagesImp/authorization/phone/index.js",".js","10256","252","939f8b3e013a19d5e00949d2f89c67b6cc2fdfa4b72ef464ecb048da2dc6138b","first_party_compiled","ok"
"管理端","pagesImp/authorization/phone/index.json",".json","168","8","22ed58e95f57d95ef3d4244bc3f552b065e35d241d43280eda1ea66f2c6ffbc9","first_party_compiled","ok"
"管理端","pagesImp/authorization/phone/index.wxml",".wxml","908","18","6bed88b50c5aa8e070cfff90ec3435bd0c94ee7d309cab494cf0b1510cd2153e","first_party_compiled","ok"
"管理端","pagesImp/authorization/phone/index.wxss",".wxss","1107","60","f9792841fd418977dd48dfd5f7ac8ae18074b73d37790ab597ee30177430ce3d","first_party_compiled","ok"
"管理端","pagesImp/authorization/success/index.js",".js","3257","128","c41aecf535c49f5bf9422a783d7115194cad792f57990855500fb54b91900a28","first_party_compiled","ok"
"管理端","pagesImp/authorization/success/index.json",".json","293","10","f3c4b3483dfe47b06fb3ea3a2d8ffbdaad4582c722664e4bc7d725a087075aa0","first_party_compiled","ok"
"管理端","pagesImp/authorization/success/index.wxml",".wxml","659","10","fd9330065877932f057258464227d21d65a0779aba504755b47d3e95935380fc","first_party_compiled","ok"
"管理端","pagesImp/authorization/success/index.wxss",".wxss","732","39","5388a0232b5450f4f68f1efe29db56e25472323dda36d94e98ac8960819b62bd","first_party_compiled","ok"
"管理端","pagesImp/card/card-subject/index.js",".js","8165","258","cd9feacf8db6d85932e369cc896022b6e42b73f7f1eeb3db0837e6731cc6bb69","first_party_compiled","ok"
"管理端","pagesImp/card/card-subject/index.json",".json","624","16","b96e097fbc36b8a2682ef1ba6a6eb4a10c85b0eda2f54236cdddcecee5e65e0e","first_party_compiled","ok"
"管理端","pagesImp/card/card-subject/index.wxml",".wxml","9109","93","38d11397db6e18ad8bb6ac9a792b5e7d62918a7218cac8eb4279ef7c6d8447dc","first_party_compiled","ok"
"管理端","pagesImp/card/card-subject/index.wxss",".wxss","24829","935","21889ce9d92d9c59a777ff48825827a670f7893dc2c27934722c4bac2d0bcbfd","first_party_compiled","ok"
"管理端","pagesImp/card/components/absentpunishInfo.js",".js","9812","289","3a2418b53d72e67bbbb4e7f9594e3d5e53051e1ef2dc73ab9bddb0e55e4eb5f6","first_party_compiled","ok"
"管理端","pagesImp/card/components/absentpunishInfo.json",".json","512","14","b033ffca4e75d56f53bb1694bccab00922fe4dac02f21201c1e6c48b9490e4b8","first_party_compiled","ok"
"管理端","pagesImp/card/components/absentpunishInfo.wxml",".wxml","8070","71","79aed7e6afeaf91d0a015584e106fd0961075d9552155f782139ebada7e40c3c","first_party_compiled","ok"
"管理端","pagesImp/card/components/absentpunishInfo.wxss",".wxss","2513","102","0cbd0e9e3a562373aaa1a6d59cc280a01f784caaaace0327e40f6d564ff1b4cd","first_party_compiled","ok"
"管理端","pagesImp/card/components/activation.js",".js","3910","145","2ff73500d5f534efa11ae3fb6125dc573e1ebf67b505cd6afbfb986c8452c458","first_party_compiled","ok"
"管理端","pagesImp/card/components/activation.json",".json","402","12","e7df46e432a62ca67d0b1ab3b9f2fdeabd1b12b9a12f25081bd54b9a884dcea4","first_party_compiled","ok"
"管理端","pagesImp/card/components/activation.wxml",".wxml","3080","27","eed11934ffaf107e369a85206def3a959a0bc420fca30cf91659cdce355f5626","first_party_compiled","ok"
"管理端","pagesImp/card/components/activation.wxss",".wxss","761","38","f0290e82f9c56999f4f51ff1a219be32cde5a28ff21199453b2f05a75d08ccb5","first_party_compiled","ok"
"管理端","pagesImp/card/components/appointment.js",".js","4354","158","10711a35ce924f5364960493ba76515e2a29a94beb143c54f65c18eb22609693","first_party_compiled","ok"
"管理端","pagesImp/card/components/appointment.json",".json","402","12","e7df46e432a62ca67d0b1ab3b9f2fdeabd1b12b9a12f25081bd54b9a884dcea4","first_party_compiled","ok"
"管理端","pagesImp/card/components/appointment.wxml",".wxml","2374","22","0d70bedcd2c4b8f40eca0ae09406bec4f044c1f46e97cb8e116cb74b6405ebf4","first_party_compiled","ok"
"管理端","pagesImp/card/components/appointment.wxss",".wxss","696","34","2c352f6ca7bc207f2554c409b2a88394ace064b27a18dbffae98b9dea6aecebc","first_party_compiled","ok"
"管理端","pagesImp/card/components/cancelappointInfo.js",".js","9872","293","7f79d70dcd449fdf83463ea78f4e33f0f135eede0777c872ec9447d26ed86550","first_party_compiled","ok"
"管理端","pagesImp/card/components/cancelappointInfo.json",".json","512","14","b033ffca4e75d56f53bb1694bccab00922fe4dac02f21201c1e6c48b9490e4b8","first_party_compiled","ok"
"管理端","pagesImp/card/components/cancelappointInfo.wxml",".wxml","7709","64","727b43c73799253724a6919dea2725b20c5202a6970bf126e6ae8c8e20454895","first_party_compiled","ok"
"管理端","pagesImp/card/components/cancelappointInfo.wxss",".wxss","2455","99","138caa33721e90b559ce8c65eee489d9c773c270dbfdd8c3f9e0521f47bd5547","first_party_compiled","ok"
"管理端","pagesImp/card/components/cardFace.js",".js","3324","126","adddc82745058b8f9afe5c5fb2b282fee26308b03a3f384b92ba13b2bab65e25","first_party_compiled","ok"
"管理端","pagesImp/card/components/cardFace.json",".json","161","8","f36e55140eeb0410a1d521af6dad794186af20cfa437767c8f34da032b82e8ec","first_party_compiled","ok"
"管理端","pagesImp/card/components/cardFace.wxml",".wxml","974","12","6cc3fc5f271962110d3a156bf50b9460000c0c2f1490bde156bfef9c5c927df3","first_party_compiled","ok"
"管理端","pagesImp/card/components/cardFace.wxss",".wxss","199","11","e05cb522bf47b1ba485c4eb28ab6248da0dd533f877c49defd16174561da387d","first_party_compiled","ok"
"管理端","pagesImp/card/components/courseSelect/deductionDays.js",".js","4211","149","b0ad8c24dacc8db1cafbf85b31622958b8081a87fc5245f274b5e695093b17b6","first_party_compiled","ok"
"管理端","pagesImp/card/components/courseSelect/deductionDays.json",".json","402","12","e7df46e432a62ca67d0b1ab3b9f2fdeabd1b12b9a12f25081bd54b9a884dcea4","first_party_compiled","ok"
"管理端","pagesImp/card/components/courseSelect/deductionDays.wxml",".wxml","2577","19","0730eac289f9b763cf0b0648c4e62057e656f543f882ee32664418020fa2603b","first_party_compiled","ok"
"管理端","pagesImp/card/components/courseSelect/deductionDays.wxss",".wxss","1151","56","8c8e0a01298f89bd5a4e60c383a1e925b41b2ef9e6a0f6ba4f32c5cf2246f777","first_party_compiled","ok"
"管理端","pagesImp/card/components/courseSelect/more-grcl.js",".js","4106","152","90b2a2e28daa72703693aeb580eacafe85822df12238084147a32e248360c83e","first_party_compiled","ok"
"管理端","pagesImp/card/components/courseSelect/more-grcl.json",".json","176","8","1effbc98ae54aacb8f85e58302a58c4b89c0aa42c9185fc800d270b5e69e6f95","first_party_compiled","ok"
"管理端","pagesImp/card/components/courseSelect/more-grcl.wxml",".wxml","2577","28","e2cc7be458f43e5a3ac206001fef145188fa970bd4479d2a3cb351859239dae5","first_party_compiled","ok"
"管理端","pagesImp/card/components/courseSelect/more-grcl.wxss",".wxss","5489","154","19b7a97805dc7b98927d9982d52cbfce40f9ca251e7ecc3fe7c787853de984be","first_party_compiled","ok"
"管理端","pagesImp/card/components/courseSelect/more-priv.js",".js","4538","167","522f58831fd57dd6b80c6b2a73f58c64d9b8eb1b33c63ec264ac88967481a41e","first_party_compiled","ok"
"管理端","pagesImp/card/components/courseSelect/more-priv.json",".json","176","8","1effbc98ae54aacb8f85e58302a58c4b89c0aa42c9185fc800d270b5e69e6f95","first_party_compiled","ok"
"管理端","pagesImp/card/components/courseSelect/more-priv.wxml",".wxml","4051","40","a685c19445aa47fcda5225f966251f05f9eaee8cc2fa08a8471a2b90b86e55f2","first_party_compiled","ok"
"管理端","pagesImp/card/components/courseSelect/more-priv.wxss",".wxss","5317","148","f1d206d0007897791d3314743ba282d99b9e563cb7056f5491a5c5e2b78b6920","first_party_compiled","ok"
"管理端","pagesImp/card/components/courseSelect/single-grcl.js",".js","4597","168","3ce96b316ca5e540b1910887ad7c6cd8e7873ad5a627b2919e58c53616af55fd","first_party_compiled","ok"
"管理端","pagesImp/card/components/courseSelect/single-grcl.json",".json","228","9","c209f57491eb0290c65efd03a280014f47d8095cbde04070611011f37a1a9448","first_party_compiled","ok"
"管理端","pagesImp/card/components/courseSelect/single-grcl.wxml",".wxml","3382","33","91d89101024582a8174a13c84e9315e4485b7caa2cb7558590ecd83fc47b2c45","first_party_compiled","ok"
"管理端","pagesImp/card/components/courseSelect/single-grcl.wxss",".wxss","5637","160","f64b97c75bae8fc1e80cae11410e0800b1cef79a4cd7e608b49a58992e6a7e85","first_party_compiled","ok"
"管理端","pagesImp/card/components/courseSelect/single-priv.js",".js","5131","186","db29c1b1583815bfac575e349ecdde6c39de2a915a37b2b5cc24274e1d2ccc90","first_party_compiled","ok"
"管理端","pagesImp/card/components/courseSelect/single-priv.json",".json","228","9","c209f57491eb0290c65efd03a280014f47d8095cbde04070611011f37a1a9448","first_party_compiled","ok"
"管理端","pagesImp/card/components/courseSelect/single-priv.wxml",".wxml","5676","52","c4d3ea597e30fab717b96a88b8932e806685014464dc2f97a920fd590315fcc8","first_party_compiled","ok"
"管理端","pagesImp/card/components/courseSelect/single-priv.wxss",".wxss","5387","151","8a3f7e336636350c1584e1e0112563205aa76a0bb8b2df612d4e38b6d4578572","first_party_compiled","ok"
"管理端","pagesImp/card/components/efftime.js",".js","5235","184","c002ad22aa4646170d0039d745d80a5b83046836343450d9a08ee53c8f76d5fd","first_party_compiled","ok"
"管理端","pagesImp/card/components/efftime.json",".json","271","10","b0485279948f95df06e2aa8270bd332e642fb580b909331a6c4bc0b7888b6de8","first_party_compiled","ok"
"管理端","pagesImp/card/components/efftime.wxml",".wxml","3397","39","dd37cd89c3b39a44597156722205ab41207657d406c2b1bbdab23e87e5c33e07","first_party_compiled","ok"
"管理端","pagesImp/card/components/efftime.wxss",".wxss","1774","75","9ed79ea95a9d581e323a49f724a9500b5610c6c62fd48c7e69f3a4a7846ed17e","first_party_compiled","ok"
"管理端","pagesImp/card/components/HM-dragSorts/drag.wxs",".wxs","14164","322","902493b2df5004ab000627a9fbc6ec0ca87ec26b2d351e11bbe1723e98ba846d","first_party_compiled","ok"
"管理端","pagesImp/card/components/HM-dragSorts/HM-dragSorts.js",".js","19588","546","d5cf570c9a23df14edae8c086db9ae9577a0fb2cf8c9b5557a440e4c0697a83a","first_party_compiled","ok"
"管理端","pagesImp/card/components/HM-dragSorts/HM-dragSorts.json",".json","304","10","ef5c656607fde038f59cbf6190784aacbc194b30536997180a92244d023d646c","first_party_compiled","ok"
"管理端","pagesImp/card/components/HM-dragSorts/HM-dragSorts.wxml",".wxml","7448","94","21b8eed7daf7765284e8e6d3373f99e9e7fbf4eaed86f11d276dbb0b63d39dd1","first_party_compiled","ok"
"管理端","pagesImp/card/components/HM-dragSorts/HM-dragSorts.wxss",".wxss","11843","502","f31872ccbf36948400605090f988874616211431b5c90737aaa6dac6f85e07dc","first_party_compiled","ok"
"管理端","pagesImp/card/components/manyAppointInfo.js",".js","4516","163","986e34eaca1b3ae8538e44f8f89cddc82ecff7e923926e2c1e5fcf6ab5454540","first_party_compiled","ok"
"管理端","pagesImp/card/components/manyAppointInfo.json",".json","454","13","30e1472456afc7f2aa659b73d52772aea1648bc4293c27fcec7ee3f5d7d01a68","first_party_compiled","ok"
"管理端","pagesImp/card/components/manyAppointInfo.wxml",".wxml","3005","25","7920b25d6a8ec70ebba0de235209d7b25a597a6ad17c36d6d072704adbabc8cd","first_party_compiled","ok"
"管理端","pagesImp/card/components/manyAppointInfo.wxss",".wxss","696","34","19a13ca05232be9f69ca096e7017e8ee1ade8e075fce42c27556ecb0d1869e35","first_party_compiled","ok"
"管理端","pagesImp/card/components/period/index.js",".js","8250","270","2903ebd473050b556f39040d783366c01c6387f965906f2d530c76320dfd682d","first_party_compiled","ok"
"管理端","pagesImp/card/components/period/index.json",".json","454","13","2fa119c3aaf06819039223216ce63cf45b6a8104e42151246741ff12ac083e59","first_party_compiled","ok"
"管理端","pagesImp/card/components/period/index.wxml",".wxml","4089","44","84fcd1e110919a940bd11fec5bd1d72c68f0e778f068e24985b922a2b585dfd2","first_party_compiled","ok"
"管理端","pagesImp/card/components/period/index.wxss",".wxss","1329","59","f804d3c7063e6500d87b8a23e06a106644ed116759e98526438df391f49946d9","first_party_compiled","ok"
"管理端","pagesImp/card/components/quantity.js",".js","5631","187","ef3d81661af1c397d3155a10428d5c2d24427f8f3ec8b69cecf299eacf2caa52","first_party_compiled","ok"
"管理端","pagesImp/card/components/quantity.json",".json","460","13","bc11c999d517f9ac9ca44803bea34d7392a8eff15bf69632d77e2d82181b4073","first_party_compiled","ok"
"管理端","pagesImp/card/components/quantity.wxml",".wxml","6591","58","ca6a5d7126cbf5bbfc1161a085abc9a9742d241ae436189473bb0b5685e609c1","first_party_compiled","ok"
"管理端","pagesImp/card/components/quantity.wxss",".wxss","1320","56","6f07599a65a881e991e3f9d7640e098903f858f3ab8dc7fc6a3140e1e525a8e3","first_party_compiled","ok"
"管理端","pagesImp/card/components/quota.js",".js","13551","403","a009b46c19d6529253e1e8f92f7395001542af2f1f9158c23ff4f157b2331634","first_party_compiled","ok"
"管理端","pagesImp/card/components/quota.json",".json","384","12","ad9a5da3164fcf394eadbaad1304c52ac95714cab29539a99d5584ccead03eec","first_party_compiled","ok"
"管理端","pagesImp/card/components/quota.wxml",".wxml","9502","87","47fab7b9f5080563c834eaf6043a8099acfe3cfb1a56769eda5d24fa98437c4e","first_party_compiled","ok"
"管理端","pagesImp/card/components/quota.wxss",".wxss","4037","187","bedc3904a3785fcb0a462b93f22c4ce593a918796e763bb6c36701c9907fa3b3","first_party_compiled","ok"
"管理端","pagesImp/card/components/timeQuota.js",".js","7989","268","a05700e3bc279e0462ae5fd990491d5e3bee5209ce93be8385294236b1e04c49","first_party_compiled","ok"
"管理端","pagesImp/card/components/timeQuota.json",".json","329","11","b949fa35d831c36fed43cfe21d16b9f9cc04a2bf727efbe8e4c24f0cd98c6df8","first_party_compiled","ok"
"管理端","pagesImp/card/components/timeQuota.wxml",".wxml","2940","37","31e90644f5b8b21c7aecc32b1d4540b5ad989f5b032efa53dfc3fcc20ae67adc","first_party_compiled","ok"
"管理端","pagesImp/card/components/timeQuota.wxss",".wxss","1207","50","59acd6da5b0f41606b015b789ec5a8ab6ada6456c42728915634ad9680baff7f","first_party_compiled","ok"
"管理端","pagesImp/card/components/usePer.js",".js","4047","147","a7a885e27b9217a0ceec8bade73110aa892956877f3d0cccb9387d52fd661e31","first_party_compiled","ok"
"管理端","pagesImp/card/components/usePer.json",".json","454","13","30e1472456afc7f2aa659b73d52772aea1648bc4293c27fcec7ee3f5d7d01a68","first_party_compiled","ok"
"管理端","pagesImp/card/components/usePer.wxml",".wxml","2940","25","a62a90a5baa18b8bd25cd4987044d7a3d0e10f7f55e2c79445bc4dc0b2f9ec76","first_party_compiled","ok"
"管理端","pagesImp/card/components/usePer.wxss",".wxss","563","28","b198af48eb035c2b6f26949291986bb919a940a67522226cb314a1635420deb0","first_party_compiled","ok"
"管理端","pagesImp/card/components/valueQuota/add.js",".js","3991","152","147a44a4a3a1ebbdd6ea5e98ae5419575c70633b075b662004c1e3b4c0508d67","first_party_compiled","ok"
"管理端","pagesImp/card/components/valueQuota/add.json",".json","219","9","f93ffe247a6e575479e3516920ff391c66e7711b13007a0d4c172663d749919d","first_party_compiled","ok"
"管理端","pagesImp/card/components/valueQuota/add.wxml",".wxml","1493","15","9a66392d41055d0fdd5da6a607de483320727e2a3decd19de55f89f464a99156","first_party_compiled","ok"
"管理端","pagesImp/card/components/valueQuota/add.wxss",".wxss","515","25","bd3bfc6d9b404b307eb01d7f1f413a46a053822c18c01b33d95260de081570df","first_party_compiled","ok"
"管理端","pagesImp/card/components/valueQuota/index.js",".js","6780","222","8a1935e523b9fd09e64eb92f51d35baad3983e76df22187a152e18826b64c43a","first_party_compiled","ok"
"管理端","pagesImp/card/components/valueQuota/index.json",".json","387","12","02a26bf8a9e5a6990b5e0258a4901d6a1e53a0159e4248fbf9c5ba17dff6e87f","first_party_compiled","ok"
"管理端","pagesImp/card/components/valueQuota/index.wxml",".wxml","4206","45","da5e95df6c29095b8174b389df6cea47b0edbe21bbbafda563167f5e59f89549","first_party_compiled","ok"
"管理端","pagesImp/card/components/valueQuota/index.wxss",".wxss","1252","53","4942987f4bc8af2c4f3bdff40e09ec4c304770a8321c5b66e34e0d2ac3651b6f","first_party_compiled","ok"
"管理端","pagesImp/card/create/create.js",".js","2910","110","3ba5f0230860e922e7c82b3a752985af32010b65aaa14f50f51c6ffa0c7e326d","first_party_compiled","ok"
"管理端","pagesImp/card/create/create.json",".json","247","9","c3f9da3f885230f9f2d645c1355f8cf3494d272dd08eba4c8164a7c8cba75b8c","first_party_compiled","ok"
"管理端","pagesImp/card/create/create.wxml",".wxml","2019","30","1a05b7244c7afa8189b0f3395554768c12b7d4af4fa8fe7e23ab2bfd6c5279c4","first_party_compiled","ok"
"管理端","pagesImp/card/create/create.wxss",".wxss","797","36","4d5930a88fcedc20d65212f627e6a07296c4fc758e48917e77bfba875b9c6271","first_party_compiled","ok"
"管理端","pagesImp/card/home/del-card-tp.js",".js","8013","253","c79f23ac908860cee2df26f5f80483727580be112a5618db45be89ea920d9e51","first_party_compiled","ok"
"管理端","pagesImp/card/home/del-card-tp.json",".json","649","16","17a88489f8277a8c2226e2b5193da26252aa70cff5844da9847072f37a353fba","first_party_compiled","ok"
"管理端","pagesImp/card/home/del-card-tp.wxml",".wxml","5314","65","a9505488eb318685d8f12e59b35304a82af99bb57f46473ef57fc10a0f4bdadc","first_party_compiled","ok"
"管理端","pagesImp/card/home/del-card-tp.wxss",".wxss","4697","237","f89400841e5069f2d08a79eaeb82cf9f92f21914d66261f7453573e05996bbd5","first_party_compiled","ok"
"管理端","pagesImp/card/home/del-card.js",".js","7939","251","d6600204241a22898a712484fe2325c085248eb1b6bd76f488537b593022afd9","first_party_compiled","ok"
"管理端","pagesImp/card/home/del-card.json",".json","649","16","17a88489f8277a8c2226e2b5193da26252aa70cff5844da9847072f37a353fba","first_party_compiled","ok"
"管理端","pagesImp/card/home/del-card.wxml",".wxml","5314","65","44bea0e10489051d82923e93bc024c1fd44c72fb948988517595a6e304f56a28","first_party_compiled","ok"
"管理端","pagesImp/card/home/del-card.wxss",".wxss","4697","237","36c836609b53cc55b976027b271bbc99a2fc3acf76a33d496f200f4d3bd77c99","first_party_compiled","ok"
"管理端","pagesImp/card/home/home.js",".js","20327","546","fb40113a66287fc2a818daac29726b6067022588d8dd894d912bd661fa38368d","first_party_compiled","ok"
"管理端","pagesImp/card/home/home.json",".json","741","17","97034bdca5abbf4328936583111fb93c57e7a03e7cb8fd838fcb9d9a19c864d8","first_party_compiled","ok"
"管理端","pagesImp/card/home/home.wxml",".wxml","7440","88","9c0b539cc0cd1bd8301afdbd68a83b7fc63f37a908c36a7ff026ec38cdb3dd38","first_party_compiled","ok"
"管理端","pagesImp/card/home/home.wxss",".wxss","6549","296","bf3a449bb883f1d2f8d0cf7ef590029a41d69c41cfc15dfb79319654f43a75ef","first_party_compiled","ok"
"管理端","pagesImp/card/member-card/index-tp.js",".js","28895","808","22c2cb64b878a6e1f4eb76d41a449184c491527def4d999143f33aa34736d21d","first_party_compiled","ok"
"管理端","pagesImp/card/member-card/index-tp.json",".json","1499","31","b3dc20098656638da913a51854189481a49bfd7df3a753a3473b0fdcec55c234","first_party_compiled","ok"
"管理端","pagesImp/card/member-card/index-tp.wxml",".wxml","19245","147","5b572af8e5e67b963036f921b0b4b1d77da96d6a5543d9afefb8567f23510d9d","first_party_compiled","ok"
"管理端","pagesImp/card/member-card/index-tp.wxss",".wxss","4989","208","3eaec172b4c630b603094eda3ffb9fe0b3c9984e15961bdea0c413b928d1b6ce","first_party_compiled","ok"
"管理端","pagesImp/card/member-card/index.js",".js","34258","940","b35f531d766034a80fa4b0fd654e85f907cb05bffe2b952cbf3603842909d319","first_party_compiled","ok"
"管理端","pagesImp/card/member-card/index.json",".json","1848","36","ee04aaf09575bd326f6a6570c083b584458e803dcfa9ac7f1acf262274123e2a","first_party_compiled","ok"
"管理端","pagesImp/card/member-card/index.wxml",".wxml","23773","169","047a495440b3c5541fe0a9ade53d48ac6d9d86c429da785bef0eaec38f7e2a3b","first_party_compiled","ok"
"管理端","pagesImp/card/member-card/index.wxss",".wxss","5155","225","fbf3b7ba03ee1c2df4b5bcd87c66cdcaca0205e2147b1b3bd7a23749c092357f","first_party_compiled","ok"
"管理端","pagesImp/card/setting-more-subject/index.js",".js","25278","649","2083ec2f5d04e522db357f772e65a1b87b9918c034126c3cd29dd58378170cb0","first_party_compiled","ok"
"管理端","pagesImp/card/setting-more-subject/index.json",".json","547","14","0104a245238cf91f266893318a9d86265ef9cc6cf10e7f7fcdefe46678a5ae50","first_party_compiled","ok"
"管理端","pagesImp/card/setting-more-subject/index.wxml",".wxml","3232","27","1b932e0ccc4f2b749b8dc42a0a69ed8d38d663f46453daa1040c6e59320a70a3","first_party_compiled","ok"
"管理端","pagesImp/card/setting-more-subject/index.wxss",".wxss","19334","882","f15fbd3c76c91b3a155b1b4ad65011c780c29a0a9e283a097e8195083c78ef3b","first_party_compiled","ok"
"管理端","pagesImp/card/setting-single-subject/index.js",".js","26505","682","024fd696d3df95fd8aa9db5b1c604ba1a96a921a1757c5910dfd738f9cd778c7","first_party_compiled","ok"
"管理端","pagesImp/card/setting-single-subject/index.json",".json","747","17","b9b8f6773498823bae628c19b5d8cf80ae0ed960ca7ff4ef9c4af96069be0cbf","first_party_compiled","ok"
"管理端","pagesImp/card/setting-single-subject/index.wxml",".wxml","4618","41","1d58fc288a3ad78d293219a0560dc8d04afe07a92de831f58229125b8a9afc26","first_party_compiled","ok"
"管理端","pagesImp/card/setting-single-subject/index.wxss",".wxss","20307","930","16da7e3adeb114b13b76823a296059a7eddb5721a285244c228bdb9a263a81d6","first_party_compiled","ok"
"管理端","pagesImp/components/ff-editor/ff-editor.js",".js","4701","170","fff6fb1af21ca0b05d93129d1280d1323b0013f11f32b74cbe5daccd56be91b5","first_party_compiled","ok"
"管理端","pagesImp/components/ff-editor/ff-editor.json",".json","219","9","f93ffe247a6e575479e3516920ff391c66e7711b13007a0d4c172663d749919d","first_party_compiled","ok"
"管理端","pagesImp/components/ff-editor/ff-editor.wxml",".wxml","1768","25","4bee5e7a02b7e9c4e344560b87eeb050dc150aebe8af811bf6b7b230e8681d7a","first_party_compiled","ok"
"管理端","pagesImp/components/ff-editor/ff-editor.wxss",".wxss","14917","309","257184cd6c730d44a36499980359dea927c7f4f5dd43906141f32aa2b98e0737","first_party_compiled","ok"
"管理端","pagesImp/components/nodata/nodatalongword.js",".js","3276","117","07cd436fce379e686400718f6c67708f0cf8b9411d88c2b0967b36ae54a8a15d","first_party_compiled","ok"
"管理端","pagesImp/components/nodata/nodatalongword.json",".json","112","7","dd1d5510e387f6560f9f37b98c86e4f31cb6d9b00ea6fed32dc33283f71755dd","first_party_compiled","ok"
"管理端","pagesImp/components/nodata/nodatalongword.wxml",".wxml","220","5","ca6f4ecc426513ce6e25bb3195335d8ab4658f119e20d318460bdea003f493a6","first_party_compiled","ok"
"管理端","pagesImp/components/nodata/nodatalongword.wxss",".wxss","373","20","4b8fe766d793daa6a2da4ecb63f7d30c595bfa0ec0ae734b0805a34f995a4ede","first_party_compiled","ok"
"管理端","pagesImp/QRcode/QRcode.js",".js","2339","93","015085f95b258516a6443364c82e896004d5af02f7c889dc1bd72a7c79bf11a1","first_party_compiled","ok"
"管理端","pagesImp/QRcode/QRcode.json",".json","218","9","022f5d3b2301756339c9d67caba739268e77108d272c4d8bbf383b854044a3dd","first_party_compiled","ok"
"管理端","pagesImp/QRcode/QRcode.wxml",".wxml","967","20","321eda378a330a0390446bd095c9c3162c19cf2b1dda3c6ca3d2fa99caa1a698","first_party_compiled","ok"
"管理端","pagesImp/QRcode/QRcode.wxss",".wxss","1099","54","f1a6979ca12e1911563007b2400fc7a7baf51b8d58d052fd647cf9e437fa2ec0","first_party_compiled","ok"
"管理端","pagesImp/shop/setting/personal/nickname-edit.js",".js","5856","197","90720e708fb585ab2c26e1c5b6696a00bd0af195a3847e43e3339afcd85d5728","first_party_compiled","ok"
"管理端","pagesImp/shop/setting/personal/nickname-edit.json",".json","484","14","1c946e54afe5646fe7cf05204a6fdfd3f3e606fb4ec28ef39f3309eef1c0b819","first_party_compiled","ok"
"管理端","pagesImp/shop/setting/personal/nickname-edit.wxml",".wxml","1477","15","0c35e0c0991df88cd68cc26267468adf8385d0846301d52878a11e20f5b9b5d9","first_party_compiled","ok"
"管理端","pagesImp/shop/setting/personal/nickname-edit.wxss",".wxss","778","32","1babe780e78604b8f0093bc2e04eb627ac05c4be39111ee9559b45509cbdab9c","first_party_compiled","ok"
"管理端","pagesImp/shop/setting/personal/personal.js",".js","6405","213","237d3f31d347b4f9539d7970317c29d3fcf2f2cb1e0eec7216665f2b6d560f67","first_party_compiled","ok"
"管理端","pagesImp/shop/setting/personal/personal.json",".json","414","13","32fba7621a281d564429db37537c131877c90740d96026d35847273be017ad1c","first_party_compiled","ok"
"管理端","pagesImp/shop/setting/personal/personal.wxml",".wxml","3604","37","67aeb2b915eaee049598a924ec8435a2a0d74c061e8c13fbb09f464377defa91","first_party_compiled","ok"
"管理端","pagesImp/shop/setting/personal/personal.wxss",".wxss","2236","90","cd395516010a4756b2e9f96c04c0d656bfda5ac50ebe2b39e5887b35aa64efd9","first_party_compiled","ok"
"管理端","pagesImp/shop/setting/personal/phone-edit.js",".js","7404","233","d38278628540aca9d9678b5d68251f918db56bbe6d6f7e71fd40eba36b6ba984","first_party_compiled","ok"
"管理端","pagesImp/shop/setting/personal/phone-edit.json",".json","484","14","1c946e54afe5646fe7cf05204a6fdfd3f3e606fb4ec28ef39f3309eef1c0b819","first_party_compiled","ok"
"管理端","pagesImp/shop/setting/personal/phone-edit.wxml",".wxml","1789","16","98a2d9f4ebdd69587a335a535a7db333174411b86e8786a456e1519747c5ada7","first_party_compiled","ok"
"管理端","pagesImp/shop/setting/personal/phone-edit.wxss",".wxss","1528","66","44f90f3e7601a648716374497762cf44d38bb65eed9b93dea226c1145dec80e0","first_party_compiled","ok"
"管理端","pagesImp/shop/setting/store/store-setting.js",".js","21338","600","97f7ad414e70a199884fcbb44277bc113164cc47a657cc7cc37f30e084de611e","first_party_compiled","ok"
"管理端","pagesImp/shop/setting/store/store-setting.json",".json","759","19","b089888e07a1e110f341052bcc3280337623f9b490a42836f49f15b53ba19aa0","first_party_compiled","ok"
"管理端","pagesImp/shop/setting/store/store-setting.wxml",".wxml","9557","76","1f7b09e131daca98531886246963d5c03899c1c43e19f1c93d6a141d1515f75c","first_party_compiled","ok"
"管理端","pagesImp/shop/setting/store/store-setting.wxss",".wxss","2922","121","617b41756ac21625ba8d073b8ad91b98f9ca0da627e6a8c81046069dd423c3cf","first_party_compiled","ok"
"管理端","pagesImp/shop/staff/components/identity-popup.js",".js","3705","135","3b32d08028cb3b3ad081e65a6c62c934babd8fc5ed0e223a282a2bd9b156aaeb","first_party_compiled","ok"
"管理端","pagesImp/shop/staff/components/identity-popup.json",".json","329","11","d87499494c9bae408da021269689ef1c607de6ee7f4c0862567a4785e5e529f1","first_party_compiled","ok"
"管理端","pagesImp/shop/staff/components/identity-popup.wxml",".wxml","2420","29","733813f661d4208d336b3cad7930ad6b45b5a53fa437d0d1cf6664cb0fcf481e","first_party_compiled","ok"
"管理端","pagesImp/shop/staff/components/identity-popup.wxss",".wxss","1670","84","7ec1bd9cfe91e29eac7e60930c50e3e15823fa27800793286137b8d016fd0678","first_party_compiled","ok"
"管理端","pagesImp/shop/staff/components/permission-popup.js",".js","14799","412","28a8f40bb59378223711464bc93aa507baafde59b54d70546cfe33596b1ea506","first_party_compiled","ok"
"管理端","pagesImp/shop/staff/components/permission-popup.json",".json","554","15","68390e8fef1f78b79d127e8600fdca6c0b45d32ec224a3f2fe795aaa857a5ffa","first_party_compiled","ok"
"管理端","pagesImp/shop/staff/components/permission-popup.wxml",".wxml","6669","62","d46e323aa5f87546c2e540746d44f788dce5483ac21aa5f8cf22a0520f0d0c3b","first_party_compiled","ok"
"管理端","pagesImp/shop/staff/components/permission-popup.wxss",".wxss","6458","326","e60347c2c954ba209717ec450d7d6dde4233fadb57bcf9b351ce1a156db5089e","first_party_compiled","ok"
"管理端","pagesImp/shop/staff/invited-share.js",".js","8497","254","3c887650939bc183fa6f2d55504cc77924dd9e913bfd872f435396f4ffef6a20","first_party_compiled","ok"
"管理端","pagesImp/shop/staff/invited-share.json",".json","342","12","53738971d06ea3dd947fdd4c44791c9225d50d25ea3ada6273ac64b5c1f9e511","first_party_compiled","ok"
"管理端","pagesImp/shop/staff/invited-share.wxml",".wxml","2219","25","17d4a7ff7125c5472f5fed0216976e5d399374f493e1282a20e20ddead1d2b0e","first_party_compiled","ok"
"管理端","pagesImp/shop/staff/invited-share.wxss",".wxss","2410","111","fe760c0df6cdb279610b32a07f2c2ad307f03a035158ab5caf145fff12717aba","first_party_compiled","ok"
"管理端","pagesImp/shop/staff/staff-edit.js",".js","36447","986","56cbefc88e23e96f9fa827408f0e7bd07abe1f572c964bd6b4facdfa4e363b94","first_party_compiled","ok"
"管理端","pagesImp/shop/staff/staff-edit.json",".json","1110","23","74a1eb465fe3a0f9750d6ae1e1105e4b9cff050266661c31074f188da9ac3e4f","first_party_compiled","ok"
"管理端","pagesImp/shop/staff/staff-edit.wxml",".wxml","10719","91","519e9075c4cee5fbeb2026244946b5d72eddbf61be063b38271ffd061597e539","first_party_compiled","ok"
"管理端","pagesImp/shop/staff/staff-edit.wxss",".wxss","11544","519","83cc33191c4b2b046bb6d0d02b23fa6e0ef36a5b172702313338c3cc5c32f848","first_party_compiled","ok"
"管理端","pagesImp/shop/staff/staff.js",".js","6988","229","47117fab9b07d241c1321db30d65224fa387bb893ef57be9268a01a910f750b7","first_party_compiled","ok"
"管理端","pagesImp/shop/staff/staff.json",".json","414","13","c5530bc07ab238fedf19eb469283eb4ed721546bbfdb39115364e5198ad70918","first_party_compiled","ok"
"管理端","pagesImp/shop/staff/staff.wxml",".wxml","6935","75","a3dbf4557921cbbd205ee3ec8470359bce2101446afe75adb3bba085fa766db9","first_party_compiled","ok"
"管理端","pagesImp/shop/staff/staff.wxss",".wxss","6775","338","beb87a35cf77d297ff68430feb12ae70de337b590b31edf5d24aba4e18db965c","first_party_compiled","ok"
"管理端","pagesImp/subject/subject-compontent/card-face.js",".js","4086","146","10c9e821f637210eba7ca6d286e79492ea85270662318e543bb9e07fe7af6e6f","first_party_compiled","ok"
"管理端","pagesImp/subject/subject-compontent/card-face.json",".json","161","8","f36e55140eeb0410a1d521af6dad794186af20cfa437767c8f34da032b82e8ec","first_party_compiled","ok"
"管理端","pagesImp/subject/subject-compontent/card-face.wxml",".wxml","1601","19","1b3756d68f9a38a4c51e664b6b7cc647f9af343184758f0802cc4c3edab830a6","first_party_compiled","ok"
"管理端","pagesImp/subject/subject-compontent/card-face.wxss",".wxss","1541","69","aa9df6750c74e7e8c736156d32bd645de89302c0d467c0e7c54614dfaff82925","first_party_compiled","ok"
"管理端","pagesImp/subject/subject-compontent/subject-card.js",".js","2743","108","a73ffcb90a2d6728e1d7ae679eae68cccce222b679f6b2f312d19b0b952bc761","first_party_compiled","ok"
"管理端","pagesImp/subject/subject-compontent/subject-card.json",".json","164","8","268064a967fba2277d7a454d04ba4cebdc654c8b8d00b12a598a15f2b310829c","first_party_compiled","ok"
"管理端","pagesImp/subject/subject-compontent/subject-card.wxml",".wxml","4306","49","19fc84adbef1e6c8b5b67463e1fe8196718aeed4d1541febe7ec7f23c5658a13","first_party_compiled","ok"
"管理端","pagesImp/subject/subject-compontent/subject-card.wxss",".wxss","4393","181","258b2c62427fb07068f92fb0c254c6e61abc2a217e2c6f02e7924ec63462993e","first_party_compiled","ok"
"管理端","pagesImp/subject/subject-compontent/subject-openrule.js",".js","4844","168","31a54fee8790d26881265c999ce37c292380ff4a4c1b5a69bd194bad6e50eb8c","first_party_compiled","ok"
"管理端","pagesImp/subject/subject-compontent/subject-openrule.json",".json","347","11","ea8e29e2e1933d043476846d3714311f39f45ec7599f2a9167572773ac02726f","first_party_compiled","ok"
"管理端","pagesImp/subject/subject-compontent/subject-openrule.wxml",".wxml","3685","41","23eb0b1f509d8719afda2e5f4d3a4b4fda64f700d688f067f431c57ac0f172bb","first_party_compiled","ok"
"管理端","pagesImp/subject/subject-compontent/subject-openrule.wxss",".wxss","1912","96","01646edd52684c6fc4b1192cee997dd62665bf763aac66c4f311d4d3657afe5d","first_party_compiled","ok"
"管理端","pagesImp/subject/subject-compontent/subject-persion.js",".js","3902","142","392919cf79a672f4cd8d0af9ee9287ce34b03f76b39beafed92bb2041ba9e115","first_party_compiled","ok"
"管理端","pagesImp/subject/subject-compontent/subject-persion.json",".json","213","9","8355336727e72a5609556f62760511096ed6600bdbd1e77f6916f72011c9033d","first_party_compiled","ok"
"管理端","pagesImp/subject/subject-compontent/subject-persion.wxml",".wxml","2257","30","fecb4b13aeeddda0404fdb63318b12cfa164d3f17f050e560af0da7321ff74b3","first_party_compiled","ok"
"管理端","pagesImp/subject/subject-compontent/subject-persion.wxss",".wxss","2511","128","d72e88b4697442fc37a0b3e3c8a8d6953326e8645376e0e20981d09529ca8b23","first_party_compiled","ok"
"管理端","pagesImp/subject/subject-compontent/subject-trainer.js",".js","4246","152","745870c3436b7ad19d73931622ba88bf09518fd6a8edb531a519ae8d2c629bab","first_party_compiled","ok"
"管理端","pagesImp/subject/subject-compontent/subject-trainer.json",".json","268","10","559bb72e093b9fe58d9a98f2680d7644f021a46d70fb425ccbfa7c95bc2ee3df","first_party_compiled","ok"
"管理端","pagesImp/subject/subject-compontent/subject-trainer.wxml",".wxml","2958","37","3fccd320011b7aa699fe8da9b83deaaf4d630bbfea643f5ffa5f26269232198b","first_party_compiled","ok"
"管理端","pagesImp/subject/subject-compontent/subject-trainer.wxss",".wxss","3105","140","de011462b55b412c54284bb4dbc1390b00614dd102ed6ad1a61efdf516a99f0e","first_party_compiled","ok"
"管理端","pagesImp/subject/subject-compontent/suject-classroom.js",".js","7198","221","1abed4a9357c48d39155e8070ad9810d552ca3364a989cdcb3e30c87d6e7c49d","first_party_compiled","ok"
"管理端","pagesImp/subject/subject-compontent/suject-classroom.json",".json","268","10","a1cf4eaf637a04e4e774703e0aa7fc7483e056529e078286c7a30c7af9d5c5ad","first_party_compiled","ok"
"管理端","pagesImp/subject/subject-compontent/suject-classroom.wxml",".wxml","3290","35","ac69432ade83b5f8717aac7010e383a17ef8c22875b7d962b771278e8882e722","first_party_compiled","ok"
"管理端","pagesImp/subject/subject-compontent/suject-classroom.wxss",".wxss","3265","127","af06b75ef1a836f39c6eef3d6b72ed5e8070ef4f4358028a514f49f8ed213201","first_party_compiled","ok"
"管理端","pagesImp/subject/subject-compontent/suject-creatcourse-popup.js",".js","4865","164","e2a3aca5fc77297ff335ec84ae4c06c71c7f013f82cfb7dac64f4335766196ac","first_party_compiled","ok"
"管理端","pagesImp/subject/subject-compontent/suject-creatcourse-popup.json",".json","274","10","ee7d58a0db72f3d7c9786dccdd9d40f0cef25fe9b07bd5d2090a91bb836f5ecd","first_party_compiled","ok"
"管理端","pagesImp/subject/subject-compontent/suject-creatcourse-popup.wxml",".wxml","1908","18","c10ac920be6d37198a9832ff059edb18d1e30fb575da3a4a719e03ca1d1a291f","first_party_compiled","ok"
"管理端","pagesImp/subject/subject-compontent/suject-creatcourse-popup.wxss",".wxss","298","13","c41b7d36ad71415b062e3be1cfa37be23af4794f6de6465c1d7b02c9a2f63696","first_party_compiled","ok"
"管理端","pagesImp/subject/subject-compontent/tag-popup.js",".js","7495","239","8df08ea88b55d30b1f19299b1042802d2fa3c162f3f3edfbd28bf14114d9ca6c","first_party_compiled","ok"
"管理端","pagesImp/subject/subject-compontent/tag-popup.json",".json","268","10","a1cf4eaf637a04e4e774703e0aa7fc7483e056529e078286c7a30c7af9d5c5ad","first_party_compiled","ok"
"管理端","pagesImp/subject/subject-compontent/tag-popup.wxml",".wxml","3083","32","246a5ee67cc38da1fa6635cbbce38289a71e126f56e5106229893299f508ae02","first_party_compiled","ok"
"管理端","pagesImp/subject/subject-compontent/tag-popup.wxss",".wxss","3472","137","7b9485e7b12663808041ec5439b2be540f9504071cb88afeb3de733afeca1867","first_party_compiled","ok"
"管理端","pagesImp/subject/subject-compontent/time-popup1.js",".js","9459","273","c384e8f51d2aa87f073ac823b5556fd9b96792f39f76f91298043f97251b8798","first_party_compiled","ok"
"管理端","pagesImp/subject/subject-compontent/time-popup1.json",".json","381","12","193ac514347c88ad27ef7b69cfb0375c6d0b5782e41bbe4847316c5662ed5d2d","first_party_compiled","ok"
"管理端","pagesImp/subject/subject-compontent/time-popup1.wxml",".wxml","4754","53","2cc66b2c8b6d3a2e670636a44e0d1113e4a9090b9602dffeb27fce4cc4f24ac9","first_party_compiled","ok"
"管理端","pagesImp/subject/subject-compontent/time-popup1.wxss",".wxss","2516","103","62aea350617ad905a2b3c54dcdd3422ab651c7ab4c10cd5ba6f825a2633fee06","first_party_compiled","ok"
"管理端","pagesImp/subject/subject-edit.js",".js","19398","536","053492f264ebb9420eac95c2e797f2a93dcca8aaa11ca576f0e4be867a1abb0e","first_party_compiled","ok"
"管理端","pagesImp/subject/subject-edit.json",".json","1240","25","bb35e0103779bd8c99fb49dc139c1697ddb9b25164ae1a7b4579454f38b63e1e","first_party_compiled","ok"
"管理端","pagesImp/subject/subject-edit.wxml",".wxml","12390","91","2835fe52f0eb5ca5f1c8c38aae8c681f6a3c200dbfc0437c16d8799cb53c2680","first_party_compiled","ok"
"管理端","pagesImp/subject/subject-edit.wxss",".wxss","5530","228","cd9b58db35198fd1b800ae182724fb7a374513ad45f1ede5786c8b777e264683","first_party_compiled","ok"
"管理端","pagesImp/subject/subject-personal-edit.js",".js","24087","661","82df1b6a9481173d73737a8d4387d877f8cc55e116b94a0eb8c830ffca0c63ab","first_party_compiled","ok"
"管理端","pagesImp/subject/subject-personal-edit.json",".json","1048","22","73ee10da6157f3472ba41b0f0d1e531fb74fe22b0445673e5a1c6714d693066b","first_party_compiled","ok"
"管理端","pagesImp/subject/subject-personal-edit.wxml",".wxml","14690","140","5f9980f35033b36bdf2fe9ef82b8a165f124fadcffac521b0d173c460edcc92a","first_party_compiled","ok"
"管理端","pagesImp/subject/subject-personal-edit.wxss",".wxss","8051","336","1113ed8c00588d71645fde9814b2f1c4aadee49321bfae4294c6eaa3a1685932","first_party_compiled","ok"
"管理端","pagesImp/subject/subject.js",".js","7798","249","021b3216ab29f7e91430f6ff38ed9dfb0497d74db71b57c29b89d9e0cd798cd4","first_party_compiled","ok"
"管理端","pagesImp/subject/subject.json",".json","640","16","d7c0f298d39f81bf91280b6d9237aa735bafef6af832e4f5a99e968e9062b9b3","first_party_compiled","ok"
"管理端","pagesImp/subject/subject.wxml",".wxml","3464","39","76debcb9a86839ed645ecfeef9499f06fd3b6d46210353dc5587ae4d71345ddd","first_party_compiled","ok"
"管理端","pagesImp/subject/subject.wxss",".wxss","1760","74","11f000f71950be280b8f73a075c7e80af495bd6dfed791660fa6cb23f1c04339","first_party_compiled","ok"
"管理端","pagesImp/subject/suject-choice-card.js",".js","22311","560","d74dbc2bee57692b02af8ca3bc91678f031fea820c511ee4b27676acf9c9378a","first_party_compiled","ok"
"管理端","pagesImp/subject/suject-choice-card.json",".json","995","22","be613f47abd3b8f67b68a735c2478d0e6a71f6f3c3ac7f9f60484a462cccd966","first_party_compiled","ok"
"管理端","pagesImp/subject/suject-choice-card.wxml",".wxml","16786","179","fb295497308f9c05bdb10bf4401c0e4365cefe2ca403462eff9d69f155731c37","first_party_compiled","ok"
"管理端","pagesImp/subject/suject-choice-card.wxss",".wxss","7012","312","3bf5e060bbacc55096d51c2ab348037bdc36b3bc027c14e032607093e4f39c87","first_party_compiled","ok"
"管理端","project.config.json",".json","863","38","6e275dd6eefae242a65b59d674d3b8c21ccc129c57f00bef42fb3f64b6448aad","first_party_compiled","ok"
"管理端","project.private.config.json",".json","561","21","dab8162df10d579c751b40c0173756f9f41839f37fce09c6583d3832e8d980cc","first_party_compiled","ok"
"管理端","static/.DS_Store",".ds_store","6148",,"2f7067c19e6b86ca93fa83bea5b3a8d86c28f924f3094ad2ddf0eb4c259e1c85","metadata","binary"
"管理端","static/imgs/bg-top-transparent.png",".png","2464",,"daf33d5299a7c8b40c5c63ec1d759db3d43f7fa3cc11c399b8e92ebfa385058c","asset","binary"
"管理端","static/imgs/laba.png",".png","2522",,"b5c75ef8523a48e0eb7e26ff604222f77adbc4af78b333c9f8faa1a5e8693edd","asset","binary"
"管理端","static/imgs/startlogo.png",".png","10684",,"02239ae8f9d7a14ec29d5f5044a72625854f425fba2c878fa9d83f60950903bd","asset","binary"
"管理端","static/tabbar/tabbar_course_icon.png",".png","1585",,"293cbc994e7d257a45af92cc4abc5e8281163a58306472f0af24e9b4d89a6067","asset","binary"
"管理端","static/tabbar/tabbar_course_selected_icon.png",".png","2601",,"938670f5e5af4497979a40367c0806c02cf99b0bce04225b1a9484b841faff31","asset","binary"
"管理端","static/tabbar/tabbar_home_icon.png",".png","1822",,"196e88d07b25572304b333e1d75d3a89c4000119c16913c7d8d09d386f99b5ac","asset","binary"
"管理端","static/tabbar/tabbar_home_selected_icon.png",".png","1766",,"c217ebee8d095bce65c4fc83c2c7f7d6dce11549b1a0afb9f20a867b0384c240","asset","binary"
"管理端","static/tabbar/tabbar_member_icon.png",".png","1737",,"719c287f8cdf8f80ebf3c33ee65c151bd56cb8d08d950612c59b0daae3c0628f","asset","binary"
"管理端","static/tabbar/tabbar_member_selected_icon.png",".png","2846",,"8c78c3a5bc484c4c8f6dd1cdc91a1f35052ee277a9f0ffa95d649a3d935c2f6d","asset","binary"
"管理端","static/tabbar/tabbar_report_icon.png",".png","1426",,"12d75d2309a1840d2c39ce655316aae31cf248cd58bb402a174cd04a440169f2","asset","binary"
"管理端","static/tabbar/tabbar_report_selected_icon.png",".png","1864",,"be3221095d554e4e565005a1e268b25b6b25495bff8ee6e59be55bfbecc3658f","asset","binary"
"管理端","static/tabbar/tabbar_shop_icon.png",".png","1947",,"7c79a0af96e681b1dcde18c0a4bde89a5a95fbc891aeeed9bd6a7b94c4b56ddd","asset","binary"
"管理端","static/tabbar/tabbar_shop_selected_icon.png",".png","3136",,"37bf4ae6bf8b37e771e3b3abedb6478475429f88bde416d958ada525e2c26daa","asset","binary"
"管理端","uview-ui/components/u-action-sheet/u-action-sheet.js",".js","4667","166","20ac862cf9613fa3c806e548c1067f23193df76c2b9e5972f380898621704118","third_party","ok"
"管理端","uview-ui/components/u-action-sheet/u-action-sheet.json",".json","167","8","d1dd43517de98b2784172634d410744c816b5129fa53b17f05dc514392a1ff29","third_party","ok"
"管理端","uview-ui/components/u-action-sheet/u-action-sheet.wxml",".wxml","1506","10","c0f2bf0a4f520a23bd6e272b2d41542c66e6909c6fec904923b6d8b60f6ae446","third_party","ok"
"管理端","uview-ui/components/u-action-sheet/u-action-sheet.wxss",".wxss","642","32","73038bfe6a114fc3166bcc4862ca69cecd57ae42c90acbc4220d80d5e4e83db5","third_party","ok"
"管理端","uview-ui/components/u-avatar-cropper/u-avatar-cropper.js",".js","6956","219","f00fa2145cfdb9b7c3245dcf653ecee74149bde64b3375960285a737365d51b8","third_party","ok"
"管理端","uview-ui/components/u-avatar-cropper/u-avatar-cropper.json",".json","180","8","e0115487db6f902b9d11e9683ec13925904c35462b0e1b6f8eb7d144356d2c50","third_party","ok"
"管理端","uview-ui/components/u-avatar-cropper/u-avatar-cropper.wxml",".wxml","1467","11","b6b7015b2e5c4b3a584c6ca05e9e9c33ecb9a065e21f3ec4e32ce0c915e1e923","third_party","ok"
"管理端","uview-ui/components/u-avatar-cropper/u-avatar-cropper.wxss",".wxss","1096","56","e42a3faa92c39d73bdb6886a7af15643a855c2182d5a4892316b8b8f01e5cf4f","third_party","ok"
"管理端","uview-ui/components/u-avatar-cropper/u-avatar-croppershop.js",".js","7207","225","fa4017b39512d5865a27d028524b5d971167c4ff54e44585ca6857cbab390fb4","third_party","ok"
"管理端","uview-ui/components/u-avatar-cropper/u-avatar-croppershop.json",".json","180","8","e9bcd135d93dadacc60fa5e12e976754198d1334fe8e2a628cd7b72e737d458c","third_party","ok"
"管理端","uview-ui/components/u-avatar-cropper/u-avatar-croppershop.wxml",".wxml","1435","11","6716cd8d327eadd221274cb881b6b5af8de1118669081c86f2775c2d1581406d","third_party","ok"
"管理端","uview-ui/components/u-avatar-cropper/u-avatar-croppershop.wxss",".wxss","1096","56","b0b75ef9b6f27e05eb35193debf14ea73504128dcdb5bb63aa89b3026f519d26","third_party","ok"
"管理端","uview-ui/components/u-badge-left/u-badge-left.js",".js","4360","148","38204f4a961be2cb5c89d9f1cb844f0d11586f348ad3bc8a96e5ba03fde89246","third_party","ok"
"管理端","uview-ui/components/u-badge-left/u-badge-left.json",".json","112","7","dd1d5510e387f6560f9f37b98c86e4f31cb6d9b00ea6fed32dc33283f71755dd","third_party","ok"
"管理端","uview-ui/components/u-badge-left/u-badge-left.wxml",".wxml","172","2","5104118859d8d3bd0a2b1496e732f3ac9afc7d78353dc51aae93750421107427","third_party","ok"
"管理端","uview-ui/components/u-badge-left/u-badge-left.wxss",".wxss","839","40","f7fef9ca05906f5a846296558eae2d6a168483934bafb39c0276f66998bd2266","third_party","ok"
"管理端","uview-ui/components/u-button/u-button.js",".js","7011","218","b265044db17b137bab8cdcdb0c99827074f319e8e01dea2a5fafe6d2d4be550f","third_party","ok"
"管理端","uview-ui/components/u-button/u-button.json",".json","112","7","dd1d5510e387f6560f9f37b98c86e4f31cb6d9b00ea6fed32dc33283f71755dd","third_party","ok"
"管理端","uview-ui/components/u-button/u-button.wxml",".wxml","1590","5","67062cecde4f4f086f0e76829485d283e6886dc536fa3a59669e6657b61d0e42","third_party","ok"
"管理端","uview-ui/components/u-button/u-button.wxss",".wxss","4951","213","517df8094c1a8c5b1d56b4e5950a62a1b056385471bd3a5c2df92243b1a5be41","third_party","ok"
"管理端","uview-ui/components/u-calendar/u-calendar.js",".js","15147","424","18b7e9e45e794bc9411e63ce54e045efdb7ac2d73aaa7e9fa1a2b50a133e5b0d","third_party","ok"
"管理端","uview-ui/components/u-calendar/u-calendar.json",".json","277","10","0af9bebb855d6fe52811ac2205b3a215f512cfe9e0f09752721a876c730d1591","third_party","ok"
"管理端","uview-ui/components/u-calendar/u-calendar.wxml",".wxml","4752","47","4462b3ef38b46dccfa51b14c6f238378efa540210004b495c29791cb41344f56","third_party","ok"
"管理端","uview-ui/components/u-calendar/u-calendar.wxss",".wxss","3091","140","9038c9756229fa9f8d1a07a36b7cb072c5738d2b357d4096588d1fb1c1e0ae98","third_party","ok"
"管理端","uview-ui/components/u-cell-group/u-cell-group.js",".js","2589","104","72acd474d4e26ec964f1af9f9b1e07d1bcdfb7450a4383d5d596db9a9291c05d","third_party","ok"
"管理端","uview-ui/components/u-cell-group/u-cell-group.json",".json","112","7","dd1d5510e387f6560f9f37b98c86e4f31cb6d9b00ea6fed32dc33283f71755dd","third_party","ok"
"管理端","uview-ui/components/u-cell-group/u-cell-group.wxml",".wxml","295","7","13c0e471834f0bb1461c8fcaa60212ef50aa6c025eb9f1dab804b735491eb005","third_party","ok"
"管理端","uview-ui/components/u-cell-group/u-cell-group.wxss",".wxss","255","14","92ced00a2005854a24531cb8e543fe1ccdcd917a4d384c262d151a4060096627","third_party","ok"
"管理端","uview-ui/components/u-cell-item/u-cell-item.js",".js","4919","177","df9221c90993bfd4373578dd2d7707cbfec79537389876ad12ff5fbd3eaba176","third_party","ok"
"管理端","uview-ui/components/u-cell-item/u-cell-item.json",".json","164","8","a4a1796bedd598923dcd4e92db8b25d672194470d65c8644423291463bf40202","third_party","ok"
"管理端","uview-ui/components/u-cell-item/u-cell-item.wxml",".wxml","1514","23","4935fe219c148fc7bb32c4df76d9d0320c92a3b054613b71247f3844d9a8f755","third_party","ok"
"管理端","uview-ui/components/u-cell-item/u-cell-item.wxss",".wxss","1737","86","4101d247249dcc0ae585784c1db0908f1ef40f7e9d212a03d47e38b2abccc917","third_party","ok"
"管理端","uview-ui/components/u-checkbox-group/u-checkbox-group.js",".js","3339","125","7a9f2677870100e1fa8bd5cc8da77fe5e1c0b796067659b3c6934890a1ffe07c","third_party","ok"
"管理端","uview-ui/components/u-checkbox-group/u-checkbox-group.json",".json","112","7","dd1d5510e387f6560f9f37b98c86e4f31cb6d9b00ea6fed32dc33283f71755dd","third_party","ok"
"管理端","uview-ui/components/u-checkbox-group/u-checkbox-group.wxml",".wxml","85","4","e41bead998135707951b80d998e77527eb7c2f44c2696c2d45c24042a5d8d389","third_party","ok"
"管理端","uview-ui/components/u-checkbox-group/u-checkbox-group.wxss",".wxss","0","0","e3b0c44298fc1c149afbf4c8996fb92427ae41e4649b934ca495991b7852b855","third_party","ok"
"管理端","uview-ui/components/u-checkbox/u-checkbox.js",".js","7049","227","776b7fdd1ca6de848021da0bf1658372019bb5e2dc2000e6d5ebf81229d001bf","third_party","ok"
"管理端","uview-ui/components/u-checkbox/u-checkbox.json",".json","164","8","a4a1796bedd598923dcd4e92db8b25d672194470d65c8644423291463bf40202","third_party","ok"
"管理端","uview-ui/components/u-checkbox/u-checkbox.wxml",".wxml","651","9","9a3c1954fb6bee165e4c952ed1765a856416cac003cec6b4298cd3b5e4087431","third_party","ok"
"管理端","uview-ui/components/u-checkbox/u-checkbox.wxss",".wxss","1285","55","8d45b52cdfc4936ecb405c895fd600ece9cb3fc0b82e22870c06d51ab698cc2a","third_party","ok"
"管理端","uview-ui/components/u-col/u-col.js",".js","3438","127","9a260b6a99b6e1b29c6b7edfbb980bccc730c38ee9839f16fa767497f87acfc4","third_party","ok"
"管理端","uview-ui/components/u-col/u-col.json",".json","112","7","dd1d5510e387f6560f9f37b98c86e4f31cb6d9b00ea6fed32dc33283f71755dd","third_party","ok"
"管理端","uview-ui/components/u-col/u-col.wxml",".wxml","357","4","7fa90edd369336f17fa1ddcef36a20d605e30fefc43a0eb5cce9dc036da6d50b","third_party","ok"
"管理端","uview-ui/components/u-col/u-col.wxss",".wxss","569","43","3b9607a96cf35a3bb45fa731fc95f37f752d47a07de80236efd621796b8ddabb","third_party","ok"
"管理端","uview-ui/components/u-divider/u-divider.js",".js","3376","122","9802ff18e45db1a63d8de4ad0c02c6813d507db0e8b2fc173af5625c926f70c4","third_party","ok"
"管理端","uview-ui/components/u-divider/u-divider.json",".json","112","7","dd1d5510e387f6560f9f37b98c86e4f31cb6d9b00ea6fed32dc33283f71755dd","third_party","ok"
"管理端","uview-ui/components/u-divider/u-divider.wxml",".wxml","728","8","21f028d5c4af8e4fd9a0e525efc17b7e68356989618464b4e15d80de34e88ea6","third_party","ok"
"管理端","uview-ui/components/u-divider/u-divider.wxss",".wxss","893","38","bb585096ef76ad002cb566d9e85edf937f5868525477d41ed82872b5ddefd5a1","third_party","ok"
"管理端","uview-ui/components/u-field/u-field.js",".js","6874","231","da9cd7bb1f1adc978ad2ff9d9a3291906eeae4184a7fbc8fe5125e38736ca9fd","third_party","ok"
"管理端","uview-ui/components/u-field/u-field.json",".json","164","8","a4a1796bedd598923dcd4e92db8b25d672194470d65c8644423291463bf40202","third_party","ok"
"管理端","uview-ui/components/u-field/u-field.wxml",".wxml","3254","24","6b4a5e9dbd0f4996a96f685bc926b0f1947ea7219b4fb00d38e3116ba4078306","third_party","ok"
"管理端","uview-ui/components/u-field/u-field.wxss",".wxss","1735","90","9a295de36a32aa767388a471e562e34919dc93ec1d0988958dbe5bca4b6a459a","third_party","ok"
"管理端","uview-ui/components/u-form-item/u-form-item.js",".js","9926","326","389c7301a517658882dee8cfdb2fa32e5b734da6131b9e5e368e791db38f3f2f","third_party","ok"
"管理端","uview-ui/components/u-form-item/u-form-item.json",".json","164","8","a4a1796bedd598923dcd4e92db8b25d672194470d65c8644423291463bf40202","third_party","ok"
"管理端","uview-ui/components/u-form-item/u-form-item.wxml",".wxml","1973","26","7db66d3a1be515cee9b99443e49d23250d3c55a3dc3413b2dcc50bc6216ba113","third_party","ok"
"管理端","uview-ui/components/u-form-item/u-form-item.wxss",".wxss","1609","73","850feea3bcee4dc5e3f74fbe2b87557bfbf4988c7c0135195fc413d00e92abba","third_party","ok"
"管理端","uview-ui/components/u-form/u-form.js",".js","3893","150","728c99373b6c86b2a6692e985cb2bdc2243c35c5e21a0d5c635d11dc6e51ec87","third_party","ok"
"管理端","uview-ui/components/u-form/u-form.json",".json","112","7","dd1d5510e387f6560f9f37b98c86e4f31cb6d9b00ea6fed32dc33283f71755dd","third_party","ok"
"管理端","uview-ui/components/u-form/u-form.wxml",".wxml","64","4","18f6a610c8a6efc694641b2f38f2bd1a68afcecd20c350782c8fff7c18f48975","third_party","ok"
"管理端","uview-ui/components/u-form/u-form.wxss",".wxss","0","0","e3b0c44298fc1c149afbf4c8996fb92427ae41e4649b934ca495991b7852b855","third_party","ok"
"管理端","uview-ui/components/u-gap/u-gap.js",".js","2716","104","b82aba7a4f91c5f8f3b05d040695b5e90df2940154f0eecec885a4fbdca691b9","third_party","ok"
"管理端","uview-ui/components/u-gap/u-gap.json",".json","112","7","dd1d5510e387f6560f9f37b98c86e4f31cb6d9b00ea6fed32dc33283f71755dd","third_party","ok"
"管理端","uview-ui/components/u-gap/u-gap.wxml",".wxml","65","2","9a9ed19f9a00db4a56c94d0d11a3ae4d702b09d6e8a9a42ebffea466326b07c2","third_party","ok"
"管理端","uview-ui/components/u-gap/u-gap.wxss",".wxss","0","0","e3b0c44298fc1c149afbf4c8996fb92427ae41e4649b934ca495991b7852b855","third_party","ok"
"管理端","uview-ui/components/u-icon/u-icon.js",".js","7992","250","717d471a3ec21101e18c78b7ca0542c199572e4c4d5a683c9d7506168f86fa29","third_party","ok"
"管理端","uview-ui/components/u-icon/u-icon.json",".json","112","7","dd1d5510e387f6560f9f37b98c86e4f31cb6d9b00ea6fed32dc33283f71755dd","third_party","ok"
"管理端","uview-ui/components/u-icon/u-icon.wxml",".wxml","1057","8","c35500e89bdc96275effdf7de9131296a80c40bad9aac4c6c411e46fc9aeb21d","third_party","ok"
"管理端","uview-ui/components/u-icon/u-icon.wxss",".wxss","49988","735","91503a5af53c97f2fa63548753c7ff05ea3e541bb1caea1b866357a45d1b3f64","third_party","ok"
"管理端","uview-ui/components/u-index-anchor/u-index-anchor.js",".js","3153","117","e94e8fada5880dc04b32d7d79093f4e7d8aa1a87de0d4d08bf43f6a575d460d4","third_party","ok"
"管理端","uview-ui/components/u-index-anchor/u-index-anchor.json",".json","112","7","dd1d5510e387f6560f9f37b98c86e4f31cb6d9b00ea6fed32dc33283f71755dd","third_party","ok"
"管理端","uview-ui/components/u-index-anchor/u-index-anchor.wxml",".wxml","400","9","b63c3e04dbf8b28501fbbab644159775347f2d9391b3b1f8eceb1da09f3483d2","third_party","ok"
"管理端","uview-ui/components/u-index-anchor/u-index-anchor.wxss",".wxss","319","17","7b228a5f601c3c598b042102d6b9a5dbfde395b05aec459b3257a72f4c142695","third_party","ok"
"管理端","uview-ui/components/u-index-list/u-index-list.js",".js","11213","324","4b02ac75fc459141d8619afe092ddc74e9fae8dc03d273ddb3d2a8e04e222e08","third_party","ok"
"管理端","uview-ui/components/u-index-list/u-index-list.json",".json","112","7","dd1d5510e387f6560f9f37b98c86e4f31cb6d9b00ea6fed32dc33283f71755dd","third_party","ok"
"管理端","uview-ui/components/u-index-list/u-index-list.wxml",".wxml","1063","12","f176366c002afa8d5625f9186193c0165a81d759615343489ab042603e7aa63d","third_party","ok"
"管理端","uview-ui/components/u-index-list/u-index-list.wxss",".wxss","1025","50","c4ea3f5da7a4bc52e1dd669f9372706b138ead8c9e2cbb93211a32e365f2c05e","third_party","ok"
"管理端","uview-ui/components/u-input/u-input.js",".js","6856","226","febbd41fd8535de1f70b849c4ff4660c21f2fe64d3cd0e18119d0ba911f07b07","third_party","ok"
"管理端","uview-ui/components/u-input/u-input.json",".json","164","8","a4a1796bedd598923dcd4e92db8b25d672194470d65c8644423291463bf40202","third_party","ok"
"管理端","uview-ui/components/u-input/u-input.wxml",".wxml","3122","16","0174981bbcd5efe8aa5b9b2b629bdffb0a7042419b22757e3f6703e420e5a39c","third_party","ok"
"管理端","uview-ui/components/u-input/u-input.wxss",".wxss","864","40","ba41923adb8470cca4f99d1d8e460cdb547b6239f125bb5f11489db6312f7beb","third_party","ok"
"管理端","uview-ui/components/u-line/u-line.js",".js","3243","115","9a1ff27553a3fe01ddbbf5b101ee47db8174d7230ac509ee1ced81468318cb1a","third_party","ok"
"管理端","uview-ui/components/u-line/u-line.json",".json","112","7","dd1d5510e387f6560f9f37b98c86e4f31cb6d9b00ea6fed32dc33283f71755dd","third_party","ok"
"管理端","uview-ui/components/u-line/u-line.wxml",".wxml","66","2","158d3c9f9d6211d0b71e2dec90b7ab19e0f9623be30c72e18ff2b7d9fb62e706","third_party","ok"
"管理端","uview-ui/components/u-line/u-line.wxss",".wxss","54","4","127c299f389e3072f2721343b689a0399ecff1670f9d2a9d0c423b905683415c","third_party","ok"
"管理端","uview-ui/components/u-loading/u-loading.js",".js","2922","114","f05f7fe78cd38e5f294e4ada32c646b0cfe68236e7b447e821f8deaa46ab6ce2","third_party","ok"
"管理端","uview-ui/components/u-loading/u-loading.json",".json","112","7","dd1d5510e387f6560f9f37b98c86e4f31cb6d9b00ea6fed32dc33283f71755dd","third_party","ok"
"管理端","uview-ui/components/u-loading/u-loading.wxml",".wxml","149","2","991b30c17166312f1707b09a1be3d06a48b9477495b1f2874413a7a907b38024","third_party","ok"
"管理端","uview-ui/components/u-loading/u-loading.wxss",".wxss","2844","48","36797ce74ca1649032d6c4f5b0ff139c384fb01b722bbacf6e0a64d908b7c610","third_party","ok"
"管理端","uview-ui/components/u-loadmore/u-loadmore.js",".js","4697","166","25a9f5000b6f023d27396435c32233907c889c1b0d3092d69521bb95ce155f07","third_party","ok"
"管理端","uview-ui/components/u-loadmore/u-loadmore.json",".json","225","9","5e1c4ed5eae778ee54efd2d143b694d244fd2f4a98daca86287a9ede9d07fc5a","third_party","ok"
"管理端","uview-ui/components/u-loadmore/u-loadmore.wxml",".wxml","1069","11","85c5487df09b1f19ac0c5c670e9cf34d75ba987247c63895a8cf307863a7356e","third_party","ok"
"管理端","uview-ui/components/u-loadmore/u-loadmore.wxss",".wxss","699","35","a5cf4a10216e8bc056676160c4acba27ed2e849bd45e935d3cbf8429d25b5882","third_party","ok"
"管理端","uview-ui/components/u-mask/u-mask.js",".js","4891","171","99d6da399eafb3802a7b19defa2cfcdc875cbbd2aaf851f603aeb059d6608270","third_party","ok"
"管理端","uview-ui/components/u-mask/u-mask.json",".json","112","7","dd1d5510e387f6560f9f37b98c86e4f31cb6d9b00ea6fed32dc33283f71755dd","third_party","ok"
"管理端","uview-ui/components/u-mask/u-mask.wxml",".wxml","309","4","c1241e40e9c77c3e670871634079ddc4c0389f1d99ce5d1ba0098c2a27a48e26","third_party","ok"
"管理端","uview-ui/components/u-mask/u-mask.wxss",".wxss","342","20","4219b775857c7685bc455dcc95a4605ed9231c02b681cd8ec366001cfa8f02f0","third_party","ok"
"管理端","uview-ui/components/u-modal/u-modal.js",".js","6192","214","adb7cf1a0011a2210e82b6839735a78d5f25a9312d0fb8b9689775d17a9cdea7","third_party","ok"
"管理端","uview-ui/components/u-modal/u-modal.json",".json","228","9","96aa24a323c26df6dd77e37a93dcede3969670d105a3c5c2b9cb56e2365724cb","third_party","ok"
"管理端","uview-ui/components/u-modal/u-modal.wxml",".wxml","2253","24","cf8bd8c6d09644fe8ca8122f3327415d7629ce131175aac261368d405c2f1268","third_party","ok"
"管理端","uview-ui/components/u-modal/u-modal.wxss",".wxss","733","37","72a66d94325cd09f25c1bab8c2b830df73f78428e2271f1bc6d3041608be4e00","third_party","ok"
"管理端","uview-ui/components/u-parse/libs/handler.wxs",".wxs","458","30","ec449f5f3e5b747995e6cd41a0aa0f66f2e5800b6d90f08758aa6a053091f102","third_party","ok"
"管理端","uview-ui/components/u-parse/libs/trees.js",".js","8121","247","b02145c46d933446a6f937f56c44b754b6eef8d992cc892aac378aa4dac8fdc7","third_party","ok"
"管理端","uview-ui/components/u-parse/libs/trees.json",".json","168","8","be2acfdf151b632a8fb0219e0a4e65c34cf723552c52387a6759c0036b752134","third_party","ok"
"管理端","uview-ui/components/u-parse/libs/trees.wxml",".wxml","7764","64","b1a8a0435aee6c68bed7d9420731449edfdb39bdbe9a7eea220db3cd5e14747a","third_party","ok"
"管理端","uview-ui/components/u-parse/libs/trees.wxss",".wxss","2009","154","1d4d7732fef854dfad80f9909dce9807b3329d3cb60e5af535bf41e2ec8c7d49","third_party","ok"
"管理端","uview-ui/components/u-parse/u-parse.js",".js","11069","317","e73c5f60ac64a11e3bbed721bce9846ab7562ef08191c00f5dc730a1c3128b6d","third_party","ok"
"管理端","uview-ui/components/u-parse/u-parse.json",".json","168","8","be2acfdf151b632a8fb0219e0a4e65c34cf723552c52387a6759c0036b752134","third_party","ok"
"管理端","uview-ui/components/u-parse/u-parse.wxml",".wxml","293","7","f54ef43d4ff8b6da0e40aceacbfecac2fffe06138b017110b2a465d4095aad89","third_party","ok"
"管理端","uview-ui/components/u-parse/u-parse.wxss",".wxss","162","17","c1cadf37285fa61723195e7c8b1df28bcabb75964641f0967bb4e0d2a54f1c4d","third_party","ok"
"管理端","uview-ui/components/u-picker/u-picker.js",".js","20130","570","20e2cf14cbb6c734fea57bc5c80cd7465ead7325a9c554f94387f350dcedb502","third_party","ok"
"管理端","uview-ui/components/u-picker/u-picker.json",".json","167","8","d1dd43517de98b2784172634d410744c816b5129fa53b17f05dc514392a1ff29","third_party","ok"
"管理端","uview-ui/components/u-picker/u-picker.wxml",".wxml","7239","75","0d7ff7678bc320dda14b05167e40d9961e99f70320d7220c60ca079e6eb06832","third_party","ok"
"管理端","uview-ui/components/u-picker/u-picker.wxss",".wxss","1370","70","e624cd570dddce6be8fbcf39fc232c0e50dbeb4a3dd9e62d9f1ee353c501e135","third_party","ok"
"管理端","uview-ui/components/u-popup/u-popup.js",".js","9076","283","84c356a58ba7959e834dd8a3228b87306e0f0e713e391a9f869b9001d0ab1f8f","third_party","ok"
"管理端","uview-ui/components/u-popup/u-popup.json",".json","216","9","d5c200f6025749976e83e3fdad1c764e1deb325a40a0ada72af35b8958980623","third_party","ok"
"管理端","uview-ui/components/u-popup/u-popup.wxml",".wxml","2181","18","c61a0ce1f125f6a74c354e50a1b5daa804008ecbf9486579b4b9000629026a97","third_party","ok"
"管理端","uview-ui/components/u-popup/u-popup.wxss",".wxss","1808","100","c2120cb0cc8e5412217a50849166bcdf3eb3b71dcb4daf7cfd9aad2164e94648","third_party","ok"
"管理端","uview-ui/components/u-radio-group/u-radio-group.js",".js","3845","140","f1e84b259ac66ee9ec6b7ccd110e583d97d30b24037a52fb846bb2e4bf052348","third_party","ok"
"管理端","uview-ui/components/u-radio-group/u-radio-group.json",".json","112","7","dd1d5510e387f6560f9f37b98c86e4f31cb6d9b00ea6fed32dc33283f71755dd","third_party","ok"
"管理端","uview-ui/components/u-radio-group/u-radio-group.wxml",".wxml","82","4","e1607b28d3a8f0a9ba23ace57eb418af0d3932645703782e9baef573e54e21d1","third_party","ok"
"管理端","uview-ui/components/u-radio-group/u-radio-group.wxss",".wxss","0","0","e3b0c44298fc1c149afbf4c8996fb92427ae41e4649b934ca495991b7852b855","third_party","ok"
"管理端","uview-ui/components/u-radio/u-radio.js",".js","8032","264","b74486d8c918c70a8cdb8bbfc62967e6e0f4e7baa322314bbb5c80888f5f91f8","third_party","ok"
"管理端","uview-ui/components/u-radio/u-radio.json",".json","164","8","a4a1796bedd598923dcd4e92db8b25d672194470d65c8644423291463bf40202","third_party","ok"
"管理端","uview-ui/components/u-radio/u-radio.wxml",".wxml","761","10","4a0edc771f39af982ea2fda09c922319c34ea076d6fa3822d9ad97a2e6a672d0","third_party","ok"
"管理端","uview-ui/components/u-radio/u-radio.wxss",".wxss","1578","69","18f1460e831c6d13251dbdf7105a5987e386d36dd25a1406d17f3079c6e00bf0","third_party","ok"
"管理端","uview-ui/components/u-rate/u-rate.js",".js","7184","236","50ca1c0e00cdf5ec7c9acdc162f6f93fab0975cf83ec01b204029a590d3e5347","third_party","ok"
"管理端","uview-ui/components/u-rate/u-rate.json",".json","164","8","a4a1796bedd598923dcd4e92db8b25d672194470d65c8644423291463bf40202","third_party","ok"
"管理端","uview-ui/components/u-rate/u-rate.wxml",".wxml","713","6","576552c94438773f5c950d539a0ebbce219b4cb9edd702359cd57b0c1d5c0522","third_party","ok"
"管理端","uview-ui/components/u-rate/u-rate.wxss",".wxss","188","11","b1e618cd106db463229ec431b4129152437ed83ff972ea9206d00c158c7ff21b","third_party","ok"
"管理端","uview-ui/components/u-row/u-row.js",".js","2918","114","65609265e85727b7729bb903c951585c8d71b016d79f55f8119bfec62f3c5239","third_party","ok"
"管理端","uview-ui/components/u-row/u-row.json",".json","112","7","dd1d5510e387f6560f9f37b98c86e4f31cb6d9b00ea6fed32dc33283f71755dd","third_party","ok"
"管理端","uview-ui/components/u-row/u-row.wxml",".wxml","198","4","6acce5e71a8615143acfff0efcee564dfa49eb9df5d858d4d57edb5c36ab721c","third_party","ok"
"管理端","uview-ui/components/u-row/u-row.wxss",".wxss","95","9","c925fdf732fec160afbfd0f83a1c687d520e5817671a6d4579a883c8dbc867d9","third_party","ok"
"管理端","uview-ui/components/u-search/u-search.js",".js","6323","216","2dae28259d451dcbe5ed78ffa3f0561bcde99a3f840a6bf9c160f0c825cfee5c","third_party","ok"
"管理端","uview-ui/components/u-search/u-search.json",".json","164","8","a4a1796bedd598923dcd4e92db8b25d672194470d65c8644423291463bf40202","third_party","ok"
"管理端","uview-ui/components/u-search/u-search.wxml",".wxml","1754","13","c6b373b9bf983ec6fea3218fc0a03e1b0b0bd78ccf3c0337ffec3eafc817d289","third_party","ok"
"管理端","uview-ui/components/u-search/u-search.wxss",".wxss","951","51","5afb697ad57aad4ab07010f550196451545e5aa1ede088e31f9ea33d835f9758","third_party","ok"
"管理端","uview-ui/components/u-select/u-select.js",".js","8960","283","6dbcad693037c0e753c979cffad0127ed24b1506b972e68ce9997e468e2c8ab4","third_party","ok"
"管理端","uview-ui/components/u-select/u-select.json",".json","167","8","d1dd43517de98b2784172634d410744c816b5129fa53b17f05dc514392a1ff29","third_party","ok"
"管理端","uview-ui/components/u-select/u-select.wxml",".wxml","2338","21","579f24411d7b90881c4552b220d812d240bfb148e4af53ecff30f092d43dbedf","third_party","ok"
"管理端","uview-ui/components/u-select/u-select.wxss",".wxss","1296","59","45eed2163442179c6cb5f9323d7c80069ff99ba9d149853f7510940bee2f92b3","third_party","ok"
"管理端","uview-ui/components/u-subsection/u-subsection.js",".js","10333","298","6f5fa0172329abebf19e18e2aa523f5ffbce3bc17df72caf55c561ea69305946","third_party","ok"
"管理端","uview-ui/components/u-subsection/u-subsection.json",".json","112","7","dd1d5510e387f6560f9f37b98c86e4f31cb6d9b00ea6fed32dc33283f71755dd","third_party","ok"
"管理端","uview-ui/components/u-subsection/u-subsection.wxml",".wxml","482","7","a0c2f73f94c099c6666af64d99257a2ac760e9e90cfe174a2ebc709717bc2fed","third_party","ok"
"管理端","uview-ui/components/u-subsection/u-subsection.wxss",".wxss","981","48","e8398285e8d19d4b32a58ed44450c9cc4d6344b8a550072e4676d281a3dc61f7","third_party","ok"
"管理端","uview-ui/components/u-swiper/u-swiper.js",".js","5715","193","2f46b5fa26b1fd5cc0bd4e0e71108b948795058f0c02f818fb6851cf9f606976","third_party","ok"
"管理端","uview-ui/components/u-swiper/u-swiper.json",".json","112","7","dd1d5510e387f6560f9f37b98c86e4f31cb6d9b00ea6fed32dc33283f71755dd","third_party","ok"
"管理端","uview-ui/components/u-swiper/u-swiper.wxml",".wxml","2606","23","50e364408cb11460789ef745b38c5568ae29514eab3b9b32e0930d10651af6a4","third_party","ok"
"管理端","uview-ui/components/u-swiper/u-swiper.wxss",".wxss","2011","91","ffb4610bd1de9ded4e6368fda98ad93961dfe9e4f97249f68dc050b575d3d9ba","third_party","ok"
"管理端","uview-ui/components/u-switch/u-switch.js",".js","4147","146","25f83f5bca676007d3988c4a6273022225837c557b5e1174885a17b6b240476d","third_party","ok"
"管理端","uview-ui/components/u-switch/u-switch.json",".json","173","8","01d9f4defb52b3fdefc8403bc3208ef3a8533f030340b64bee444c275f026233","third_party","ok"
"管理端","uview-ui/components/u-switch/u-switch.wxml",".wxml","523","6","edd7440a01b5fac37d86c23fed3107f6f242f37a378a0448a229cb6322022f34","third_party","ok"
"管理端","uview-ui/components/u-switch/u-switch.wxss",".wxss","1450","52","96a15443487a0206ead726b52b100b28ad75f51d708f4857ad0a07207612cb0d","third_party","ok"
"管理端","uview-ui/components/u-tabs/u-tabs.js",".js","9571","288","f28c70da63ebd93584134368ddb83a750e3b615873034351e9b40b2906b684bc","third_party","ok"
"管理端","uview-ui/components/u-tabs/u-tabs.json",".json","182","8","651f1dffc7150f8a9c8be88bbec228f1df5ba61ae06c399161344bf3e8d16cac","third_party","ok"
"管理端","uview-ui/components/u-tabs/u-tabs.wxml",".wxml","1065","12","959fc501a673734037540a34fedf3f664b5bb27efee0fb797cff703fed8fb709","third_party","ok"
"管理端","uview-ui/components/u-tabs/u-tabs.wxss",".wxss","744","36","6ffc5eec4bf303a12be3b7eb31b44f2a977cb9b5e2eb016ba676ad75794ebe55","third_party","ok"
"管理端","uview-ui/components/u-tag/u-tag.js",".js","4766","164","79cab32f37f26befad5255ae9294b3afa7fe566f34f1c07f378a2474a036abaf","third_party","ok"
"管理端","uview-ui/components/u-tag/u-tag.json",".json","164","8","a4a1796bedd598923dcd4e92db8b25d672194470d65c8644423291463bf40202","third_party","ok"
"管理端","uview-ui/components/u-tag/u-tag.wxml",".wxml","655","5","be9b698ed32b7fdbaa7dc6e707f1f975de801ed90bff50405bf786e134cc6bec","third_party","ok"
"管理端","uview-ui/components/u-tag/u-tag.wxss",".wxss","2333","108","0c243c642822cef56d5041a49a581e7f45639010e90c3574fd0312cac886fdc3","third_party","ok"
